{"type":"FeatureCollection","bbox":[125.245,43.804,125.297,43.838],"features":[{"type":"Feature","id":"node/3995466467","properties":{"place":"neighbourhood","name":"三家子"},"geometry":{"type":"Point","coordinates":[125.262777,43.812861]}},{"type":"Feature","id":"node/9749051019","properties":{"place":"suburb","name":"双德街道"},"geometry":{"type":"Point","coordinates":[125.276472,43.829323]}},{"type":"Feature","id":"node/9749051020","properties":{"place":"quarter","name":"科苑社区"},"geometry":{"type":"Point","coordinates":[125.282606,43.817578]}},{"type":"Feature","id":"node/9749051021","properties":{"place":"quarter","name":"保利社区"},"geometry":{"type":"Point","coordinates":[125.267106,43.833563]}},{"type":"Feature","id":"node/9749051022","properties":{"place":"quarter","name":"融创社区"},"geometry":{"type":"Point","coordinates":[125.262149,43.826226]}},{"type":"Feature","id":"node/9749051023","properties":{"place":"quarter","name":"富康社区"},"geometry":{"type":"Point","coordinates":[125.25877,43.833443]}},{"type":"Feature","id":"node/9749051024","properties":{"place":"quarter","name":"阳光社区"},"geometry":{"type":"Point","coordinates":[125.275995,43.829467]}},{"type":"Feature","id":"node/9749051026","properties":{"place":"quarter","name":"吉大社区"},"geometry":{"type":"Point","coordinates":[125.273298,43.826514]}},{"type":"Feature","id":"node/11110947802","properties":{"place":"quarter","name":"三佳社区"},"geometry":{"type":"Point","coordinates":[125.2521,43.81452]}},{"type":"Feature","id":"node/11110982507","properties":{"place":"quarter","name":"永信社区"},"geometry":{"type":"Point","coordinates":[125.253079,43.804061]}},{"type":"Feature","id":"node/13520756255","properties":{"place":"square","name":"五月花广场"},"geometry":{"type":"Point","coordinates":[125.276178,43.821793]}},{"type":"Feature","id":"node/13524166318","properties":{"place":"square","name":"东荣广场"},"geometry":{"type":"Point","coordinates":[125.278679,43.820558]}},{"type":"Feature","id":"node/13524166319","properties":{"place":"square","name":"唐敖庆广场"},"geometry":{"type":"Point","coordinates":[125.278648,43.822968]}},{"type":"Feature","id":"way/89954436","properties":{"building":"yes","name":"阳光大厦"},"geometry":{"type":"Polygon","coordinates":[[[125.284985,43.82953],[125.28498,43.829102],[125.285492,43.829101],[125.285497,43.829529],[125.284985,43.82953]]]}},{"type":"Feature","id":"way/89954439","properties":{"building":"retail","name":"前进广场"},"geometry":{"type":"Polygon","coordinates":[[[125.284214,43.828984],[125.284214,43.828795],[125.284122,43.828795],[125.284123,43.828563],[125.284264,43.828563],[125.284266,43.827638],[125.285375,43.827639],[125.285374,43.827916],[125.285478,43.827916],[125.285475,43.828986],[125.284214,43.828984]]]}},{"type":"Feature","id":"way/113779239","properties":{"natural":"water"},"geometry":{"type":"Polygon","coordinates":[[[125.292029,43.811557],[125.291979,43.811444],[125.292024,43.811304],[125.292113,43.811162],[125.292275,43.811126],[125.29243,43.811133],[125.292514,43.811203],[125.292505,43.81136],[125.292447,43.811485],[125.292335,43.811595],[125.292191,43.811622],[125.292093,43.811604],[125.292029,43.811557]]]}},{"type":"Feature","id":"way/235298716","properties":{"leisure":"pitch"},"geometry":{"type":"Polygon","coordinates":[[[125.24902,43.830749],[125.248364,43.831202],[125.247525,43.830569],[125.248172,43.830117],[125.24902,43.830749]]]}},{"type":"Feature","id":"way/236501688","properties":{"natural":"water"},"geometry":{"type":"Polygon","coordinates":[[[125.290659,43.804912],[125.290583,43.804938],[125.290109,43.805249],[125.290052,43.805358],[125.290271,43.805433],[125.290366,43.805516],[125.290572,43.805549],[125.290799,43.805486],[125.290968,43.805281],[125.291282,43.805457],[125.291864,43.805716],[125.291979,43.805558],[125.291162,43.805224],[125.290659,43.804912]]]}},{"type":"Feature","id":"way/236501689","properties":{"natural":"water"},"geometry":{"type":"Polygon","coordinates":[[[125.288133,43.803674],[125.288083,43.803974],[125.28834,43.804156],[125.288524,43.804156],[125.288659,43.804305],[125.288687,43.804029],[125.28851,43.803845],[125.288333,43.803717],[125.288133,43.803674]]]}},{"type":"Feature","id":"way/238387926","properties":{"natural":"wood","landuse":"village_green"},"geometry":{"type":"Polygon","coordinates":[[[125.289187,43.809432],[125.289352,43.80947],[125.289249,43.810388],[125.289133,43.810761],[125.288879,43.811392],[125.288723,43.811708],[125.287327,43.814112],[125.286983,43.814663],[125.286249,43.815635],[125.286278,43.815664],[125.286401,43.815694],[125.286356,43.815737],[125.286126,43.815756],[125.286041,43.815728],[125.28599,43.81568],[125.285937,43.815619],[125.28592,43.815536],[125.28606,43.815576],[125.286101,43.81556],[125.286252,43.815089],[125.286486,43.81456],[125.288725,43.810638],[125.289019,43.809972],[125.289187,43.809432]]]}},{"type":"Feature","id":"way/245976531","properties":{"leisure":"pitch","name":"吉林大学体育场"},"geometry":{"type":"Polygon","coordinates":[[[125.268239,43.820651],[125.268775,43.81976],[125.269549,43.820003],[125.269013,43.820894],[125.268239,43.820651]]]}},{"type":"Feature","id":"way/245985901","properties":{"building":"dormitory","name":"南苑一公寓"},"geometry":{"type":"Polygon","coordinates":[[[125.270231,43.818216],[125.270575,43.81764],[125.270719,43.817684],[125.270684,43.817743],[125.270709,43.817751],[125.270684,43.817792],[125.270657,43.817783],[125.270433,43.818158],[125.270634,43.818221],[125.270833,43.818283],[125.271057,43.817908],[125.27103,43.8179],[125.271056,43.817857],[125.271082,43.817865],[125.271116,43.817809],[125.271265,43.817855],[125.270921,43.818432],[125.270231,43.818216]]]}},{"type":"Feature","id":"way/245985927","properties":{"building":"dormitory","name":"文苑五公寓"},"geometry":{"type":"Polygon","coordinates":[[[125.270991,43.821829],[125.27096,43.821819],[125.27095,43.821836],[125.27089,43.821817],[125.270899,43.821801],[125.270543,43.82169],[125.270668,43.821483],[125.270807,43.821527],[125.270741,43.821638],[125.271048,43.821734],[125.270991,43.821829]]]}},{"type":"Feature","id":"way/245985954","properties":{"building":"yes","name":"文科实验楼"},"geometry":{"type":"Polygon","coordinates":[[[125.272517,43.821336],[125.272604,43.821186],[125.272678,43.821208],[125.272757,43.82107],[125.27328,43.821228],[125.273113,43.821515],[125.272517,43.821336]]]}},{"type":"Feature","id":"way/245992346","properties":{"landuse":"flowerbed"},"geometry":{"type":"Polygon","coordinates":[[[125.274796,43.823757],[125.274776,43.823789],[125.274709,43.823805],[125.274651,43.823774],[125.274647,43.823738],[125.274697,43.823699],[125.274747,43.8237],[125.274796,43.823757]]]}},{"type":"Feature","id":"way/245992347","properties":{"landuse":"flowerbed"},"geometry":{"type":"Polygon","coordinates":[[[125.275092,43.823674],[125.275079,43.823707],[125.275018,43.823733],[125.274965,43.823723],[125.274932,43.823671],[125.275003,43.823618],[125.275055,43.823627],[125.275092,43.823674]]]}},{"type":"Feature","id":"way/291174074","properties":{"landuse":"industrial"},"geometry":{"type":"Polygon","coordinates":[[[125.250345,43.834941],[125.250085,43.834712],[125.25181,43.833549],[125.253329,43.834267],[125.251283,43.835657],[125.250345,43.834941]]]}},{"type":"Feature","id":"way/297708333","properties":{"landuse":"railway"},"geometry":{"type":"Polygon","coordinates":[[[125.26,43.842531],[125.260733,43.842892],[125.261135,43.842982],[125.265019,43.843024],[125.265051,43.842],[125.264105,43.84135],[125.263656,43.840992],[125.26356,43.840856],[125.263546,43.840756],[125.263579,43.84059],[125.263682,43.840441],[125.266808,43.837062],[125.265746,43.836517],[125.26497,43.83735],[125.264808,43.837328],[125.26,43.842531]]]}},{"type":"Feature","id":"way/298032902","properties":{"landuse":"education","amenity":"university","name":"吉林大学（前卫南区）"},"geometry":{"type":"Polygon","coordinates":[[[125.283136,43.819752],[125.28009,43.819659],[125.277507,43.818471],[125.277443,43.818543],[125.272471,43.816221],[125.269684,43.814866],[125.269643,43.814878],[125.269193,43.816197],[125.269165,43.816236],[125.269069,43.816233],[125.267508,43.815229],[125.266792,43.81433],[125.261426,43.818567],[125.257846,43.821488],[125.257761,43.821624],[125.257751,43.821708],[125.257918,43.822732],[125.258005,43.822843],[125.260687,43.82412],[125.264775,43.82613],[125.26634,43.824394],[125.266822,43.823987],[125.268014,43.822746],[125.268407,43.822905],[125.268845,43.822353],[125.269648,43.822694],[125.269692,43.82261],[125.269752,43.822615],[125.269808,43.822519],[125.269939,43.822561],[125.269909,43.822614],[125.2729,43.823865],[125.273459,43.823707],[125.273738,43.824236],[125.27425,43.824424],[125.283323,43.824535],[125.28335,43.822352],[125.283217,43.822209],[125.283145,43.822085],[125.283108,43.821963],[125.283108,43.821788],[125.283126,43.821685],[125.283192,43.821591],[125.283375,43.821425],[125.283412,43.819951],[125.283136,43.819752]]]}},{"type":"Feature","id":"way/298032903","properties":{"landuse":"education","amenity":"university","name":"长春理工大学（西区）"},"geometry":{"type":"Polygon","coordinates":[[[125.295335,43.830493],[125.299228,43.830541],[125.299223,43.831921],[125.299957,43.831926],[125.299908,43.834379],[125.299093,43.83437],[125.29742,43.833796],[125.293694,43.833728],[125.293729,43.832604],[125.293823,43.83218],[125.294303,43.830479],[125.295335,43.830493]]]}},{"type":"Feature","id":"way/298033443","properties":{"leisure":"park","name":"百花园"},"geometry":{"type":"Polygon","coordinates":[[[125.272663,43.808764],[125.270946,43.808276],[125.270263,43.808264],[125.270257,43.809637],[125.270333,43.80981],[125.270333,43.810181],[125.270378,43.810248],[125.270375,43.810501],[125.27028,43.810499],[125.270278,43.810663],[125.270342,43.810668],[125.2704,43.810706],[125.27044,43.810747],[125.270444,43.810798],[125.270394,43.810851],[125.270367,43.810853],[125.270328,43.81081],[125.270286,43.81081],[125.27036,43.811023],[125.27043,43.811088],[125.270565,43.811147],[125.276488,43.812906],[125.277003,43.811866],[125.277869,43.810357],[125.277557,43.810269],[125.277196,43.810107],[125.272663,43.808764]]]}},{"type":"Feature","id":"way/299049709","properties":{"leisure":"park","name":"三佳湖公园"},"geometry":{"type":"Polygon","coordinates":[[[125.262555,43.809497],[125.262565,43.809825],[125.262418,43.810213],[125.262264,43.810431],[125.261831,43.810616],[125.260802,43.810863],[125.260485,43.811036],[125.260239,43.811211],[125.259631,43.811894],[125.25955,43.811914],[125.257586,43.81192],[125.257595,43.816948],[125.257649,43.817057],[125.258088,43.817414],[125.258163,43.81752],[125.258193,43.817649],[125.258194,43.817937],[125.258193,43.81825],[125.258164,43.818354],[125.258019,43.818534],[125.257468,43.818933],[125.257293,43.819038],[125.256968,43.819153],[125.256731,43.819198],[125.256542,43.819206],[125.254173,43.81921],[125.25405,43.819251],[125.253534,43.819525],[125.253518,43.819567],[125.25425,43.820258],[125.254411,43.820167],[125.25491,43.820081],[125.257085,43.819401],[125.258356,43.819041],[125.258634,43.818909],[125.258823,43.818779],[125.258975,43.818636],[125.259083,43.81849],[125.259221,43.818128],[125.259228,43.817918],[125.259176,43.817681],[125.259107,43.817531],[125.25898,43.817356],[125.25843,43.816809],[125.25834,43.816638],[125.258315,43.816496],[125.258327,43.816309],[125.258378,43.81617],[125.258984,43.815317],[125.259454,43.81549],[125.262483,43.816874],[125.26352,43.81603],[125.263444,43.815977],[125.263773,43.815723],[125.263852,43.815777],[125.266006,43.814057],[125.265918,43.813995],[125.265846,43.813992],[125.265357,43.814064],[125.265023,43.814315],[125.264941,43.81435],[125.263173,43.814582],[125.261559,43.813867],[125.261418,43.813729],[125.26136,43.813558],[125.261352,43.81328],[125.262235,43.811711],[125.263275,43.810875],[125.263266,43.810721],[125.263329,43.810327],[125.263423,43.81012],[125.263766,43.809732],[125.263886,43.809664],[125.264454,43.809646],[125.26448,43.809485],[125.264217,43.809449],[125.26398,43.809447],[125.262555,43.809497]]]}},{"type":"Feature","id":"way/299968580","properties":{"landuse":"construction"},"geometry":{"type":"Polygon","coordinates":[[[125.289249,43.830658],[125.289231,43.830473],[125.28928,43.830368],[125.294232,43.830434],[125.293857,43.831708],[125.292686,43.831696],[125.29256,43.831898],[125.292806,43.832007],[125.292729,43.832124],[125.29209,43.832101],[125.292084,43.831998],[125.291918,43.831999],[125.291877,43.832578],[125.29083,43.832565],[125.290763,43.832372],[125.29077,43.831871],[125.290746,43.831815],[125.290658,43.831759],[125.290657,43.831687],[125.289156,43.831666],[125.289174,43.830655],[125.289249,43.830658]]]}},{"type":"Feature","id":"way/303471485","properties":{"leisure":"park","name":"高科技广场"},"geometry":{"type":"Polygon","coordinates":[[[125.284165,43.81975],[125.286961,43.819786],[125.286773,43.819462],[125.286705,43.819438],[125.286546,43.819155],[125.286568,43.819091],[125.286415,43.818802],[125.286109,43.818774],[125.285843,43.818718],[125.284814,43.818431],[125.284755,43.818453],[125.284045,43.819658],[125.284072,43.819728],[125.284165,43.81975]]]}},{"type":"Feature","id":"way/314746239","properties":{"landuse":"grass"},"geometry":{"type":"Polygon","coordinates":[[[125.255039,43.818701],[125.255869,43.818708],[125.255871,43.818518],[125.256372,43.818523],[125.25658,43.818473],[125.256787,43.818366],[125.256925,43.818202],[125.256974,43.818038],[125.256937,43.817842],[125.256787,43.817682],[125.256621,43.817614],[125.256434,43.81759],[125.255802,43.817595],[125.255809,43.817312],[125.255049,43.817312],[125.255039,43.818701]]]}},{"type":"Feature","id":"way/314812227","properties":{"natural":"wood"},"geometry":{"type":"Polygon","coordinates":[[[125.295837,43.827155],[125.297182,43.827202],[125.297333,43.825731],[125.295809,43.825313],[125.295837,43.827155]]]}},{"type":"Feature","id":"way/314812232","properties":{"natural":"wood"},"geometry":{"type":"Polygon","coordinates":[[[125.28517,43.816416],[125.273863,43.812985],[125.273967,43.812788],[125.271674,43.812092],[125.269458,43.812179],[125.269942,43.811765],[125.270041,43.811814],[125.270213,43.811673],[125.270598,43.811534],[125.285218,43.815957],[125.285329,43.816137],[125.28517,43.816416]]]}},{"type":"Feature","id":"way/314815402","properties":{"natural":"wood"},"geometry":{"type":"Polygon","coordinates":[[[125.286851,43.838399],[125.28735,43.838408],[125.287359,43.837464],[125.286862,43.83746],[125.286851,43.838399]]]}},{"type":"Feature","id":"way/314816095","properties":{"building":"commercial","name":"天地源生活广场"},"geometry":{"type":"Polygon","coordinates":[[[125.284803,43.831788],[125.285833,43.831789],[125.285834,43.830933],[125.285862,43.830933],[125.285863,43.830568],[125.284862,43.830567],[125.284862,43.830935],[125.284771,43.830935],[125.284771,43.831175],[125.284813,43.831175],[125.284813,43.831291],[125.284861,43.831291],[125.28486,43.831608],[125.284803,43.831608],[125.284803,43.831788]]]}},{"type":"Feature","id":"way/314817056","properties":{"amenity":"university","name":"长春大学（西校区）"},"geometry":{"type":"Polygon","coordinates":[[[125.294958,43.827014],[125.291825,43.826965],[125.29181,43.827871],[125.290831,43.827861],[125.29083,43.827345],[125.289226,43.827326],[125.289163,43.829762],[125.294343,43.829841],[125.294374,43.828288],[125.294918,43.828291],[125.294958,43.827014]]]}},{"type":"Feature","id":"way/315759507","properties":{"landuse":"residential","name":"万科 柏翠园"},"geometry":{"type":"Polygon","coordinates":[[[125.294737,43.84237],[125.294792,43.838517],[125.292024,43.838492],[125.292034,43.837506],[125.289705,43.837487],[125.289696,43.838455],[125.287616,43.838439],[125.287549,43.841642],[125.288617,43.84167],[125.291499,43.841677],[125.291485,43.842348],[125.294737,43.84237]]]}},{"type":"Feature","id":"way/315759648","properties":{"landuse":"residential","name":"绿地 中央公馆"},"geometry":{"type":"Polygon","coordinates":[[[125.30048,43.820121],[125.301524,43.818227],[125.302425,43.817827],[125.300527,43.815567],[125.298249,43.814917],[125.295972,43.818774],[125.30048,43.820121]]]}},{"type":"Feature","id":"way/316008311","properties":{"landuse":"residential","name":"大禹城邦"},"geometry":{"type":"Polygon","coordinates":[[[125.287869,43.831675],[125.288186,43.831677],[125.288231,43.831654],[125.290657,43.831687],[125.290658,43.831759],[125.290746,43.831815],[125.29077,43.831871],[125.290763,43.832372],[125.29083,43.832565],[125.291877,43.832578],[125.291918,43.831999],[125.292084,43.831998],[125.29209,43.832101],[125.292729,43.832124],[125.292806,43.832007],[125.29256,43.831898],[125.292686,43.831696],[125.293857,43.831708],[125.293619,43.832585],[125.293599,43.833789],[125.295352,43.833829],[125.29535,43.835601],[125.289712,43.835539],[125.289118,43.835372],[125.289036,43.835673],[125.28817,43.835671],[125.288625,43.835156],[125.28863,43.835039],[125.28649,43.833915],[125.286259,43.833732],[125.285936,43.833623],[125.285959,43.83189],[125.286003,43.831852],[125.287109,43.831862],[125.287098,43.832441],[125.288464,43.832453],[125.288476,43.832119],[125.287886,43.831717],[125.287869,43.831675]]]}},{"type":"Feature","id":"way/316008431","properties":{"landuse":"residential","name":"融创 上城"},"geometry":{"type":"Polygon","coordinates":[[[125.257918,43.832429],[125.263588,43.826404],[125.257328,43.823299],[125.255222,43.823386],[125.25462,43.823683],[125.249161,43.826922],[125.257918,43.832429]]]}},{"type":"Feature","id":"way/316008748","properties":{"landuse":"residential","name":"保利·罗兰香谷"},"geometry":{"type":"Polygon","coordinates":[[[125.265249,43.835936],[125.258381,43.832644],[125.262677,43.828094],[125.264163,43.828095],[125.264151,43.828769],[125.264764,43.828772],[125.264754,43.829323],[125.265903,43.829329],[125.265905,43.829658],[125.266454,43.829673],[125.266813,43.829765],[125.26698,43.829863],[125.267209,43.830105],[125.268872,43.830118],[125.26886,43.830641],[125.269616,43.831032],[125.267905,43.833154],[125.265249,43.835936]]]}},{"type":"Feature","id":"way/316019799","properties":{"landuse":"residential","name":"阳光城"},"geometry":{"type":"Polygon","coordinates":[[[125.278383,43.824846],[125.282139,43.824844],[125.282139,43.824774],[125.283047,43.824777],[125.283029,43.827232],[125.282138,43.827229],[125.282144,43.827727],[125.28172,43.828096],[125.281548,43.828147],[125.281311,43.828152],[125.281129,43.828126],[125.279256,43.827317],[125.279385,43.827168],[125.27939,43.826998],[125.278545,43.827004],[125.277058,43.826344],[125.278383,43.824846]]]}},{"type":"Feature","id":"way/385966147","properties":{"building":"yes"},"geometry":{"type":"Polygon","coordinates":[[[125.246278,43.829966],[125.246405,43.830069],[125.246963,43.829708],[125.246836,43.829606],[125.246278,43.829966]]]}},{"type":"Feature","id":"way/385966149","properties":{"building":"yes"},"geometry":{"type":"Polygon","coordinates":[[[125.247093,43.829448],[125.24722,43.82955],[125.247791,43.829181],[125.247664,43.829079],[125.247093,43.829448]]]}},{"type":"Feature","id":"way/385966151","properties":{"building":"yes"},"geometry":{"type":"Polygon","coordinates":[[[125.252277,43.822714],[125.252513,43.822729],[125.252532,43.82258],[125.252296,43.822565],[125.252277,43.822714]]]}},{"type":"Feature","id":"way/385966155","properties":{"building":"yes"},"geometry":{"type":"Polygon","coordinates":[[[125.245983,43.831283],[125.246537,43.831729],[125.246726,43.831607],[125.246173,43.831161],[125.245983,43.831283]]]}},{"type":"Feature","id":"way/385966156","properties":{"building":"yes"},"geometry":{"type":"Polygon","coordinates":[[[125.247078,43.829798],[125.247326,43.829998],[125.247609,43.829815],[125.247361,43.829615],[125.247078,43.829798]]]}},{"type":"Feature","id":"way/385966157","properties":{"building":"yes"},"geometry":{"type":"Polygon","coordinates":[[[125.245823,43.829551],[125.245989,43.829684],[125.247323,43.828822],[125.247157,43.828689],[125.245823,43.829551]]]}},{"type":"Feature","id":"way/385966160","properties":{"building":"yes"},"geometry":{"type":"Polygon","coordinates":[[[125.252321,43.822506],[125.252544,43.822521],[125.252568,43.822329],[125.252345,43.822314],[125.252321,43.822506]]]}},{"type":"Feature","id":"way/385966162","properties":{"building":"yes","amenity":"hospital"},"geometry":{"type":"Polygon","coordinates":[[[125.252811,43.822915],[125.253151,43.822937],[125.253181,43.822695],[125.25343,43.822712],[125.25356,43.821684],[125.253311,43.821668],[125.253331,43.821514],[125.252991,43.821492],[125.252811,43.822915]]]}},{"type":"Feature","id":"way/392712725","properties":{"building":"commercial","name":"万旌国际"},"geometry":{"type":"Polygon","coordinates":[[[125.282674,43.828881],[125.281578,43.828425],[125.281467,43.828505],[125.281245,43.828756],[125.281167,43.828913],[125.281157,43.829386],[125.281987,43.829391],[125.282249,43.829368],[125.282764,43.828961],[125.282674,43.828881]]]}},{"type":"Feature","id":"way/395702623","properties":{"landuse":"residential","name":"绿地 海域中央墅"},"geometry":{"type":"Polygon","coordinates":[[[125.298563,43.806812],[125.29862,43.804038],[125.296096,43.803609],[125.296052,43.806066],[125.297286,43.806671],[125.297863,43.806732],[125.297816,43.806894],[125.29847,43.807157],[125.298538,43.807079],[125.298563,43.806812]]]}},{"type":"Feature","id":"way/395702808","properties":{"landuse":"residential","name":"保利 林语"},"geometry":{"type":"Polygon","coordinates":[[[125.279791,43.806276],[125.286198,43.808034],[125.288558,43.808649],[125.288664,43.805066],[125.288147,43.804524],[125.287814,43.804426],[125.285953,43.804417],[125.28599,43.80294],[125.285522,43.802763],[125.285029,43.802683],[125.282798,43.802656],[125.282761,43.804399],[125.279791,43.804381],[125.279791,43.806276]]]}},{"type":"Feature","id":"way/395702809","properties":{"landuse":"residential","name":"太阳世家"},"geometry":{"type":"Polygon","coordinates":[[[125.273374,43.802728],[125.279125,43.802682],[125.279125,43.806305],[125.277719,43.806329],[125.277215,43.806158],[125.27685,43.805934],[125.276486,43.805523],[125.276389,43.805167],[125.276389,43.804207],[125.273374,43.804223],[125.273374,43.802728]]]}},{"type":"Feature","id":"way/396868527","properties":{"landuse":"commercial","name":"吉林省东北亚文化创意科技园"},"geometry":{"type":"Polygon","coordinates":[[[125.266897,43.814451],[125.266792,43.81433],[125.268928,43.812592],[125.269245,43.812625],[125.269352,43.813076],[125.269258,43.813179],[125.26923,43.813296],[125.269265,43.81341],[125.269361,43.813521],[125.269493,43.813595],[125.269779,43.813634],[125.271491,43.813346],[125.272543,43.813647],[125.272478,43.813763],[125.273358,43.814019],[125.273057,43.814526],[125.275244,43.815189],[125.274232,43.81704],[125.272471,43.816221],[125.269684,43.814866],[125.269643,43.814878],[125.269193,43.816197],[125.269165,43.816236],[125.269069,43.816233],[125.267508,43.815229],[125.266897,43.814451]]]}},{"type":"Feature","id":"way/396869750","properties":{"landuse":"military"},"geometry":{"type":"Polygon","coordinates":[[[125.301783,43.829542],[125.301804,43.828855],[125.301708,43.828821],[125.301716,43.828572],[125.301825,43.828528],[125.301821,43.828382],[125.301526,43.828393],[125.301548,43.827946],[125.301487,43.827889],[125.30005,43.827837],[125.297348,43.827858],[125.297639,43.826244],[125.298679,43.826318],[125.298689,43.826121],[125.298522,43.826115],[125.298518,43.826017],[125.298376,43.826008],[125.298568,43.824984],[125.298537,43.824963],[125.296814,43.824946],[125.296787,43.825301],[125.296609,43.825294],[125.296606,43.825262],[125.295817,43.825252],[125.295716,43.829463],[125.301783,43.829542]]]}},{"type":"Feature","id":"way/445270917","properties":{"building":"apartments"},"geometry":{"type":"Polygon","coordinates":[[[125.284674,43.804629],[125.285116,43.804633],[125.285118,43.804533],[125.284676,43.804529],[125.284674,43.804629]]]}},{"type":"Feature","id":"way/445270918","properties":{"building":"apartments"},"geometry":{"type":"Polygon","coordinates":[[[125.284685,43.804942],[125.285127,43.804946],[125.285128,43.804846],[125.284686,43.804842],[125.284685,43.804942]]]}},{"type":"Feature","id":"way/445270919","properties":{"building":"apartments"},"geometry":{"type":"Polygon","coordinates":[[[125.284721,43.805253],[125.285163,43.805256],[125.285165,43.805157],[125.284723,43.805153],[125.284721,43.805253]]]}},{"type":"Feature","id":"way/445270920","properties":{"building":"apartments"},"geometry":{"type":"Polygon","coordinates":[[[125.285191,43.804631],[125.285633,43.804634],[125.285635,43.804535],[125.285193,43.804531],[125.285191,43.804631]]]}},{"type":"Feature","id":"way/445270921","properties":{"building":"apartments"},"geometry":{"type":"Polygon","coordinates":[[[125.285697,43.804637],[125.286139,43.80464],[125.286141,43.804541],[125.285699,43.804537],[125.285697,43.804637]]]}},{"type":"Feature","id":"way/445270922","properties":{"building":"apartments"},"geometry":{"type":"Polygon","coordinates":[[[125.285697,43.804946],[125.286139,43.80495],[125.286141,43.80485],[125.285699,43.804846],[125.285697,43.804946]]]}},{"type":"Feature","id":"way/445270923","properties":{"building":"apartments"},"geometry":{"type":"Polygon","coordinates":[[[125.285185,43.804942],[125.285627,43.804946],[125.285628,43.804846],[125.285186,43.804842],[125.285185,43.804942]]]}},{"type":"Feature","id":"way/445270924","properties":{"building":"apartments"},"geometry":{"type":"Polygon","coordinates":[[[125.285215,43.805256],[125.285657,43.805259],[125.285659,43.80516],[125.285217,43.805156],[125.285215,43.805256]]]}},{"type":"Feature","id":"way/445270925","properties":{"building":"apartments"},"geometry":{"type":"Polygon","coordinates":[[[125.28573,43.805254],[125.286171,43.805258],[125.286173,43.805158],[125.285731,43.805154],[125.28573,43.805254]]]}},{"type":"Feature","id":"way/445270926","properties":{"building":"apartments"},"geometry":{"type":"Polygon","coordinates":[[[125.285225,43.805881],[125.285667,43.805884],[125.285669,43.805785],[125.285227,43.805781],[125.285225,43.805881]]]}},{"type":"Feature","id":"way/445270927","properties":{"building":"apartments"},"geometry":{"type":"Polygon","coordinates":[[[125.285734,43.805879],[125.286176,43.805883],[125.286177,43.805783],[125.285735,43.805779],[125.285734,43.805879]]]}},{"type":"Feature","id":"way/445270928","properties":{"building":"apartments"},"geometry":{"type":"Polygon","coordinates":[[[125.285727,43.806191],[125.286169,43.806195],[125.286171,43.806096],[125.285729,43.806092],[125.285727,43.806191]]]}},{"type":"Feature","id":"way/445270929","properties":{"building":"apartments"},"geometry":{"type":"Polygon","coordinates":[[[125.285699,43.806508],[125.286141,43.806512],[125.286143,43.806413],[125.285701,43.806409],[125.285699,43.806508]]]}},{"type":"Feature","id":"way/445270930","properties":{"building":"apartments"},"geometry":{"type":"Polygon","coordinates":[[[125.285221,43.806193],[125.285663,43.806197],[125.285665,43.806097],[125.285223,43.806093],[125.285221,43.806193]]]}},{"type":"Feature","id":"way/445270931","properties":{"building":"apartments"},"geometry":{"type":"Polygon","coordinates":[[[125.284707,43.806193],[125.285149,43.806197],[125.285151,43.806097],[125.284709,43.806093],[125.284707,43.806193]]]}},{"type":"Feature","id":"way/445270932","properties":{"building":"apartments"},"geometry":{"type":"Polygon","coordinates":[[[125.285183,43.806507],[125.285625,43.806511],[125.285626,43.806411],[125.285184,43.806407],[125.285183,43.806507]]]}},{"type":"Feature","id":"way/445270933","properties":{"building":"apartments"},"geometry":{"type":"Polygon","coordinates":[[[125.284679,43.806511],[125.285121,43.806515],[125.285122,43.806415],[125.28468,43.806412],[125.284679,43.806511]]]}},{"type":"Feature","id":"way/445270934","properties":{"building":"apartments"},"geometry":{"type":"Polygon","coordinates":[[[125.283905,43.806515],[125.284347,43.806519],[125.284348,43.806419],[125.283906,43.806415],[125.283905,43.806515]]]}},{"type":"Feature","id":"way/445270935","properties":{"building":"apartments"},"geometry":{"type":"Polygon","coordinates":[[[125.283398,43.806498],[125.28384,43.806502],[125.283842,43.806402],[125.2834,43.806398],[125.283398,43.806498]]]}},{"type":"Feature","id":"way/445270936","properties":{"building":"apartments"},"geometry":{"type":"Polygon","coordinates":[[[125.282894,43.806496],[125.283336,43.8065],[125.283337,43.8064],[125.282895,43.806396],[125.282894,43.806496]]]}},{"type":"Feature","id":"way/445270937","properties":{"building":"apartments"},"geometry":{"type":"Polygon","coordinates":[[[125.282898,43.806194],[125.28334,43.806198],[125.283342,43.806099],[125.2829,43.806095],[125.282898,43.806194]]]}},{"type":"Feature","id":"way/445270938","properties":{"building":"apartments"},"geometry":{"type":"Polygon","coordinates":[[[125.283398,43.806194],[125.28384,43.806198],[125.283842,43.806099],[125.2834,43.806095],[125.283398,43.806194]]]}},{"type":"Feature","id":"way/445270939","properties":{"building":"apartments"},"geometry":{"type":"Polygon","coordinates":[[[125.282889,43.805873],[125.283331,43.805876],[125.283333,43.805777],[125.282891,43.805773],[125.282889,43.805873]]]}},{"type":"Feature","id":"way/445270940","properties":{"building":"apartments"},"geometry":{"type":"Polygon","coordinates":[[[125.283386,43.805874],[125.283828,43.805878],[125.28383,43.805778],[125.283388,43.805774],[125.283386,43.805874]]]}},{"type":"Feature","id":"way/445270941","properties":{"building":"apartments"},"geometry":{"type":"Polygon","coordinates":[[[125.282887,43.805251],[125.283329,43.805255],[125.28333,43.805155],[125.282888,43.805151],[125.282887,43.805251]]]}},{"type":"Feature","id":"way/445270942","properties":{"building":"apartments"},"geometry":{"type":"Polygon","coordinates":[[[125.283386,43.805249],[125.283828,43.805253],[125.28383,43.805153],[125.283388,43.805149],[125.283386,43.805249]]]}},{"type":"Feature","id":"way/445270943","properties":{"building":"apartments"},"geometry":{"type":"Polygon","coordinates":[[[125.282912,43.804939],[125.283354,43.804943],[125.283356,43.804843],[125.282914,43.804839],[125.282912,43.804939]]]}},{"type":"Feature","id":"way/445270944","properties":{"building":"apartments"},"geometry":{"type":"Polygon","coordinates":[[[125.283892,43.805255],[125.284268,43.805259],[125.28427,43.805156],[125.283894,43.805153],[125.283892,43.805255]]]}},{"type":"Feature","id":"way/445270945","properties":{"building":"apartments"},"geometry":{"type":"Polygon","coordinates":[[[125.282949,43.805565],[125.283324,43.805569],[125.283326,43.805467],[125.282951,43.805463],[125.282949,43.805565]]]}},{"type":"Feature","id":"way/445270946","properties":{"building":"apartments"},"geometry":{"type":"Polygon","coordinates":[[[125.283351,43.805565],[125.283726,43.805569],[125.283728,43.805467],[125.283353,43.805463],[125.283351,43.805565]]]}},{"type":"Feature","id":"way/445270947","properties":{"building":"apartments"},"geometry":{"type":"Polygon","coordinates":[[[125.283776,43.805565],[125.284151,43.805569],[125.284153,43.805467],[125.283778,43.805463],[125.283776,43.805565]]]}},{"type":"Feature","id":"way/445270948","properties":{"building":"apartments"},"geometry":{"type":"Polygon","coordinates":[[[125.2839,43.805882],[125.284275,43.805886],[125.284277,43.805783],[125.283901,43.80578],[125.2839,43.805882]]]}},{"type":"Feature","id":"way/445270949","properties":{"building":"apartments"},"geometry":{"type":"Polygon","coordinates":[[[125.283907,43.806182],[125.284282,43.806186],[125.284284,43.806083],[125.283908,43.80608],[125.283907,43.806182]]]}},{"type":"Feature","id":"way/445270950","properties":{"building":"apartments"},"geometry":{"type":"Polygon","coordinates":[[[125.284717,43.805873],[125.285092,43.805877],[125.285094,43.805775],[125.284719,43.805771],[125.284717,43.805873]]]}},{"type":"Feature","id":"way/445270951","properties":{"building":"apartments"},"geometry":{"type":"Polygon","coordinates":[[[125.284738,43.80556],[125.285113,43.805564],[125.285115,43.805461],[125.28474,43.805458],[125.284738,43.80556]]]}},{"type":"Feature","id":"way/445270952","properties":{"building":"apartments"},"geometry":{"type":"Polygon","coordinates":[[[125.285207,43.805562],[125.285582,43.805565],[125.285584,43.805463],[125.285209,43.805459],[125.285207,43.805562]]]}},{"type":"Feature","id":"way/445270953","properties":{"building":"apartments"},"geometry":{"type":"Polygon","coordinates":[[[125.285653,43.805567],[125.286028,43.805571],[125.28603,43.805468],[125.285655,43.805464],[125.285653,43.805567]]]}},{"type":"Feature","id":"way/445271034","properties":{"building":"apartments"},"geometry":{"type":"Polygon","coordinates":[[[125.283386,43.807155],[125.283609,43.807151],[125.283605,43.807032],[125.283382,43.807036],[125.283386,43.807155]]]}},{"type":"Feature","id":"way/445271035","properties":{"building":"apartments"},"geometry":{"type":"Polygon","coordinates":[[[125.283613,43.80722],[125.283836,43.807215],[125.283831,43.807096],[125.283609,43.807101],[125.283613,43.80722]]]}},{"type":"Feature","id":"way/445271036","properties":{"building":"apartments"},"geometry":{"type":"Polygon","coordinates":[[[125.283843,43.807273],[125.284066,43.807269],[125.284061,43.80715],[125.283839,43.807154],[125.283843,43.807273]]]}},{"type":"Feature","id":"way/445271037","properties":{"building":"apartments"},"geometry":{"type":"Polygon","coordinates":[[[125.283629,43.806856],[125.283852,43.806851],[125.283847,43.806732],[125.283625,43.806737],[125.283629,43.806856]]]}},{"type":"Feature","id":"way/445271038","properties":{"building":"apartments"},"geometry":{"type":"Polygon","coordinates":[[[125.283856,43.806854],[125.284078,43.80685],[125.284074,43.806731],[125.283851,43.806735],[125.283856,43.806854]]]}},{"type":"Feature","id":"way/445271039","properties":{"building":"apartments"},"geometry":{"type":"Polygon","coordinates":[[[125.284172,43.806859],[125.284395,43.806855],[125.284391,43.806736],[125.284168,43.80674],[125.284172,43.806859]]]}},{"type":"Feature","id":"way/445271040","properties":{"building":"apartments"},"geometry":{"type":"Polygon","coordinates":[[[125.284408,43.806859],[125.28463,43.806855],[125.284626,43.806736],[125.284403,43.80674],[125.284408,43.806859]]]}},{"type":"Feature","id":"way/445271041","properties":{"building":"apartments"},"geometry":{"type":"Polygon","coordinates":[[[125.284719,43.806999],[125.284942,43.806994],[125.284937,43.806875],[125.284715,43.80688],[125.284719,43.806999]]]}},{"type":"Feature","id":"way/445271042","properties":{"building":"apartments"},"geometry":{"type":"Polygon","coordinates":[[[125.284947,43.806996],[125.28517,43.806992],[125.285166,43.806873],[125.284943,43.806877],[125.284947,43.806996]]]}},{"type":"Feature","id":"way/445271043","properties":{"building":"apartments"},"geometry":{"type":"Polygon","coordinates":[[[125.285183,43.806999],[125.285405,43.806994],[125.285401,43.806875],[125.285178,43.80688],[125.285183,43.806999]]]}},{"type":"Feature","id":"way/445271044","properties":{"building":"apartments"},"geometry":{"type":"Polygon","coordinates":[[[125.285491,43.806882],[125.285713,43.806878],[125.285709,43.806759],[125.285486,43.806764],[125.285491,43.806882]]]}},{"type":"Feature","id":"way/445271045","properties":{"building":"apartments"},"geometry":{"type":"Polygon","coordinates":[[[125.285715,43.806881],[125.285938,43.806877],[125.285934,43.806758],[125.285711,43.806762],[125.285715,43.806881]]]}},{"type":"Feature","id":"way/445271046","properties":{"building":"apartments"},"geometry":{"type":"Polygon","coordinates":[[[125.285949,43.806882],[125.286172,43.806878],[125.286167,43.806759],[125.285944,43.806764],[125.285949,43.806882]]]}},{"type":"Feature","id":"way/445271047","properties":{"building":"apartments"},"geometry":{"type":"Polygon","coordinates":[[[125.285452,43.807292],[125.285674,43.807288],[125.28567,43.807169],[125.285447,43.807173],[125.285452,43.807292]]]}},{"type":"Feature","id":"way/445271048","properties":{"building":"apartments"},"geometry":{"type":"Polygon","coordinates":[[[125.28568,43.807286],[125.285903,43.807282],[125.285898,43.807163],[125.285675,43.807167],[125.28568,43.807286]]]}},{"type":"Feature","id":"way/445271049","properties":{"building":"apartments"},"geometry":{"type":"Polygon","coordinates":[[[125.285914,43.807282],[125.286136,43.807278],[125.286132,43.807159],[125.285909,43.807163],[125.285914,43.807282]]]}},{"type":"Feature","id":"way/445271050","properties":{"building":"apartments"},"geometry":{"type":"Polygon","coordinates":[[[125.285967,43.807693],[125.286189,43.807689],[125.286185,43.80757],[125.285962,43.807575],[125.285967,43.807693]]]}},{"type":"Feature","id":"way/445271051","properties":{"building":"apartments"},"geometry":{"type":"Polygon","coordinates":[[[125.285735,43.807698],[125.285958,43.807694],[125.285953,43.807575],[125.28573,43.80758],[125.285735,43.807698]]]}},{"type":"Feature","id":"way/445271052","properties":{"building":"apartments"},"geometry":{"type":"Polygon","coordinates":[[[125.285496,43.807698],[125.285719,43.807694],[125.285714,43.807575],[125.285491,43.80758],[125.285496,43.807698]]]}},{"type":"Feature","id":"way/445271053","properties":{"building":"apartments"},"geometry":{"type":"Polygon","coordinates":[[[125.285184,43.807606],[125.285407,43.807602],[125.285403,43.807483],[125.28518,43.807488],[125.285184,43.807606]]]}},{"type":"Feature","id":"way/445271054","properties":{"building":"apartments"},"geometry":{"type":"Polygon","coordinates":[[[125.284949,43.807543],[125.285172,43.807538],[125.285167,43.807419],[125.284945,43.807424],[125.284949,43.807543]]]}},{"type":"Feature","id":"way/445271055","properties":{"building":"apartments"},"geometry":{"type":"Polygon","coordinates":[[[125.284717,43.807494],[125.28494,43.80749],[125.284936,43.807371],[125.284713,43.807375],[125.284717,43.807494]]]}},{"type":"Feature","id":"way/445271056","properties":{"building":"apartments"},"geometry":{"type":"Polygon","coordinates":[[[125.284409,43.807419],[125.284632,43.807414],[125.284628,43.807296],[125.284405,43.8073],[125.284409,43.807419]]]}},{"type":"Feature","id":"way/445271057","properties":{"building":"apartments"},"geometry":{"type":"Polygon","coordinates":[[[125.284165,43.807373],[125.284388,43.807368],[125.284384,43.807249],[125.284161,43.807254],[125.284165,43.807373]]]}},{"type":"Feature","id":"way/445271126","properties":{"building":"apartments"},"geometry":{"type":"Polygon","coordinates":[[[125.282209,43.806811],[125.282432,43.806807],[125.282428,43.806688],[125.282205,43.806692],[125.282209,43.806811]]]}},{"type":"Feature","id":"way/445271127","properties":{"building":"apartments"},"geometry":{"type":"Polygon","coordinates":[[[125.281971,43.806761],[125.282194,43.806756],[125.282189,43.806638],[125.281967,43.806642],[125.281971,43.806761]]]}},{"type":"Feature","id":"way/445271128","properties":{"building":"apartments"},"geometry":{"type":"Polygon","coordinates":[[[125.281721,43.806717],[125.281944,43.806713],[125.28194,43.806594],[125.281717,43.806598],[125.281721,43.806717]]]}},{"type":"Feature","id":"way/445271129","properties":{"building":"apartments"},"geometry":{"type":"Polygon","coordinates":[[[125.281392,43.806585],[125.281615,43.806581],[125.28161,43.806462],[125.281387,43.806467],[125.281392,43.806585]]]}},{"type":"Feature","id":"way/445271130","properties":{"building":"apartments"},"geometry":{"type":"Polygon","coordinates":[[[125.281161,43.806528],[125.281384,43.806524],[125.281379,43.806405],[125.281156,43.806409],[125.281161,43.806528]]]}},{"type":"Feature","id":"way/445271131","properties":{"building":"apartments"},"geometry":{"type":"Polygon","coordinates":[[[125.280913,43.806479],[125.281136,43.806475],[125.281132,43.806356],[125.280909,43.80636],[125.280913,43.806479]]]}},{"type":"Feature","id":"way/445271132","properties":{"building":"apartments"},"geometry":{"type":"Polygon","coordinates":[[[125.280568,43.80636],[125.280791,43.806355],[125.280786,43.806236],[125.280563,43.806241],[125.280568,43.80636]]]}},{"type":"Feature","id":"way/445271133","properties":{"building":"apartments"},"geometry":{"type":"Polygon","coordinates":[[[125.280332,43.806308],[125.280555,43.806303],[125.28055,43.806184],[125.280327,43.806189],[125.280332,43.806308]]]}},{"type":"Feature","id":"way/445271134","properties":{"building":"apartments"},"geometry":{"type":"Polygon","coordinates":[[[125.280101,43.806259],[125.280324,43.806254],[125.280319,43.806135],[125.280096,43.80614],[125.280101,43.806259]]]}},{"type":"Feature","id":"way/445284762","properties":{"building":"apartments"},"geometry":{"type":"Polygon","coordinates":[[[125.247997,43.820715],[125.248527,43.82071],[125.248529,43.820823],[125.247999,43.820827],[125.247997,43.820715]]]}},{"type":"Feature","id":"way/445284763","properties":{"building":"apartments"},"geometry":{"type":"Polygon","coordinates":[[[125.250016,43.820358],[125.250546,43.820353],[125.250547,43.820465],[125.250018,43.82047],[125.250016,43.820358]]]}},{"type":"Feature","id":"way/445284765","properties":{"building":"apartments"},"geometry":{"type":"Polygon","coordinates":[[[125.249427,43.819924],[125.250028,43.819931],[125.250027,43.820039],[125.249429,43.820036],[125.249427,43.819924]]]}},{"type":"Feature","id":"way/445284766","properties":{"building":"apartments"},"geometry":{"type":"Polygon","coordinates":[[[125.24927,43.820688],[125.249997,43.820707],[125.249991,43.820824],[125.249264,43.820805],[125.24927,43.820688]]]}},{"type":"Feature","id":"way/445284767","properties":{"building":"apartments"},"geometry":{"type":"Polygon","coordinates":[[[125.248519,43.821108],[125.249246,43.821127],[125.24924,43.821244],[125.248513,43.821225],[125.248519,43.821108]]]}},{"type":"Feature","id":"way/445284768","properties":{"building":"apartments"},"geometry":{"type":"Polygon","coordinates":[[[125.248917,43.819713],[125.249598,43.819347],[125.2497,43.819446],[125.249018,43.819812],[125.248917,43.819713]]]}},{"type":"Feature","id":"way/445284769","properties":{"building":"apartments"},"geometry":{"type":"Polygon","coordinates":[[[125.247552,43.820472],[125.248233,43.820106],[125.248335,43.820205],[125.247653,43.82057],[125.247552,43.820472]]]}},{"type":"Feature","id":"way/445285020","properties":{"building":"residential"},"geometry":{"type":"Polygon","coordinates":[[[125.285992,43.827756],[125.286754,43.82776],[125.286755,43.827645],[125.285994,43.827641],[125.285992,43.827756]]]}},{"type":"Feature","id":"way/553698137","properties":{"landuse":"grass"},"geometry":{"type":"Polygon","coordinates":[[[125.28031,43.836395],[125.281729,43.836407],[125.281739,43.83554],[125.280335,43.835521],[125.28031,43.836395]]]}},{"type":"Feature","id":"way/553698141","properties":{"landuse":"residential","name":"红旗花园"},"geometry":{"type":"Polygon","coordinates":[[[125.277923,43.835011],[125.275896,43.834992],[125.275979,43.831733],[125.277881,43.831757],[125.27766,43.832021],[125.277674,43.832088],[125.278079,43.832279],[125.277891,43.832563],[125.277563,43.833528],[125.278386,43.833572],[125.277923,43.835011]]]}},{"type":"Feature","id":"way/553698143","properties":{"landuse":"residential","name":"超达家园"},"geometry":{"type":"Polygon","coordinates":[[[125.278815,43.830457],[125.278791,43.831767],[125.277881,43.831757],[125.27766,43.832021],[125.277674,43.832088],[125.280296,43.833241],[125.280605,43.832896],[125.280685,43.832695],[125.28072,43.832507],[125.280754,43.83047],[125.278815,43.830457]]]}},{"type":"Feature","id":"way/553698147","properties":{"landuse":"industrial","name":"吉林省科技厅科研园"},"geometry":{"type":"Polygon","coordinates":[[[125.284238,43.835816],[125.284179,43.836585],[125.284314,43.83668],[125.284321,43.837214],[125.28739,43.837235],[125.287409,43.835878],[125.28587,43.835831],[125.284238,43.835816]]]}},{"type":"Feature","id":"way/553698148","properties":{"landuse":"residential","name":"大通花园B区"},"geometry":{"type":"Polygon","coordinates":[[[125.292034,43.837506],[125.293651,43.837529],[125.29363,43.838506],[125.292024,43.838492],[125.292034,43.837506]]]}},{"type":"Feature","id":"way/553698149","properties":{"landuse":"residential","name":"大通花园A区"},"geometry":{"type":"Polygon","coordinates":[[[125.294619,43.837336],[125.294614,43.8364],[125.294633,43.836162],[125.294747,43.835799],[125.294748,43.8356],[125.290999,43.835557],[125.290926,43.837294],[125.294619,43.837336]]]}},{"type":"Feature","id":"way/553698150","properties":{"landuse":"residential","name":"二二八社区"},"geometry":{"type":"Polygon","coordinates":[[[125.290666,43.837277],[125.290706,43.835553],[125.289712,43.835539],[125.289118,43.835372],[125.289036,43.835673],[125.28817,43.835671],[125.288062,43.835777],[125.287832,43.835839],[125.287645,43.835836],[125.287552,43.835947],[125.287503,43.837241],[125.290666,43.837277]]]}},{"type":"Feature","id":"way/617823775","properties":{"building":"residential"},"geometry":{"type":"Polygon","coordinates":[[[125.28214,43.827053],[125.28214,43.827162],[125.283005,43.827164],[125.283006,43.827055],[125.28214,43.827053]]]}},{"type":"Feature","id":"way/617823783","properties":{"building":"hotel"},"geometry":{"type":"Polygon","coordinates":[[[125.273076,43.829405],[125.274145,43.829412],[125.274149,43.829136],[125.273469,43.829132],[125.273473,43.828874],[125.273083,43.828871],[125.273076,43.829405]]]}},{"type":"Feature","id":"way/637846295","properties":{"building":"yes"},"geometry":{"type":"Polygon","coordinates":[[[125.270091,43.828714],[125.270196,43.828598],[125.270878,43.828921],[125.270773,43.829037],[125.270091,43.828714]]]}},{"type":"Feature","id":"way/637847300","properties":{"leisure":"pitch"},"geometry":{"type":"Polygon","coordinates":[[[125.278637,43.828112],[125.278666,43.828204],[125.278728,43.828275],[125.278813,43.828324],[125.27893,43.828351],[125.279872,43.828342],[125.280021,43.82827],[125.280077,43.828194],[125.28009,43.828114],[125.280008,43.827961],[125.279875,43.827897],[125.278942,43.827887],[125.278824,43.827908],[125.278731,43.827953],[125.278668,43.828025],[125.278637,43.828112]]]}},{"type":"Feature","id":"way/644269228","properties":{"landuse":"recreation_ground","name":"长春市工人体育馆"},"geometry":{"type":"Polygon","coordinates":[[[125.28985,43.804732],[125.289856,43.804216],[125.290324,43.8037],[125.292542,43.802882],[125.295756,43.803527],[125.295785,43.80369],[125.295744,43.805922],[125.293957,43.805023],[125.292971,43.804743],[125.292059,43.804672],[125.290284,43.804663],[125.28985,43.804732]]]}},{"type":"Feature","id":"way/655418424","properties":{"building":"university","name":"大压机楼"},"geometry":{"type":"Polygon","coordinates":[[[125.26653,43.821988],[125.266217,43.821836],[125.266526,43.821504],[125.266747,43.821589],[125.266734,43.821603],[125.26684,43.821654],[125.26653,43.821988]]]}},{"type":"Feature","id":"way/696154833","properties":{"landuse":"residential"},"geometry":{"type":"Polygon","coordinates":[[[125.267177,43.804136],[125.267156,43.802742],[125.269624,43.802664],[125.269645,43.804112],[125.267177,43.804136]]]}},{"type":"Feature","id":"way/696154858","properties":{"landuse":"residential"},"geometry":{"type":"Polygon","coordinates":[[[125.250156,43.802716],[125.250177,43.804296],[125.255861,43.804257],[125.255841,43.802676],[125.250156,43.802716]]]}},{"type":"Feature","id":"way/696154859","properties":{"landuse":"residential"},"geometry":{"type":"Polygon","coordinates":[[[125.245353,43.804332],[125.245341,43.802888],[125.2496,43.802869],[125.249612,43.804313],[125.245353,43.804332]]]}},{"type":"Feature","id":"way/696154860","properties":{"landuse":"commercial"},"geometry":{"type":"Polygon","coordinates":[[[125.256384,43.802627],[125.25647,43.806042],[125.26207,43.805926],[125.262017,43.802565],[125.256384,43.802627]]]}},{"type":"Feature","id":"way/696154862","properties":{"landuse":"commercial"},"geometry":{"type":"Polygon","coordinates":[[[125.244476,43.810646],[125.240167,43.806343],[125.243125,43.804755],[125.255825,43.804689],[125.255825,43.809179],[125.246691,43.809649],[125.244476,43.810646]]]}},{"type":"Feature","id":"way/696154863","properties":{"landuse":"commercial"},"geometry":{"type":"Polygon","coordinates":[[[125.256462,43.809222],[125.256508,43.806365],[125.262,43.806321],[125.262031,43.808872],[125.256462,43.809222]]]}},{"type":"Feature","id":"way/696154865","properties":{"leisure":"park","name":"百草园"},"geometry":{"type":"Polygon","coordinates":[[[125.266593,43.802572],[125.266575,43.807517],[125.266475,43.807923],[125.266254,43.808352],[125.266164,43.808675],[125.264614,43.808918],[125.264593,43.809221],[125.264206,43.809171],[125.2632,43.809186],[125.263165,43.809162],[125.262543,43.80918],[125.262483,43.809121],[125.262384,43.802683],[125.262453,43.802594],[125.262563,43.802548],[125.263719,43.802518],[125.264885,43.802524],[125.264897,43.802503],[125.266481,43.802484],[125.266593,43.802572]]]}},{"type":"Feature","id":"way/696154866","properties":{"landuse":"construction"},"geometry":{"type":"Polygon","coordinates":[[[125.266918,43.80623],[125.266891,43.804561],[125.269654,43.804531],[125.269647,43.806261],[125.266918,43.80623]]]}},{"type":"Feature","id":"way/696154868","properties":{"landuse":"residential","name":"倚澜观邸2期"},"geometry":{"type":"Polygon","coordinates":[[[125.257729,43.811753],[125.257702,43.809855],[125.262544,43.809717],[125.262565,43.809825],[125.262418,43.810213],[125.262264,43.810431],[125.261831,43.810616],[125.260802,43.810863],[125.260485,43.811036],[125.260239,43.811211],[125.259631,43.811894],[125.25955,43.811914],[125.257726,43.811921],[125.257729,43.811753]]]}},{"type":"Feature","id":"way/696154869","properties":{"landuse":"residential","name":"倚澜观邸1期"},"geometry":{"type":"Polygon","coordinates":[[[125.260066,43.818339],[125.259821,43.818193],[125.25985,43.817839],[125.259335,43.817152],[125.259252,43.81698],[125.258874,43.816724],[125.258793,43.816547],[125.258808,43.816357],[125.259454,43.81549],[125.261963,43.816638],[125.262038,43.816737],[125.262066,43.816853],[125.262066,43.81695],[125.262004,43.817059],[125.260392,43.818354],[125.260196,43.818231],[125.260066,43.818339]]]}},{"type":"Feature","id":"way/704142875","properties":{"building":"greenhouse"},"geometry":{"type":"Polygon","coordinates":[[[125.275946,43.811552],[125.276696,43.8116],[125.27672,43.811411],[125.27597,43.811362],[125.275946,43.811552]]]}},{"type":"Feature","id":"way/704142876","properties":{"building":"greenhouse"},"geometry":{"type":"Polygon","coordinates":[[[125.276067,43.811316],[125.276834,43.811367],[125.276846,43.811271],[125.27608,43.811219],[125.276067,43.811316]]]}},{"type":"Feature","id":"way/704142877","properties":{"building":"greenhouse"},"geometry":{"type":"Polygon","coordinates":[[[125.276162,43.811174],[125.276916,43.811222],[125.276928,43.811118],[125.276174,43.81107],[125.276162,43.811174]]]}},{"type":"Feature","id":"way/704142878","properties":{"building":"greenhouse"},"geometry":{"type":"Polygon","coordinates":[[[125.275108,43.811247],[125.275766,43.811287],[125.275778,43.811193],[125.275119,43.811153],[125.275108,43.811247]]]}},{"type":"Feature","id":"way/704142879","properties":{"building":"greenhouse"},"geometry":{"type":"Polygon","coordinates":[[[125.275356,43.811013],[125.275996,43.811049],[125.276006,43.810957],[125.275366,43.81092],[125.275356,43.811013]]]}},{"type":"Feature","id":"way/704142880","properties":{"building":"greenhouse"},"geometry":{"type":"Polygon","coordinates":[[[125.276245,43.811033],[125.277004,43.811077],[125.27702,43.810937],[125.27626,43.810893],[125.276245,43.811033]]]}},{"type":"Feature","id":"way/704142881","properties":{"building":"greenhouse"},"geometry":{"type":"Polygon","coordinates":[[[125.276345,43.810854],[125.277114,43.810902],[125.277131,43.810763],[125.276362,43.810715],[125.276345,43.810854]]]}},{"type":"Feature","id":"way/704142882","properties":{"building":"greenhouse"},"geometry":{"type":"Polygon","coordinates":[[[125.276436,43.810675],[125.277203,43.810725],[125.277217,43.810618],[125.27645,43.810568],[125.276436,43.810675]]]}},{"type":"Feature","id":"way/704142883","properties":{"building":"greenhouse"},"geometry":{"type":"Polygon","coordinates":[[[125.276532,43.810537],[125.277286,43.810587],[125.277298,43.810489],[125.276544,43.810438],[125.276532,43.810537]]]}},{"type":"Feature","id":"way/704142884","properties":{"building":"greenhouse"},"geometry":{"type":"Polygon","coordinates":[[[125.276606,43.810397],[125.277174,43.810431],[125.277185,43.810331],[125.276618,43.810297],[125.276606,43.810397]]]}},{"type":"Feature","id":"way/704142885","properties":{"building":"greenhouse"},"geometry":{"type":"Polygon","coordinates":[[[125.277317,43.810999],[125.277444,43.811036],[125.277705,43.810574],[125.277579,43.810537],[125.277317,43.810999]]]}},{"type":"Feature","id":"way/704142886","properties":{"building":"greenhouse"},"geometry":{"type":"Polygon","coordinates":[[[125.276876,43.811767],[125.276997,43.811803],[125.277396,43.811107],[125.277276,43.811071],[125.276876,43.811767]]]}},{"type":"Feature","id":"way/704142887","properties":{"building":"greenhouse"},"geometry":{"type":"Polygon","coordinates":[[[125.276473,43.812581],[125.276606,43.812614],[125.276863,43.812077],[125.276731,43.812044],[125.276473,43.812581]]]}},{"type":"Feature","id":"way/704142888","properties":{"building":"yes","amenity":"toilets"},"geometry":{"type":"Polygon","coordinates":[[[125.275002,43.81218],[125.275026,43.812136],[125.275099,43.812157],[125.275113,43.812133],[125.275238,43.812195],[125.275213,43.812241],[125.275002,43.81218]]]}},{"type":"Feature","id":"way/704142890","properties":{"building":"yes"},"geometry":{"type":"Polygon","coordinates":[[[125.2758,43.81225],[125.276077,43.812332],[125.276139,43.812222],[125.276036,43.812192],[125.276049,43.812169],[125.275983,43.812149],[125.275967,43.812176],[125.27586,43.812145],[125.2758,43.81225]]]}},{"type":"Feature","id":"way/808295173","properties":{"landuse":"retail"},"geometry":{"type":"Polygon","coordinates":[[[125.293668,43.818727],[125.293408,43.819033],[125.293379,43.819269],[125.292743,43.819251],[125.292847,43.818503],[125.293668,43.818727]]]}},{"type":"Feature","id":"way/819146564","properties":{"leisure":"pitch"},"geometry":{"type":"Polygon","coordinates":[[[125.272219,43.804907],[125.273147,43.804917],[125.273136,43.804527],[125.272218,43.804529],[125.272219,43.804907]]]}},{"type":"Feature","id":"way/819156026","properties":{"leisure":"pitch"},"geometry":{"type":"Polygon","coordinates":[[[125.272218,43.804529],[125.271532,43.80453],[125.271546,43.804901],[125.272219,43.804907],[125.272218,43.804529]]]}},{"type":"Feature","id":"way/819156027","properties":{"leisure":"pitch"},"geometry":{"type":"Polygon","coordinates":[[[125.270607,43.804864],[125.271513,43.804861],[125.271532,43.80453],[125.270607,43.804532],[125.270607,43.804864]]]}},{"type":"Feature","id":"way/819156028","properties":{"building":"yes","amenity":"courthouse","name":"长春中级人民法院"},"geometry":{"type":"Polygon","coordinates":[[[125.270642,43.804204],[125.273015,43.804195],[125.273021,43.802732],[125.270556,43.802723],[125.270642,43.804204]]]}},{"type":"Feature","id":"way/920050806","properties":{"leisure":"pitch"},"geometry":{"type":"Polygon","coordinates":[[[125.248537,43.812954],[125.248529,43.812195],[125.249151,43.812191],[125.249159,43.812951],[125.248537,43.812954]]]}},{"type":"Feature","id":"way/920050807","properties":{"building":"roof","amenity":"fuel"},"geometry":{"type":"Polygon","coordinates":[[[125.252284,43.820816],[125.252128,43.820666],[125.252379,43.82053],[125.252534,43.820681],[125.252284,43.820816]]]}},{"type":"Feature","id":"way/920050808","properties":{"building":"roof","amenity":"fuel"},"geometry":{"type":"Polygon","coordinates":[[[125.252837,43.820641],[125.252597,43.820409],[125.252807,43.820296],[125.253047,43.820528],[125.252837,43.820641]]]}},{"type":"Feature","id":"way/920050809","properties":{"landuse":"retail"},"geometry":{"type":"Polygon","coordinates":[[[125.253407,43.820476],[125.253011,43.820104],[125.251667,43.820849],[125.252063,43.821221],[125.253407,43.820476]]]}},{"type":"Feature","id":"way/920050810","properties":{"leisure":"pitch"},"geometry":{"type":"Polygon","coordinates":[[[125.287993,43.831428],[125.288,43.831026],[125.288229,43.831026],[125.288234,43.831455],[125.287996,43.831455],[125.287993,43.831428]]]}},{"type":"Feature","id":"way/982369374","properties":{"building":"apartments"},"geometry":{"type":"Polygon","coordinates":[[[125.257829,43.810665],[125.257829,43.810559],[125.258567,43.810557],[125.258567,43.810663],[125.257829,43.810665]]]}},{"type":"Feature","id":"way/982369375","properties":{"building":"apartments"},"geometry":{"type":"Polygon","coordinates":[[[125.258691,43.810507],[125.258689,43.810406],[125.259389,43.810396],[125.259391,43.810497],[125.258691,43.810507]]]}},{"type":"Feature","id":"way/982369377","properties":{"building":"apartments"},"geometry":{"type":"Polygon","coordinates":[[[125.257817,43.810051],[125.257814,43.809946],[125.258566,43.809935],[125.258569,43.81004],[125.257817,43.810051]]]}},{"type":"Feature","id":"way/982369378","properties":{"building":"apartments"},"geometry":{"type":"Polygon","coordinates":[[[125.258688,43.810008],[125.258686,43.809911],[125.259312,43.809905],[125.259313,43.810002],[125.258688,43.810008]]]}},{"type":"Feature","id":"way/982369379","properties":{"building":"apartments"},"geometry":{"type":"Polygon","coordinates":[[[125.259393,43.810003],[125.25939,43.8099],[125.259999,43.809891],[125.260002,43.809994],[125.259393,43.810003]]]}},{"type":"Feature","id":"way/982369381","properties":{"building":"apartments"},"geometry":{"type":"Polygon","coordinates":[[[125.260138,43.809986],[125.260135,43.809886],[125.260881,43.809872],[125.260884,43.809972],[125.260138,43.809986]]]}},{"type":"Feature","id":"way/982369383","properties":{"building":"apartments"},"geometry":{"type":"Polygon","coordinates":[[[125.26166,43.810533],[125.26161,43.810441],[125.262136,43.810291],[125.262187,43.810383],[125.26166,43.810533]]]}},{"type":"Feature","id":"way/1076230369","properties":{"landuse":"military"},"geometry":{"type":"Polygon","coordinates":[[[125.285997,43.829722],[125.286002,43.829493],[125.28572,43.82949],[125.285748,43.828045],[125.286967,43.828057],[125.286935,43.829731],[125.285997,43.829722]]]}},{"type":"Feature","id":"way/1077612597","properties":{"building":"yes","name":"国家天元数学东北中心"},"geometry":{"type":"Polygon","coordinates":[[[125.282431,43.820551],[125.28289,43.820557],[125.282895,43.820357],[125.282617,43.820353],[125.282618,43.820292],[125.28249,43.820291],[125.282488,43.820352],[125.282436,43.820351],[125.282431,43.820551]]]}},{"type":"Feature","id":"way/1077612598","properties":{"building":"school","name":"伍卓群楼（数学楼）"},"geometry":{"type":"Polygon","coordinates":[[[125.281352,43.820285],[125.282906,43.820293],[125.28291,43.819972],[125.281355,43.819964],[125.281352,43.820285]]]}},{"type":"Feature","id":"way/1150535383","properties":{"building":"apartments","name":"A6栋"},"geometry":{"type":"Polygon","coordinates":[[[125.276695,43.804589],[125.276706,43.804434],[125.277301,43.804438],[125.277291,43.804585],[125.276695,43.804589]]]}},{"type":"Feature","id":"way/1151028590","properties":{"building":"yes","name":"小区中心岗"},"geometry":{"type":"Polygon","coordinates":[[[125.276334,43.804276],[125.276325,43.804148],[125.276553,43.804143],[125.276559,43.804274],[125.276334,43.804276]]]}},{"type":"Feature","id":"way/1255218673","properties":{"landuse":"residential"},"geometry":{"type":"Polygon","coordinates":[[[125.247113,43.828521],[125.249091,43.827257],[125.25118,43.828563],[125.249747,43.83057],[125.247113,43.828521]]]}},{"type":"Feature","id":"way/1255231148","properties":{"landuse":"construction","name":"长春地铁5号线硅谷广场站工地"},"geometry":{"type":"Polygon","coordinates":[[[125.254204,43.822291],[125.254515,43.822313],[125.254587,43.8218],[125.254235,43.821771],[125.254182,43.82224],[125.254211,43.822244],[125.254204,43.822291]]]}},{"type":"Feature","id":"way/1255815756","properties":{"landuse":"railway"},"geometry":{"type":"Polygon","coordinates":[[[125.27558,43.829838],[125.275578,43.829755],[125.28077,43.829825],[125.282515,43.82981],[125.286343,43.829831],[125.286336,43.829909],[125.28215,43.829907],[125.282152,43.829892],[125.27558,43.829838]]]}},{"type":"Feature","id":"way/1258945852","properties":{"landuse":"residential","name":"高新容园"},"geometry":{"type":"Polygon","coordinates":[[[125.291077,43.826864],[125.291113,43.824932],[125.295044,43.82498],[125.295221,43.82502],[125.295162,43.826901],[125.291077,43.826864]]]}},{"type":"Feature","id":"way/1286169806","properties":{"landuse":"retail","name":"国泰·RioMall拾乐街"},"geometry":{"type":"Polygon","coordinates":[[[125.27847,43.829676],[125.278461,43.828592],[125.280332,43.828596],[125.280583,43.828047],[125.281258,43.828308],[125.281047,43.828573],[125.280903,43.828806],[125.28086,43.829124],[125.280847,43.8297],[125.27847,43.829676]]]}},{"type":"Feature","id":"way/1286171875","properties":{"building":"dormitory","name":"长春市轨道交通集团有限公司宿舍"},"geometry":{"type":"Polygon","coordinates":[[[125.265044,43.837701],[125.265812,43.836868],[125.266481,43.837189],[125.265713,43.838022],[125.265044,43.837701]]]}},{"type":"Feature","id":"way/1286176185","properties":{"leisure":"park"},"geometry":{"type":"Polygon","coordinates":[[[125.2761,43.82504],[125.276383,43.824669],[125.277974,43.824689],[125.277278,43.82555],[125.277124,43.825493],[125.277152,43.825421],[125.277136,43.8253],[125.276922,43.825164],[125.276696,43.825142],[125.276507,43.825224],[125.2761,43.82504]]]}},{"type":"Feature","id":"way/1287392774","properties":{"building":"yes"},"geometry":{"type":"Polygon","coordinates":[[[125.27836,43.818676],[125.278465,43.81849],[125.278886,43.818615],[125.27878,43.8188],[125.27836,43.818676]]]}},{"type":"Feature","id":"way/1418248811","properties":{"building":"university","name":"第一教学楼"},"geometry":{"type":"Polygon","coordinates":[[[125.296816,43.831293],[125.297023,43.831295],[125.297021,43.831397],[125.297967,43.831406],[125.297969,43.83131],[125.298156,43.831311],[125.29816,43.831106],[125.298007,43.831132],[125.297908,43.831233],[125.297632,43.831231],[125.297633,43.831153],[125.297358,43.831151],[125.297357,43.831227],[125.297086,43.831225],[125.296986,43.831119],[125.29691,43.831087],[125.29682,43.831086],[125.296816,43.831293]]]}},{"type":"Feature","id":"way/1418248812","properties":{"building":"university","name":"实验楼"},"geometry":{"type":"Polygon","coordinates":[[[125.295825,43.831046],[125.296592,43.831059],[125.296598,43.830894],[125.29583,43.830881],[125.295825,43.831046]]]}},{"type":"Feature","id":"way/1418248816","properties":{"building":"dormitory","amenity":"restaurant","name":"学生 3 食堂"},"geometry":{"type":"Polygon","coordinates":[[[125.29629,43.832109],[125.296818,43.832117],[125.296823,43.831933],[125.296295,43.831925],[125.29629,43.832109]]]}},{"type":"Feature","id":"way/1418248817","properties":{"building":"school","amenity":"public_bath","name":"长春理工大学浴池"},"geometry":{"type":"Polygon","coordinates":[[[125.29629,43.832109],[125.296283,43.832429],[125.296807,43.832437],[125.296818,43.832117],[125.29629,43.832109]]]}},{"type":"Feature","id":"way/1418248818","properties":{"leisure":"pitch","name":"长春理工大学排球场"},"geometry":{"type":"Polygon","coordinates":[[[125.296631,43.831201],[125.295828,43.831195],[125.295823,43.8316],[125.296626,43.831605],[125.296631,43.831201]]]}},{"type":"Feature","id":"way/1418248819","properties":{"building":"dormitory","amenity":"restaurant","name":"学生 5 食堂"},"geometry":{"type":"Polygon","coordinates":[[[125.295936,43.833562],[125.295995,43.833562],[125.295995,43.833609],[125.29606,43.833609],[125.296059,43.833658],[125.296384,43.833659],[125.296386,43.833205],[125.295938,43.833204],[125.295936,43.833562]]]}},{"type":"Feature","id":"way/1418248820","properties":{"building":"university","name":"长春理工大学俱乐部"},"geometry":{"type":"Polygon","coordinates":[[[125.295805,43.832346],[125.29618,43.832353],[125.296198,43.831897],[125.295823,43.831889],[125.295805,43.832346]]]}},{"type":"Feature","id":"way/1418248821","properties":{"building":"service","name":"长春理工大学生活锅炉房"},"geometry":{"type":"Polygon","coordinates":[[[125.295837,43.833165],[125.296077,43.833168],[125.296083,43.832965],[125.296324,43.832969],[125.29633,43.832755],[125.296017,43.83275],[125.296019,43.832684],[125.29585,43.832682],[125.295837,43.833165]]]}},{"type":"Feature","id":"way/1418252070","properties":{"building":"residential","name":"大禹·南湖首府 4 栋"},"geometry":{"type":"Polygon","coordinates":[[[125.296546,43.834821],[125.296545,43.834666],[125.297191,43.834662],[125.297195,43.834814],[125.296546,43.834821]]]}},{"type":"Feature","id":"way/1418804285","properties":{"building":"dormitory","name":"一公寓"},"geometry":{"type":"Polygon","coordinates":[[[125.292649,43.829568],[125.292649,43.82945],[125.291701,43.829448],[125.291701,43.829566],[125.292649,43.829568]]]}},{"type":"Feature","id":"way/1418804286","properties":{"building":"dormitory","name":"二公寓"},"geometry":{"type":"Polygon","coordinates":[[[125.293034,43.827289],[125.293032,43.827125],[125.291953,43.827133],[125.291956,43.827297],[125.293034,43.827289]]]}},{"type":"Feature","id":"way/1418804287","properties":{"building":"college","name":"长春大学合堂教室"},"geometry":{"type":"Polygon","coordinates":[[[125.293034,43.827289],[125.293457,43.827286],[125.293455,43.827122],[125.293032,43.827125],[125.293034,43.827289]]]}},{"type":"Feature","id":"way/1418804300","properties":{"leisure":"pitch","name":"长春大学排球场"},"geometry":{"type":"Polygon","coordinates":[[[125.289349,43.829189],[125.289364,43.828625],[125.290627,43.828643],[125.290611,43.829208],[125.289349,43.829189]]]}},{"type":"Feature","id":"way/1418804301","properties":{"building":"college","name":"长春大学俱乐部"},"geometry":{"type":"Polygon","coordinates":[[[125.290175,43.829396],[125.290217,43.829397],[125.290216,43.829518],[125.289385,43.829501],[125.289388,43.829379],[125.290175,43.829396]]]}},{"type":"Feature","id":"way/1419124396","properties":{"building":"college","name":"M 栋"},"geometry":{"type":"Polygon","coordinates":[[[125.269871,43.814877],[125.270116,43.815004],[125.270625,43.814495],[125.270016,43.814178],[125.269914,43.814279],[125.270279,43.814469],[125.269871,43.814877]]]}},{"type":"Feature","id":"way/1419124401","properties":{"building":"college","name":"A 栋"},"geometry":{"type":"Polygon","coordinates":[[[125.269191,43.813819],[125.269171,43.813809],[125.269221,43.813755],[125.269165,43.813723],[125.269182,43.813709],[125.269068,43.813572],[125.269027,43.813581],[125.269013,43.813452],[125.269062,43.81334],[125.268968,43.813302],[125.268995,43.813259],[125.268927,43.813235],[125.268838,43.813416],[125.268819,43.813532],[125.268853,43.813645],[125.269029,43.813826],[125.26914,43.813877],[125.269191,43.813819]]]}},{"type":"Feature","id":"way/1419124406","properties":{"building":"college","name":"B 栋"},"geometry":{"type":"Polygon","coordinates":[[[125.268438,43.814177],[125.267715,43.81429],[125.267691,43.814209],[125.267658,43.814214],[125.26762,43.814088],[125.267722,43.814072],[125.267726,43.814021],[125.267819,43.81393],[125.267982,43.813882],[125.268071,43.813884],[125.268173,43.813913],[125.268226,43.81398],[125.268398,43.813953],[125.268438,43.814177]]]}},{"type":"Feature","id":"way/1419124407","properties":{"building":"college","name":"人工智能学院"},"geometry":{"type":"Polygon","coordinates":[[[125.273482,43.816502],[125.274207,43.81683],[125.274511,43.816479],[125.273787,43.816152],[125.273482,43.816502]]]}},{"type":"Feature","id":"way/1421291615","properties":{"building":"college","name":"C 栋"},"geometry":{"type":"Polygon","coordinates":[[[125.268397,43.814575],[125.267458,43.814725],[125.267302,43.814216],[125.267528,43.81418],[125.267637,43.814536],[125.268419,43.814411],[125.268443,43.814488],[125.26851,43.814478],[125.268527,43.814533],[125.268391,43.814554],[125.268397,43.814575]]]}},{"type":"Feature","id":"way/1421291616","properties":{"building":"college","name":"D 栋"},"geometry":{"type":"Polygon","coordinates":[[[125.268506,43.814937],[125.267573,43.81508],[125.267527,43.814924],[125.26853,43.81477],[125.268553,43.814848],[125.26862,43.814838],[125.268636,43.814895],[125.2685,43.814916],[125.268506,43.814937]]]}},{"type":"Feature","id":"way/1421291618","properties":{"building":"college","name":"N 栋"},"geometry":{"type":"Polygon","coordinates":[[[125.270016,43.814177],[125.270046,43.814114],[125.270006,43.813994],[125.270714,43.813887],[125.270749,43.814011],[125.270752,43.81425],[125.270625,43.814495],[125.270016,43.814177]]]}},{"type":"Feature","id":"way/1421291619","properties":{"building":"college","name":"J 栋"},"geometry":{"type":"Polygon","coordinates":[[[125.270707,43.813793],[125.269632,43.813961],[125.26959,43.813822],[125.270666,43.813654],[125.270707,43.813793]]]}},{"type":"Feature","id":"way/1421291621","properties":{"building":"college","name":"I 栋"},"geometry":{"type":"Polygon","coordinates":[[[125.271493,43.813712],[125.271366,43.813671],[125.27084,43.81376],[125.270798,43.813628],[125.271332,43.813538],[125.271361,43.813568],[125.27139,43.81352],[125.271574,43.813579],[125.271493,43.813712]]]}},{"type":"Feature","id":"way/1421291622","properties":{"leisure":"pitch"},"geometry":{"type":"Polygon","coordinates":[[[125.271115,43.814714],[125.271376,43.814268],[125.271846,43.814411],[125.271586,43.814857],[125.271115,43.814714]]]}},{"type":"Feature","id":"way/1421291629","properties":{"building":"college","name":"E 栋"},"geometry":{"type":"Polygon","coordinates":[[[125.268654,43.815388],[125.268153,43.815532],[125.268126,43.815445],[125.268075,43.815454],[125.268049,43.815368],[125.268646,43.815209],[125.26867,43.815286],[125.268737,43.815275],[125.268755,43.815334],[125.268643,43.815352],[125.268654,43.815388]]]}},{"type":"Feature","id":"way/1421291630","properties":{"building":"college","name":"H 栋"},"geometry":{"type":"Polygon","coordinates":[[[125.269585,43.814872],[125.268833,43.814996],[125.268653,43.814429],[125.269229,43.814334],[125.269483,43.814466],[125.269346,43.814602],[125.269633,43.814752],[125.269585,43.814872]]]}},{"type":"Feature","id":"way/1421291631","properties":{"building":"college","name":"K 栋"},"geometry":{"type":"Polygon","coordinates":[[[125.269346,43.814602],[125.269871,43.814877],[125.270008,43.814741],[125.269483,43.814466],[125.269346,43.814602]]]}},{"type":"Feature","id":"way/1421291639","properties":{"building":"dormitory","name":"长春建筑学院学生公寓 M 座"},"geometry":{"type":"Polygon","coordinates":[[[125.272025,43.813848],[125.272103,43.813719],[125.271904,43.813656],[125.271827,43.813783],[125.271648,43.813726],[125.271808,43.813463],[125.272359,43.813637],[125.272197,43.813903],[125.272025,43.813848]]]}},{"type":"Feature","id":"way/1425961679","properties":{"landuse":"grass"},"geometry":{"type":"Polygon","coordinates":[[[125.26895,43.810681],[125.2695,43.810856],[125.269623,43.810825],[125.269673,43.810775],[125.269701,43.810042],[125.269563,43.810023],[125.269451,43.810201],[125.269368,43.810173],[125.269534,43.809909],[125.269471,43.809889],[125.26895,43.810681]]]}},{"type":"Feature","id":"way/1425961680","properties":{"building":"yes"},"geometry":{"type":"Polygon","coordinates":[[[125.269563,43.810023],[125.269479,43.809996],[125.269368,43.810173],[125.269451,43.810201],[125.269563,43.810023]]]}},{"type":"Feature","id":"way/1425961685","properties":{"landuse":"grass"},"geometry":{"type":"Polygon","coordinates":[[[125.269419,43.80984],[125.269484,43.809801],[125.269633,43.8098],[125.269622,43.809905],[125.269419,43.80984]]]}},{"type":"Feature","id":"way/1425961686","properties":{"leisure":"park"},"geometry":{"type":"Polygon","coordinates":[[[125.267888,43.810882],[125.26837,43.811032],[125.26837,43.811262],[125.268386,43.811347],[125.26847,43.811465],[125.268476,43.81165],[125.267722,43.812259],[125.267637,43.81236],[125.267608,43.812483],[125.267358,43.812571],[125.267407,43.812926],[125.269395,43.811319],[125.269413,43.81128],[125.269372,43.81117],[125.269275,43.811129],[125.267979,43.810717],[125.267888,43.810882]]]}},{"type":"Feature","id":"way/1425961702","properties":{"building":"yes"},"geometry":{"type":"Polygon","coordinates":[[[125.268111,43.810906],[125.268319,43.810972],[125.268357,43.810908],[125.26815,43.810842],[125.268111,43.810906]]]}},{"type":"Feature","id":"way/1425961706","properties":{"building":"yes"},"geometry":{"type":"Polygon","coordinates":[[[125.270285,43.810311],[125.270284,43.810492],[125.270368,43.810493],[125.27037,43.810311],[125.270285,43.810311]]]}},{"type":"Feature","id":"way/1425961708","properties":{"building":"yes"},"geometry":{"type":"Polygon","coordinates":[[[125.269454,43.811946],[125.269624,43.81181],[125.269568,43.811774],[125.269399,43.81191],[125.269454,43.811946]]]}},{"type":"Feature","id":"way/1473632388","properties":{"building":"university","name":"法学楼"},"geometry":{"type":"Polygon","coordinates":[[[125.273225,43.820135],[125.273514,43.819661],[125.273686,43.819716],[125.273733,43.819638],[125.273484,43.819559],[125.273667,43.819258],[125.274408,43.819493],[125.274226,43.819792],[125.273807,43.81966],[125.27376,43.819738],[125.273924,43.81979],[125.273635,43.820265],[125.273225,43.820135]]]}},{"type":"Feature","id":"way/1473632389","properties":{"landuse":"grass"},"geometry":{"type":"Polygon","coordinates":[[[125.273485,43.820404],[125.273834,43.820504],[125.274004,43.820251],[125.273918,43.820221],[125.273878,43.820233],[125.273936,43.820256],[125.273857,43.820392],[125.273796,43.820373],[125.273674,43.820414],[125.273515,43.820378],[125.273485,43.820404]]]}},{"type":"Feature","id":"way/1473632390","properties":{"landuse":"grass"},"geometry":{"type":"Polygon","coordinates":[[[125.274053,43.819937],[125.274112,43.819956],[125.274156,43.819888],[125.274109,43.819858],[125.274218,43.81988],[125.274137,43.819993],[125.274057,43.819969],[125.274053,43.819937]]]}},{"type":"Feature","id":"way/1473632391","properties":{"landuse":"grass"},"geometry":{"type":"Polygon","coordinates":[[[125.273447,43.819772],[125.273301,43.819724],[125.273372,43.819632],[125.273444,43.819645],[125.273419,43.819686],[125.273486,43.819708],[125.273447,43.819772]]]}},{"type":"Feature","id":"way/1473632392","properties":{"landuse":"grass"},"geometry":{"type":"Polygon","coordinates":[[[125.273241,43.82011],[125.273091,43.820065],[125.273179,43.819922],[125.273329,43.819965],[125.273241,43.82011]]]}},{"type":"Feature","id":"way/1473632393","properties":{"landuse":"grass"},"geometry":{"type":"Polygon","coordinates":[[[125.273234,43.820138],[125.273193,43.820201],[125.273045,43.820156],[125.273092,43.820087],[125.273234,43.820138]]]}},{"type":"Feature","id":"way/1473632394","properties":{"landuse":"grass"},"geometry":{"type":"Polygon","coordinates":[[[125.273027,43.82022],[125.273138,43.820251],[125.273122,43.820314],[125.273011,43.820278],[125.273027,43.82022]]]}},{"type":"Feature","id":"way/1473632395","properties":{"landuse":"grass"},"geometry":{"type":"Polygon","coordinates":[[[125.273494,43.819542],[125.273447,43.819528],[125.273449,43.819505],[125.273623,43.819221],[125.273778,43.819269],[125.273776,43.819292],[125.273667,43.819258],[125.273494,43.819542]]]}},{"type":"Feature","id":"way/1473632396","properties":{"landuse":"grass"},"geometry":{"type":"Polygon","coordinates":[[[125.274045,43.819378],[125.274066,43.819361],[125.274217,43.819413],[125.274203,43.819428],[125.274045,43.819378]]]}},{"type":"Feature","id":"way/1473632397","properties":{"landuse":"grass"},"geometry":{"type":"Polygon","coordinates":[[[125.274266,43.819448],[125.274284,43.81943],[125.274441,43.819488],[125.274252,43.819803],[125.274226,43.819792],[125.274408,43.819493],[125.274266,43.819448]]]}},{"type":"Feature","id":"way/1473632399","properties":{"building":"university","name":"吕振羽楼"},"geometry":{"type":"Polygon","coordinates":[[[125.272817,43.820994],[125.273035,43.821063],[125.273101,43.820953],[125.273024,43.820929],[125.27315,43.820721],[125.273218,43.820743],[125.273279,43.820643],[125.273078,43.820579],[125.273062,43.820606],[125.273017,43.820592],[125.272799,43.82095],[125.272836,43.820962],[125.272817,43.820994]]]}},{"type":"Feature","id":"way/1473632400","properties":{"landuse":"grass"},"geometry":{"type":"Polygon","coordinates":[[[125.27259,43.820951],[125.273411,43.821206],[125.273492,43.821072],[125.273355,43.821029],[125.273375,43.820996],[125.273321,43.820979],[125.273299,43.821016],[125.273101,43.820953],[125.273035,43.821063],[125.272817,43.820994],[125.272836,43.820962],[125.272799,43.82095],[125.272883,43.820811],[125.272701,43.82075],[125.27259,43.820951]]]}},{"type":"Feature","id":"way/1473632401","properties":{"landuse":"grass"},"geometry":{"type":"Polygon","coordinates":[[[125.273218,43.820743],[125.273412,43.820805],[125.273389,43.820845],[125.273448,43.820863],[125.273472,43.820822],[125.273611,43.820865],[125.273739,43.820634],[125.272916,43.820382],[125.272732,43.820696],[125.272919,43.820753],[125.273017,43.820592],[125.273062,43.820606],[125.273078,43.820579],[125.273279,43.820643],[125.273218,43.820743]]]}},{"type":"Feature","id":"way/1473632402","properties":{"landuse":"grass"},"geometry":{"type":"Polygon","coordinates":[[[125.272561,43.821006],[125.272341,43.821387],[125.273114,43.821635],[125.273156,43.821624],[125.273278,43.821406],[125.273192,43.821378],[125.273113,43.821515],[125.272517,43.821336],[125.272604,43.821186],[125.272678,43.821208],[125.272757,43.82107],[125.272561,43.821006]]]}},{"type":"Feature","id":"way/1473632403","properties":{"landuse":"grass"},"geometry":{"type":"Polygon","coordinates":[[[125.273221,43.821328],[125.273306,43.821354],[125.273363,43.821254],[125.27328,43.821228],[125.273221,43.821328]]]}},{"type":"Feature","id":"way/1473632404","properties":{"landuse":"construction","name":"吉林大学电子医学楼"},"geometry":{"type":"Polygon","coordinates":[[[125.271335,43.818271],[125.273544,43.818981],[125.274457,43.817407],[125.27248,43.816369],[125.271335,43.818271]]]}},{"type":"Feature","id":"way/1473632420","properties":{"landuse":"flowerbed"},"geometry":{"type":"Polygon","coordinates":[[[125.276125,43.821874],[125.276066,43.821832],[125.27607,43.821751],[125.276127,43.821713],[125.27624,43.821718],[125.276299,43.821789],[125.276276,43.821846],[125.276207,43.82188],[125.276125,43.821874]]]}},{"type":"Feature","id":"way/1473632421","properties":{"landuse":"grass"},"geometry":{"type":"Polygon","coordinates":[[[125.275775,43.821842],[125.275776,43.821745],[125.275876,43.821777],[125.275931,43.82184],[125.275775,43.821842]]]}},{"type":"Feature","id":"way/1473632422","properties":{"landuse":"grass"},"geometry":{"type":"Polygon","coordinates":[[[125.27605,43.822002],[125.27594,43.821965],[125.27583,43.821881],[125.275968,43.821871],[125.276042,43.821906],[125.27605,43.822002]]]}},{"type":"Feature","id":"way/1473632423","properties":{"landuse":"grass"},"geometry":{"type":"Polygon","coordinates":[[[125.276051,43.822037],[125.275907,43.82199],[125.275759,43.821875],[125.275661,43.821874],[125.275534,43.821929],[125.276053,43.822099],[125.276051,43.822037]]]}},{"type":"Feature","id":"way/1473632424","properties":{"landuse":"grass"},"geometry":{"type":"Polygon","coordinates":[[[125.275237,43.821833],[125.275365,43.821619],[125.275724,43.821732],[125.27573,43.821834],[125.27562,43.82185],[125.275491,43.821914],[125.275237,43.821833]]]}},{"type":"Feature","id":"way/1473632425","properties":{"landuse":"grass"},"geometry":{"type":"Polygon","coordinates":[[[125.275485,43.821589],[125.275651,43.82164],[125.275664,43.821619],[125.275498,43.821568],[125.275485,43.821589]]]}},{"type":"Feature","id":"way/1473632426","properties":{"landuse":"grass"},"geometry":{"type":"Polygon","coordinates":[[[125.275821,43.821694],[125.275727,43.821664],[125.27574,43.821641],[125.275835,43.821671],[125.275821,43.821694]]]}},{"type":"Feature","id":"way/1473632427","properties":{"landuse":"grass"},"geometry":{"type":"Polygon","coordinates":[[[125.275969,43.821653],[125.275853,43.821611],[125.275937,43.821562],[125.276062,43.821546],[125.276062,43.821631],[125.275969,43.821653]]]}},{"type":"Feature","id":"way/1473632428","properties":{"landuse":"grass"},"geometry":{"type":"Polygon","coordinates":[[[125.275453,43.821487],[125.275608,43.821209],[125.276077,43.821352],[125.276066,43.821506],[125.275898,43.821534],[125.275804,43.821589],[125.275453,43.821487]]]}},{"type":"Feature","id":"way/1473632429","properties":{"landuse":"flowerbed"},"geometry":{"type":"Polygon","coordinates":[[[125.274974,43.821498],[125.274918,43.821441],[125.274916,43.821388],[125.274956,43.821352],[125.275024,43.821349],[125.27513,43.821419],[125.275137,43.821468],[125.275059,43.821517],[125.274974,43.821498]]]}},{"type":"Feature","id":"way/1473632430","properties":{"landuse":"grass"},"geometry":{"type":"Polygon","coordinates":[[[125.274678,43.821663],[125.274766,43.821516],[125.275281,43.821676],[125.275194,43.821823],[125.274678,43.821663]]]}},{"type":"Feature","id":"way/1473632431","properties":{"landuse":"grass"},"geometry":{"type":"Polygon","coordinates":[[[125.274923,43.821241],[125.275042,43.82104],[125.275562,43.821199],[125.275443,43.821401],[125.274923,43.821241]]]}},{"type":"Feature","id":"way/1473632432","properties":{"landuse":"grass"},"geometry":{"type":"Polygon","coordinates":[[[125.27464,43.821647],[125.274296,43.82154],[125.274358,43.821437],[125.274486,43.821477],[125.274471,43.821502],[125.274532,43.821522],[125.274508,43.821561],[125.274663,43.82161],[125.27464,43.821647]]]}},{"type":"Feature","id":"way/1473632433","properties":{"landuse":"grass"},"geometry":{"type":"Polygon","coordinates":[[[125.274669,43.821591],[125.274543,43.821552],[125.274582,43.821486],[125.274368,43.82142],[125.274442,43.821296],[125.274746,43.82139],[125.274731,43.821415],[125.274767,43.821426],[125.274669,43.821591]]]}},{"type":"Feature","id":"way/1473632434","properties":{"landuse":"grass"},"geometry":{"type":"Polygon","coordinates":[[[125.274934,43.821134],[125.274808,43.821095],[125.274769,43.82116],[125.274555,43.821094],[125.274481,43.821218],[125.274785,43.821312],[125.2748,43.821287],[125.274836,43.821298],[125.274934,43.821134]]]}},{"type":"Feature","id":"way/1473632435","properties":{"landuse":"grass"},"geometry":{"type":"Polygon","coordinates":[[[125.274565,43.821072],[125.274687,43.821109],[125.274704,43.821082],[125.274775,43.821104],[125.274797,43.821067],[125.274953,43.821115],[125.275004,43.821028],[125.274655,43.82092],[125.274565,43.821072]]]}},{"type":"Feature","id":"way/1473632436","properties":{"landuse":"grass"},"geometry":{"type":"Polygon","coordinates":[[[125.273651,43.821337],[125.274241,43.821521],[125.2743,43.821424],[125.274095,43.821359],[125.274052,43.821427],[125.273877,43.821374],[125.273953,43.821241],[125.273809,43.821196],[125.273786,43.821161],[125.27382,43.821094],[125.273797,43.821087],[125.273651,43.821337]]]}},{"type":"Feature","id":"way/1473632437","properties":{"landuse":"grass"},"geometry":{"type":"Polygon","coordinates":[[[125.273928,43.821339],[125.274046,43.821374],[125.274077,43.82133],[125.274319,43.821404],[125.274392,43.821278],[125.274192,43.821216],[125.274165,43.821261],[125.274103,43.821287],[125.273978,43.82125],[125.273928,43.821339]]]}},{"type":"Feature","id":"way/1473632439","properties":{"landuse":"grass"},"geometry":{"type":"Polygon","coordinates":[[[125.273842,43.821177],[125.273825,43.821157],[125.273852,43.821107],[125.274148,43.8212],[125.274127,43.821242],[125.274087,43.821254],[125.273842,43.821177]]]}},{"type":"Feature","id":"way/1473632440","properties":{"landuse":"grass"},"geometry":{"type":"Polygon","coordinates":[[[125.273903,43.821036],[125.274192,43.821128],[125.274218,43.821091],[125.274218,43.821061],[125.273962,43.820981],[125.273903,43.821036]]]}},{"type":"Feature","id":"way/1473632441","properties":{"landuse":"grass"},"geometry":{"type":"Polygon","coordinates":[[[125.27443,43.821204],[125.274235,43.82114],[125.274268,43.821084],[125.274242,43.821034],[125.274128,43.820997],[125.274178,43.820911],[125.274297,43.820946],[125.27427,43.820999],[125.27451,43.821072],[125.27443,43.821204]]]}},{"type":"Feature","id":"way/1473632442","properties":{"landuse":"grass"},"geometry":{"type":"Polygon","coordinates":[[[125.274098,43.820993],[125.273961,43.820954],[125.273912,43.820962],[125.273872,43.821026],[125.273843,43.821016],[125.274021,43.820721],[125.274612,43.820904],[125.27452,43.821055],[125.274306,43.820993],[125.274349,43.820912],[125.274172,43.820862],[125.274098,43.820993]]]}},{"type":"Feature","id":"way/1473632458","properties":{"natural":"wood"},"geometry":{"type":"Polygon","coordinates":[[[125.274063,43.820563],[125.274211,43.82032],[125.274274,43.82034],[125.274222,43.820428],[125.275089,43.820693],[125.275222,43.820466],[125.276089,43.820712],[125.276071,43.821196],[125.274063,43.820563]]]}},{"type":"Feature","id":"way/1473632459","properties":{"natural":"wood"},"geometry":{"type":"Polygon","coordinates":[[[125.275263,43.820397],[125.276094,43.820625],[125.276105,43.82006],[125.276051,43.819966],[125.276072,43.8199],[125.274805,43.819497],[125.274719,43.819489],[125.274443,43.819931],[125.27537,43.820214],[125.275263,43.820397]]]}},{"type":"Feature","id":"way/1473632460","properties":{"landuse":"grass"},"geometry":{"type":"Polygon","coordinates":[[[125.274296,43.820302],[125.274231,43.820282],[125.274418,43.819973],[125.274477,43.819993],[125.274296,43.820302]]]}},{"type":"Feature","id":"way/1473632476","properties":{"landuse":"grass"},"geometry":{"type":"Polygon","coordinates":[[[125.276298,43.822193],[125.277444,43.822212],[125.277447,43.821904],[125.276494,43.82189],[125.27644,43.821932],[125.276307,43.821963],[125.276298,43.822193]]]}},{"type":"Feature","id":"way/1473632477","properties":{"landuse":"grass"},"geometry":{"type":"Polygon","coordinates":[[[125.276312,43.821389],[125.277456,43.821402],[125.277441,43.821712],[125.276492,43.821699],[125.276422,43.821631],[125.276308,43.821579],[125.276312,43.821389]]]}},{"type":"Feature","id":"way/1473632478","properties":{"landuse":"grass"},"geometry":{"type":"Polygon","coordinates":[[[125.277507,43.82221],[125.277516,43.821903],[125.278092,43.821907],[125.278201,43.821985],[125.277892,43.822087],[125.277608,43.822212],[125.277507,43.82221]]]}},{"type":"Feature","id":"way/1473632479","properties":{"landuse":"grass"},"geometry":{"type":"Polygon","coordinates":[[[125.277729,43.82221],[125.278035,43.822111],[125.278355,43.822055],[125.278595,43.822098],[125.278592,43.822222],[125.277729,43.82221]]]}},{"type":"Feature","id":"way/1473632480","properties":{"landuse":"grass"},"geometry":{"type":"Polygon","coordinates":[[[125.277524,43.821711],[125.277535,43.821402],[125.277623,43.821404],[125.278204,43.821639],[125.278096,43.82172],[125.277524,43.821711]]]}},{"type":"Feature","id":"way/1473632481","properties":{"landuse":"grass"},"geometry":{"type":"Polygon","coordinates":[[[125.277771,43.821409],[125.278589,43.82142],[125.278589,43.821541],[125.278333,43.821564],[125.278076,43.821513],[125.277771,43.821409]]]}},{"type":"Feature","id":"way/1473632482","properties":{"landuse":"grass"},"geometry":{"type":"Polygon","coordinates":[[[125.278694,43.821417],[125.279588,43.821422],[125.279312,43.821522],[125.278988,43.821574],[125.278692,43.821541],[125.278694,43.821417]]]}},{"type":"Feature","id":"way/1473632483","properties":{"landuse":"grass"},"geometry":{"type":"Polygon","coordinates":[[[125.278706,43.822099],[125.278961,43.822068],[125.2794,43.82216],[125.279583,43.822242],[125.278702,43.822227],[125.278706,43.822099]]]}},{"type":"Feature","id":"way/1473632486","properties":{"landuse":"grass"},"geometry":{"type":"Polygon","coordinates":[[[125.27921,43.821727],[125.279806,43.821731],[125.279814,43.821425],[125.279688,43.821426],[125.279468,43.821542],[125.279123,43.821655],[125.27921,43.821727]]]}},{"type":"Feature","id":"way/1473632487","properties":{"landuse":"grass"},"geometry":{"type":"Polygon","coordinates":[[[125.27969,43.822241],[125.279803,43.822244],[125.27981,43.821927],[125.279217,43.821922],[125.279127,43.822],[125.279575,43.822161],[125.27969,43.822241]]]}},{"type":"Feature","id":"way/1473632488","properties":{"landuse":"grass"},"geometry":{"type":"Polygon","coordinates":[[[125.279867,43.822242],[125.280853,43.822247],[125.28086,43.822017],[125.280772,43.821937],[125.279874,43.821927],[125.279867,43.822242]]]}},{"type":"Feature","id":"way/1473632489","properties":{"landuse":"grass"},"geometry":{"type":"Polygon","coordinates":[[[125.279877,43.821726],[125.27988,43.821421],[125.280864,43.821434],[125.280863,43.82163],[125.28075,43.821735],[125.279877,43.821726]]]}},{"type":"Feature","id":"way/1473632490","properties":{"landuse":"grass"},"geometry":{"type":"Polygon","coordinates":[[[125.28113,43.82197],[125.281601,43.821974],[125.281548,43.821891],[125.281172,43.821887],[125.28113,43.82197]]]}},{"type":"Feature","id":"way/1473632491","properties":{"landuse":"grass"},"geometry":{"type":"Polygon","coordinates":[[[125.281137,43.821718],[125.281608,43.821722],[125.281552,43.821804],[125.281177,43.821802],[125.281137,43.821718]]]}},{"type":"Feature","id":"way/1473632494","properties":{"landuse":"grass"},"geometry":{"type":"Polygon","coordinates":[[[125.281057,43.822249],[125.281981,43.822265],[125.282201,43.822206],[125.281946,43.822],[125.281833,43.822035],[125.281094,43.822025],[125.281063,43.822054],[125.281057,43.822249]]]}},{"type":"Feature","id":"way/1473632495","properties":{"landuse":"grass"},"geometry":{"type":"Polygon","coordinates":[[[125.282258,43.822182],[125.281986,43.821977],[125.282034,43.82192],[125.282252,43.821921],[125.282252,43.821955],[125.282478,43.821957],[125.282388,43.8221],[125.282258,43.822182]]]}},{"type":"Feature","id":"way/1473632496","properties":{"landuse":"grass"},"geometry":{"type":"Polygon","coordinates":[[[125.282272,43.821534],[125.281991,43.821732],[125.282036,43.82179],[125.282254,43.821795],[125.282256,43.821761],[125.282483,43.821764],[125.282398,43.82162],[125.282272,43.821534]]]}},{"type":"Feature","id":"way/1473632497","properties":{"landuse":"grass"},"geometry":{"type":"Polygon","coordinates":[[[125.281075,43.821439],[125.281999,43.821445],[125.282217,43.821509],[125.281952,43.821709],[125.281841,43.821671],[125.281154,43.821659],[125.281068,43.821596],[125.281075,43.821439]]]}},{"type":"Feature","id":"way/1473651054","properties":{"building":"university","amenity":"library","name":"中心图书馆"},"geometry":{"type":"Polygon","coordinates":[[[125.276864,43.820902],[125.276861,43.820783],[125.276743,43.820782],[125.276721,43.82064],[125.276768,43.820484],[125.276807,43.82041],[125.276835,43.82041],[125.276893,43.820197],[125.277035,43.820313],[125.277228,43.820314],[125.277229,43.820243],[125.278002,43.820256],[125.277993,43.820876],[125.277218,43.82087],[125.277219,43.820768],[125.277027,43.820765],[125.276984,43.820822],[125.276864,43.820902]]]}},{"type":"Feature","id":"way/1473651073","properties":{"landuse":"grass"},"geometry":{"type":"Polygon","coordinates":[[[125.2774,43.820227],[125.278001,43.820237],[125.278017,43.820346],[125.278131,43.820349],[125.278134,43.820261],[125.278089,43.8202],[125.277826,43.820082],[125.277399,43.820076],[125.2774,43.820227]]]}},{"type":"Feature","id":"way/1473651074","properties":{"landuse":"grass"},"geometry":{"type":"Polygon","coordinates":[[[125.277279,43.820077],[125.276335,43.820077],[125.27632,43.820442],[125.276581,43.820704],[125.276844,43.8209],[125.276846,43.820791],[125.276729,43.82079],[125.276702,43.820637],[125.276738,43.820479],[125.276791,43.820399],[125.276823,43.820393],[125.276876,43.820171],[125.276945,43.820206],[125.277035,43.820298],[125.277214,43.820298],[125.277244,43.820151],[125.277297,43.820105],[125.277279,43.820077]]]}},{"type":"Feature","id":"way/1473651075","properties":{"landuse":"grass"},"geometry":{"type":"Polygon","coordinates":[[[125.276312,43.821141],[125.276319,43.820488],[125.276621,43.820774],[125.276838,43.82092],[125.276312,43.821141]]]}},{"type":"Feature","id":"way/1473651076","properties":{"landuse":"grass"},"geometry":{"type":"Polygon","coordinates":[[[125.276347,43.821237],[125.276318,43.821188],[125.276377,43.821141],[125.276657,43.821007],[125.276833,43.820957],[125.276898,43.820989],[125.276911,43.821024],[125.276882,43.821049],[125.276593,43.821188],[125.27643,43.821246],[125.276347,43.821237]]]}},{"type":"Feature","id":"way/1473651077","properties":{"landuse":"grass"},"geometry":{"type":"Polygon","coordinates":[[[125.27654,43.821248],[125.277044,43.821249],[125.277056,43.821059],[125.276954,43.821055],[125.27654,43.821248]]]}},{"type":"Feature","id":"way/1473651078","properties":{"landuse":"grass"},"geometry":{"type":"Polygon","coordinates":[[[125.277214,43.821248],[125.27762,43.821255],[125.278115,43.821063],[125.278115,43.821032],[125.277256,43.82102],[125.277214,43.821074],[125.277214,43.821248]]]}},{"type":"Feature","id":"way/1473651079","properties":{"landuse":"grass"},"geometry":{"type":"Polygon","coordinates":[[[125.277756,43.821261],[125.278594,43.821271],[125.27862,43.821256],[125.278625,43.821062],[125.278592,43.82103],[125.27837,43.821027],[125.277756,43.821261]]]}},{"type":"Feature","id":"way/1473651080","properties":{"landuse":"grass"},"geometry":{"type":"Polygon","coordinates":[[[125.278712,43.821253],[125.278738,43.821269],[125.279519,43.821272],[125.278969,43.821028],[125.278774,43.82103],[125.278734,43.821049],[125.278712,43.821253]]]}},{"type":"Feature","id":"way/1473651081","properties":{"landuse":"grass"},"geometry":{"type":"Polygon","coordinates":[[[125.279323,43.820662],[125.279314,43.821106],[125.279535,43.821204],[125.27958,43.821172],[125.279584,43.820954],[125.279416,43.820812],[125.279323,43.820662]]]}},{"type":"Feature","id":"way/1473651082","properties":{"natural":"wood"},"geometry":{"type":"Polygon","coordinates":[[[125.279747,43.821271],[125.280859,43.821289],[125.280867,43.820831],[125.280567,43.820829],[125.280566,43.820916],[125.280422,43.820919],[125.280419,43.821051],[125.279749,43.821041],[125.279747,43.821271]]]}},{"type":"Feature","id":"way/1473651083","properties":{"natural":"wood"},"geometry":{"type":"Polygon","coordinates":[[[125.280883,43.820315],[125.280572,43.82031],[125.28049,43.82022],[125.280325,43.820133],[125.28015,43.820078],[125.279931,43.820065],[125.279738,43.820101],[125.279567,43.820174],[125.279441,43.820276],[125.279324,43.820421],[125.279341,43.81982],[125.279402,43.81982],[125.2794,43.81958],[125.27906,43.819567],[125.279059,43.819464],[125.278994,43.819465],[125.278993,43.819432],[125.278462,43.819425],[125.278463,43.81947],[125.27841,43.819472],[125.278407,43.819574],[125.278217,43.819435],[125.278117,43.819409],[125.277806,43.819389],[125.278059,43.818965],[125.278117,43.818965],[125.27998,43.81978],[125.280151,43.819816],[125.280898,43.819837],[125.280883,43.820315]]]}},{"type":"Feature","id":"way/1473651085","properties":{"landuse":"grass"},"geometry":{"type":"Polygon","coordinates":[[[125.27836,43.819569],[125.278064,43.819566],[125.278051,43.820022],[125.277543,43.819847],[125.277783,43.819413],[125.278177,43.819448],[125.278239,43.81947],[125.27836,43.819569]]]}},{"type":"Feature","id":"way/1473651086","properties":{"landuse":"grass"},"geometry":{"type":"Polygon","coordinates":[[[125.278628,43.820108],[125.278625,43.820207],[125.278243,43.820202],[125.278145,43.820098],[125.278143,43.819883],[125.278241,43.819858],[125.278239,43.820015],[125.278292,43.820015],[125.278292,43.820102],[125.278628,43.820108]]]}},{"type":"Feature","id":"way/1473651087","properties":{"landuse":"grass"},"geometry":{"type":"Polygon","coordinates":[[[125.27876,43.82021],[125.279239,43.820218],[125.279255,43.819862],[125.279204,43.819862],[125.279199,43.820023],[125.279152,43.820023],[125.279147,43.820111],[125.278761,43.820107],[125.27876,43.82021]]]}},{"type":"Feature","id":"way/1473651095","properties":{"landuse":"flowerbed"},"geometry":{"type":"Polygon","coordinates":[[[125.27868,43.820642],[125.278607,43.820624],[125.278566,43.820554],[125.278593,43.820506],[125.278691,43.820478],[125.27878,43.820521],[125.278792,43.820576],[125.278752,43.820624],[125.27868,43.820642]]]}},{"type":"Feature","id":"way/1473651096","properties":{"landuse":"flowerbed"},"geometry":{"type":"Polygon","coordinates":[[[125.278724,43.820766],[125.278978,43.820769],[125.278982,43.820594],[125.278851,43.820593],[125.278807,43.820657],[125.278725,43.820686],[125.278724,43.820766]]]}},{"type":"Feature","id":"way/1473651097","properties":{"landuse":"flowerbed"},"geometry":{"type":"Polygon","coordinates":[[[125.278728,43.820356],[125.278982,43.820359],[125.278978,43.820535],[125.278847,43.820532],[125.278806,43.820467],[125.278725,43.820436],[125.278728,43.820356]]]}},{"type":"Feature","id":"way/1473651098","properties":{"landuse":"flowerbed"},"geometry":{"type":"Polygon","coordinates":[[[125.278634,43.820763],[125.27838,43.820761],[125.278383,43.820585],[125.278514,43.820587],[125.278555,43.820653],[125.278636,43.820683],[125.278634,43.820763]]]}},{"type":"Feature","id":"way/1473651099","properties":{"landuse":"flowerbed"},"geometry":{"type":"Polygon","coordinates":[[[125.278646,43.820354],[125.278392,43.820351],[125.278389,43.820526],[125.27852,43.820527],[125.278564,43.820463],[125.278646,43.820434],[125.278646,43.820354]]]}},{"type":"Feature","id":"way/1473651119","properties":{"natural":"wood"},"geometry":{"type":"Polygon","coordinates":[[[125.277007,43.818755],[125.277162,43.818522],[125.277992,43.818901],[125.277898,43.819046],[125.277007,43.818755]]]}},{"type":"Feature","id":"way/1473651120","properties":{"natural":"wood"},"geometry":{"type":"Polygon","coordinates":[[[125.276392,43.819975],[125.277341,43.819992],[125.277408,43.819924],[125.277381,43.819884],[125.276531,43.819615],[125.276331,43.819915],[125.276392,43.819975]]]}},{"type":"Feature","id":"way/1473651121","properties":{"landuse":"grass"},"geometry":{"type":"Polygon","coordinates":[[[125.277556,43.819991],[125.277732,43.819999],[125.277753,43.819968],[125.277573,43.819904],[125.27752,43.819957],[125.277556,43.819991]]]}},{"type":"Feature","id":"way/1473651126","properties":{"leisure":"pitch"},"geometry":{"type":"Polygon","coordinates":[[[125.276011,43.818654],[125.276241,43.818725],[125.276353,43.818536],[125.276123,43.818464],[125.276011,43.818654]]]}},{"type":"Feature","id":"way/1473651127","properties":{"leisure":"pitch"},"geometry":{"type":"Polygon","coordinates":[[[125.275725,43.819161],[125.275932,43.819227],[125.276073,43.818996],[125.275867,43.81893],[125.275725,43.819161]]]}},{"type":"Feature","id":"way/1473651134","properties":{"natural":"wood"},"geometry":{"type":"Polygon","coordinates":[[[125.275075,43.819455],[125.27618,43.819806],[125.276402,43.81942],[125.276216,43.819372],[125.27611,43.819546],[125.275267,43.81929],[125.275384,43.819101],[125.275305,43.819076],[125.275075,43.819455]]]}},{"type":"Feature","id":"way/1473651135","properties":{"natural":"wood"},"geometry":{"type":"Polygon","coordinates":[[[125.275333,43.81903],[125.275491,43.819076],[125.275643,43.818808],[125.275523,43.818766],[125.27548,43.818773],[125.275333,43.81903]]]}},{"type":"Feature","id":"way/1473651136","properties":{"natural":"wood"},"geometry":{"type":"Polygon","coordinates":[[[125.275717,43.818677],[125.275586,43.818633],[125.275577,43.818596],[125.275912,43.818038],[125.275968,43.818007],[125.276985,43.818448],[125.276864,43.81866],[125.276712,43.818615],[125.276764,43.818531],[125.276808,43.818543],[125.276856,43.818453],[125.275941,43.818168],[125.27583,43.818348],[125.275905,43.818369],[125.275717,43.818677]]]}},{"type":"Feature","id":"way/1473751423","properties":{"natural":"wood"},"geometry":{"type":"Polygon","coordinates":[[[125.281075,43.821292],[125.28109,43.820618],[125.281924,43.820626],[125.281846,43.820811],[125.28187,43.820931],[125.281814,43.821304],[125.281075,43.821292]]]}},{"type":"Feature","id":"way/1473751424","properties":{"natural":"wood"},"geometry":{"type":"Polygon","coordinates":[[[125.281859,43.821298],[125.282228,43.82134],[125.282373,43.821399],[125.282497,43.82149],[125.282597,43.821621],[125.28263,43.82162],[125.282645,43.821245],[125.281891,43.8211],[125.281859,43.821298]]]}},{"type":"Feature","id":"way/1473751425","properties":{"landuse":"grass"},"geometry":{"type":"Polygon","coordinates":[[[125.281891,43.8211],[125.281911,43.820919],[125.281888,43.82079],[125.281967,43.820626],[125.282504,43.820637],[125.282554,43.820678],[125.282566,43.821046],[125.282655,43.821114],[125.282645,43.821245],[125.281891,43.8211]]]}},{"type":"Feature","id":"way/1473751426","properties":{"natural":"wood"},"geometry":{"type":"Polygon","coordinates":[[[125.282669,43.821677],[125.283014,43.821683],[125.283039,43.821621],[125.283158,43.821608],[125.283362,43.82142],[125.283396,43.819955],[125.283124,43.819761],[125.281061,43.819701],[125.28103,43.820563],[125.281327,43.820568],[125.281339,43.819952],[125.282927,43.819961],[125.282899,43.820567],[125.282541,43.82056],[125.282536,43.820616],[125.282579,43.820665],[125.282613,43.820828],[125.2826,43.821032],[125.282694,43.821099],[125.282669,43.821677]]]}},{"type":"Feature","id":"way/1473751430","properties":{"building":"university","name":"匡亚明楼"},"geometry":{"type":"Polygon","coordinates":[[[125.274025,43.818936],[125.274201,43.818992],[125.274227,43.818947],[125.274253,43.818955],[125.274235,43.818984],[125.274779,43.819155],[125.274898,43.818957],[125.274807,43.818929],[125.274824,43.8189],[125.274345,43.818749],[125.27479,43.81801],[125.275273,43.818161],[125.27529,43.818132],[125.275373,43.818158],[125.275487,43.817968],[125.274947,43.817799],[125.274928,43.817831],[125.274904,43.817824],[125.274918,43.8178],[125.274743,43.817746],[125.274025,43.818936]]]}},{"type":"Feature","id":"way/1473751441","properties":{"natural":"wood"},"geometry":{"type":"Polygon","coordinates":[[[125.273729,43.819029],[125.274945,43.81942],[125.275192,43.819006],[125.274928,43.818925],[125.274771,43.81918],[125.274004,43.818941],[125.274732,43.817729],[125.275506,43.817971],[125.27535,43.818226],[125.275643,43.818316],[125.275862,43.817962],[125.27513,43.817637],[125.274632,43.817477],[125.273729,43.819029]]]}},{"type":"Feature","id":"way/1473759392","properties":{"building":"university","name":"无机－超分子楼"},"geometry":{"type":"Polygon","coordinates":[[[125.281272,43.824227],[125.282672,43.824239],[125.282679,43.824044],[125.282567,43.824042],[125.282568,43.823937],[125.282708,43.823923],[125.282708,43.823848],[125.282307,43.823878],[125.282316,43.823768],[125.282473,43.823732],[125.282533,43.823673],[125.282488,43.823567],[125.282307,43.823521],[125.282173,43.823554],[125.282099,43.823624],[125.282119,43.823701],[125.282212,43.823754],[125.282208,43.823875],[125.281201,43.82379],[125.281199,43.823874],[125.281339,43.823886],[125.281338,43.824025],[125.281277,43.824025],[125.281272,43.824227]]]}},{"type":"Feature","id":"way/1473759396","properties":{"natural":"wood"},"geometry":{"type":"Polygon","coordinates":[[[125.280974,43.823787],[125.281164,43.823801],[125.281159,43.823884],[125.28126,43.823898],[125.281256,43.824241],[125.282692,43.824252],[125.282696,43.824165],[125.282828,43.824168],[125.282827,43.824317],[125.282806,43.824334],[125.280997,43.824311],[125.280961,43.824269],[125.280974,43.823787]]]}},{"type":"Feature","id":"way/1473759397","properties":{"natural":"wood"},"geometry":{"type":"Polygon","coordinates":[[[125.282902,43.823517],[125.282954,43.823549],[125.28298,43.823714],[125.282957,43.823751],[125.282898,43.823765],[125.282899,43.824398],[125.28087,43.824358],[125.28074,43.8245],[125.28325,43.824529],[125.283299,43.824511],[125.283327,43.822351],[125.283176,43.822178],[125.283017,43.822177],[125.283018,43.822058],[125.282683,43.822057],[125.282614,43.82208],[125.282568,43.822157],[125.282464,43.822248],[125.282325,43.822319],[125.282184,43.822366],[125.281767,43.822393],[125.281764,43.82242],[125.282044,43.822475],[125.282299,43.822585],[125.282798,43.822623],[125.282906,43.822663],[125.282967,43.822737],[125.283039,43.823205],[125.283025,43.823285],[125.282951,43.823374],[125.28282,43.823431],[125.28264,43.823446],[125.281429,43.823443],[125.28132,43.823416],[125.281217,43.823336],[125.281146,43.823144],[125.280997,43.823144],[125.280992,43.823493],[125.282305,43.823515],[125.282488,43.823541],[125.282902,43.823517]]]}},{"type":"Feature","id":"way/1473759412","properties":{"natural":"wood"},"geometry":{"type":"Polygon","coordinates":[[[125.280997,43.823144],[125.281029,43.822389],[125.281386,43.82239],[125.281385,43.822415],[125.281225,43.822423],[125.281156,43.822464],[125.281131,43.822511],[125.281146,43.823144],[125.280997,43.823144]]]}},{"type":"Feature","id":"way/1473759413","properties":{"natural":"wood"},"geometry":{"type":"Polygon","coordinates":[[[125.280692,43.824497],[125.279224,43.824476],[125.279225,43.824442],[125.279312,43.824369],[125.279316,43.824323],[125.2793,43.824246],[125.279215,43.824224],[125.279222,43.824176],[125.279373,43.824179],[125.279408,43.824205],[125.279444,43.824316],[125.279537,43.824326],[125.280175,43.824332],[125.280176,43.824392],[125.280532,43.824393],[125.280534,43.82433],[125.28083,43.824345],[125.280776,43.82443],[125.280692,43.824497]]]}},{"type":"Feature","id":"way/1473759414","properties":{"natural":"wood"},"geometry":{"type":"Polygon","coordinates":[[[125.278759,43.824464],[125.278762,43.824317],[125.278862,43.824188],[125.279118,43.82418],[125.279116,43.824218],[125.279087,43.824225],[125.278907,43.824225],[125.27888,43.824391],[125.278807,43.82446],[125.278759,43.824464]]]}},{"type":"Feature","id":"way/1473759415","properties":{"natural":"wood"},"geometry":{"type":"Polygon","coordinates":[[[125.278454,43.824459],[125.278456,43.824345],[125.278499,43.824297],[125.278695,43.824281],[125.278731,43.824259],[125.278761,43.824181],[125.277833,43.824174],[125.277828,43.824288],[125.276019,43.824283],[125.276027,43.823566],[125.276006,43.823554],[125.275179,43.823771],[125.275177,43.823845],[125.275133,43.82389],[125.275061,43.823931],[125.274884,43.823967],[125.274768,43.823958],[125.274686,43.823902],[125.274311,43.823992],[125.274241,43.823992],[125.273759,43.823842],[125.273847,43.823687],[125.273647,43.823622],[125.273458,43.823678],[125.273744,43.824227],[125.274257,43.824418],[125.278454,43.824459]]]}},{"type":"Feature","id":"way/1473759426","properties":{"leisure":"sports_hall","building":"yes","name":"前卫体育馆"},"geometry":{"type":"Polygon","coordinates":[[[125.271499,43.818996],[125.271241,43.818896],[125.27123,43.818845],[125.27132,43.818686],[125.271405,43.818652],[125.271686,43.818728],[125.271756,43.818608],[125.27247,43.818836],[125.272392,43.818961],[125.272702,43.819058],[125.272734,43.819137],[125.272614,43.819308],[125.272524,43.819317],[125.272322,43.819256],[125.27227,43.819315],[125.272113,43.819401],[125.271919,43.819434],[125.271814,43.819425],[125.271619,43.819353],[125.271543,43.819286],[125.271465,43.819128],[125.271499,43.818996]]]}},{"type":"Feature","id":"way/1473759462","properties":{"natural":"wood"},"geometry":{"type":"Polygon","coordinates":[[[125.272641,43.819415],[125.27236,43.819325],[125.272379,43.819288],[125.272562,43.819337],[125.272641,43.81931],[125.272757,43.81912],[125.272747,43.819069],[125.272637,43.819021],[125.272706,43.818899],[125.272752,43.818866],[125.273368,43.819061],[125.273421,43.819098],[125.273417,43.819151],[125.273173,43.819545],[125.273096,43.819558],[125.272641,43.819415]]]}},{"type":"Feature","id":"way/1473759463","properties":{"natural":"wood"},"geometry":{"type":"Polygon","coordinates":[[[125.271655,43.819836],[125.271735,43.819689],[125.272087,43.819796],[125.272341,43.819374],[125.273124,43.819623],[125.272794,43.820182],[125.271655,43.819836]]]}},{"type":"Feature","id":"way/1473759464","properties":{"natural":"wood"},"geometry":{"type":"Polygon","coordinates":[[[125.272443,43.818943],[125.272505,43.818843],[125.272282,43.818767],[125.272309,43.818726],[125.272617,43.818824],[125.272521,43.818966],[125.272443,43.818943]]]}},{"type":"Feature","id":"way/1473759465","properties":{"natural":"wood"},"geometry":{"type":"Polygon","coordinates":[[[125.272003,43.818674],[125.271758,43.818596],[125.27168,43.818719],[125.271447,43.818649],[125.271343,43.818654],[125.271204,43.818856],[125.271233,43.818912],[125.27129,43.818943],[125.271479,43.818999],[125.271452,43.819039],[125.27102,43.818901],[125.271135,43.818707],[125.271106,43.818657],[125.271257,43.818404],[125.271603,43.818502],[125.271538,43.818613],[125.271634,43.818643],[125.271699,43.818531],[125.272028,43.818635],[125.272003,43.818674]]]}},{"type":"Feature","id":"way/1473759466","properties":{"natural":"wood"},"geometry":{"type":"Polygon","coordinates":[[[125.270947,43.818931],[125.271284,43.819037],[125.271291,43.819089],[125.271055,43.819487],[125.271416,43.8196],[125.271336,43.819741],[125.270616,43.819518],[125.270947,43.818931]]]}},{"type":"Feature","id":"way/1473764089","properties":{"building":"university","name":"唐敖庆楼"},"geometry":{"type":"Polygon","coordinates":[[[125.277929,43.8236],[125.278351,43.823604],[125.278348,43.823775],[125.278727,43.82376],[125.278727,43.823781],[125.27886,43.823782],[125.278864,43.823608],[125.279336,43.823613],[125.279338,43.823503],[125.279379,43.823504],[125.279388,43.823091],[125.279361,43.823091],[125.279362,43.823069],[125.279215,43.823068],[125.27921,43.823314],[125.278807,43.82331],[125.278806,43.82337],[125.278648,43.823328],[125.278524,43.823348],[125.278524,43.823369],[125.27849,43.823368],[125.278491,43.823309],[125.278077,43.823305],[125.278082,43.823065],[125.277926,43.823063],[125.277926,43.823082],[125.277897,43.823082],[125.277889,43.823497],[125.277931,43.823497],[125.277929,43.8236]]]}},{"type":"Feature","id":"way/1473764094","properties":{"building":"university"},"geometry":{"type":"Polygon","coordinates":[[[125.277892,43.824121],[125.278972,43.824139],[125.278973,43.824111],[125.279133,43.824114],[125.279138,43.823952],[125.278932,43.823949],[125.278933,43.82391],[125.278333,43.8239],[125.278332,43.82394],[125.277898,43.823933],[125.277892,43.824121]]]}},{"type":"Feature","id":"way/1473764139","properties":{"natural":"wood"},"geometry":{"type":"Polygon","coordinates":[[[125.279144,43.824148],[125.279153,43.823943],[125.278948,43.823937],[125.27895,43.82387],[125.279421,43.823888],[125.279419,43.824153],[125.279144,43.824148]]]}},{"type":"Feature","id":"way/1473764140","properties":{"natural":"wood"},"geometry":{"type":"Polygon","coordinates":[[[125.277811,43.824109],[125.27783,43.823868],[125.278212,43.823861],[125.278206,43.823923],[125.27789,43.823916],[125.277885,43.824112],[125.277811,43.824109]]]}},{"type":"Feature","id":"way/1473764141","properties":{"natural":"wood"},"geometry":{"type":"Polygon","coordinates":[[[125.279644,43.82424],[125.28079,43.824247],[125.280831,43.824221],[125.28083,43.824009],[125.280593,43.824008],[125.280593,43.824128],[125.280491,43.824131],[125.280489,43.824204],[125.279645,43.824197],[125.279644,43.82424]]]}},{"type":"Feature","id":"way/1473764144","properties":{"natural":"wood"},"geometry":{"type":"Polygon","coordinates":[[[125.280605,43.823749],[125.280837,43.823749],[125.280845,43.823488],[125.280494,43.823484],[125.280488,43.823619],[125.280589,43.823619],[125.280605,43.823749]]]}},{"type":"Feature","id":"way/1473764145","properties":{"landuse":"grass"},"geometry":{"type":"Polygon","coordinates":[[[125.280483,43.823434],[125.28049,43.823257],[125.280587,43.823257],[125.280602,43.822736],[125.280568,43.822735],[125.280571,43.82266],[125.280459,43.822659],[125.28046,43.822598],[125.279619,43.822584],[125.279617,43.82266],[125.279229,43.822651],[125.279192,43.822634],[125.279582,43.822381],[125.280917,43.822387],[125.280897,43.823412],[125.280853,43.823439],[125.280483,43.823434]]]}},{"type":"Feature","id":"way/1473764146","properties":{"landuse":"flowerbed"},"geometry":{"type":"Polygon","coordinates":[[[125.278189,43.822878],[125.278186,43.822753],[125.278246,43.822719],[125.278588,43.822735],[125.27857,43.822888],[125.278189,43.822878]]]}},{"type":"Feature","id":"way/1473764147","properties":{"landuse":"flowerbed"},"geometry":{"type":"Polygon","coordinates":[[[125.27871,43.822887],[125.278715,43.822728],[125.279034,43.822727],[125.279106,43.82276],[125.279087,43.822893],[125.27871,43.822887]]]}},{"type":"Feature","id":"way/1473764148","properties":{"landuse":"grass"},"geometry":{"type":"Polygon","coordinates":[[[125.278723,43.822658],[125.279011,43.822648],[125.279435,43.822398],[125.279434,43.82238],[125.278708,43.822375],[125.278723,43.822658]]]}},{"type":"Feature","id":"way/1473764149","properties":{"landuse":"grass"},"geometry":{"type":"Polygon","coordinates":[[[125.278332,43.822654],[125.278582,43.822645],[125.278598,43.822375],[125.277878,43.822361],[125.278332,43.822654]]]}},{"type":"Feature","id":"way/1473764150","properties":{"landuse":"grass"},"geometry":{"type":"Polygon","coordinates":[[[125.277704,43.822641],[125.278093,43.822645],[125.278105,43.822608],[125.277742,43.82236],[125.276342,43.822341],[125.276249,43.822367],[125.276231,43.823304],[125.27672,43.82331],[125.276706,43.822707],[125.276747,43.822708],[125.276748,43.822615],[125.276864,43.822617],[125.276867,43.822556],[125.277703,43.822564],[125.277704,43.822641]]]}},{"type":"Feature","id":"way/1473764151","properties":{"natural":"wood"},"geometry":{"type":"Polygon","coordinates":[[[125.276265,43.823706],[125.276266,43.82342],[125.276722,43.82342],[125.276768,43.823441],[125.276763,43.823558],[125.27668,43.823561],[125.276671,43.823714],[125.276265,43.823706]]]}},{"type":"Feature","id":"way/1473764152","properties":{"natural":"wood"},"geometry":{"type":"Polygon","coordinates":[[[125.276255,43.824191],[125.276255,43.823964],[125.276662,43.823969],[125.27666,43.824087],[125.276752,43.824088],[125.276753,43.824162],[125.277651,43.824171],[125.277648,43.824207],[125.276255,43.824191]]]}},{"type":"Feature","id":"way/1473771025","properties":{"building":"university","name":"萃文楼"},"geometry":{"type":"Polygon","coordinates":[[[125.273725,43.822519],[125.274081,43.822627],[125.274113,43.822574],[125.274166,43.822589],[125.27421,43.822513],[125.273923,43.822424],[125.274085,43.822165],[125.27424,43.822234],[125.274443,43.82222],[125.274586,43.822115],[125.274604,43.821968],[125.274495,43.82185],[125.274316,43.821806],[125.274135,43.821848],[125.274068,43.821897],[125.274006,43.822021],[125.273642,43.821907],[125.273773,43.821699],[125.273585,43.821641],[125.273407,43.821934],[125.273467,43.821953],[125.273426,43.822015],[125.273815,43.82213],[125.273781,43.82215],[125.273783,43.822179],[125.27383,43.82219],[125.27367,43.822451],[125.273751,43.822477],[125.273725,43.822519]]]}},{"type":"Feature","id":"way/1473771039","properties":{"landuse":"grass"},"geometry":{"type":"Polygon","coordinates":[[[125.274332,43.822781],[125.273611,43.822553],[125.273642,43.822499],[125.274141,43.822652],[125.274225,43.822511],[125.27395,43.822425],[125.274099,43.822195],[125.274237,43.822249],[125.274349,43.822254],[125.274452,43.822229],[125.274541,43.822184],[125.274605,43.822114],[125.274618,43.821964],[125.274577,43.821895],[125.274503,43.821841],[125.274315,43.821798],[125.274125,43.821836],[125.274056,43.821888],[125.273995,43.82201],[125.273659,43.821901],[125.27379,43.821693],[125.273578,43.821628],[125.27336,43.821999],[125.273277,43.821971],[125.273521,43.821566],[125.273609,43.821523],[125.274871,43.821907],[125.274663,43.822265],[125.274575,43.822267],[125.274404,43.822313],[125.274315,43.822396],[125.27431,43.8225],[125.274344,43.822557],[125.274433,43.822612],[125.274332,43.822781]]]}},{"type":"Feature","id":"way/1473771040","properties":{"landuse":"grass"},"geometry":{"type":"Polygon","coordinates":[[[125.275104,43.822747],[125.275012,43.822721],[125.275032,43.822689],[125.274808,43.822618],[125.274687,43.822822],[125.275884,43.823195],[125.275953,43.823079],[125.275885,43.823062],[125.275922,43.822999],[125.275589,43.822897],[125.275609,43.822865],[125.275856,43.822937],[125.275954,43.822787],[125.275706,43.822706],[125.275738,43.822651],[125.275857,43.822685],[125.275939,43.822553],[125.275693,43.822472],[125.275724,43.822424],[125.275855,43.822466],[125.27594,43.822323],[125.275541,43.8222],[125.275583,43.822132],[125.275961,43.822255],[125.276037,43.822301],[125.276057,43.822356],[125.276027,43.823247],[125.275986,43.823272],[125.275884,43.823273],[125.274546,43.822847],[125.274706,43.822593],[125.274815,43.822519],[125.274878,43.822519],[125.275184,43.822613],[125.275104,43.822747]]]}},{"type":"Feature","id":"way/1473771041","properties":{"landuse":"grass"},"geometry":{"type":"Polygon","coordinates":[[[125.275435,43.822201],[125.275108,43.822099],[125.274995,43.822294],[125.275307,43.82239],[125.275257,43.822479],[125.274804,43.822335],[125.274777,43.82231],[125.274776,43.822278],[125.274993,43.821955],[125.275496,43.822104],[125.275435,43.822201]]]}},{"type":"Feature","id":"way/1473779920","properties":{"building":"university","name":"麦克德米尔德实验室"},"geometry":{"type":"Polygon","coordinates":[[[125.274115,43.823763],[125.274538,43.823061],[125.275512,43.823366],[125.275413,43.82353],[125.274959,43.823388],[125.274941,43.823418],[125.274976,43.823431],[125.274942,43.823464],[125.274736,43.82355],[125.274572,43.823546],[125.274586,43.823525],[125.27449,43.823495],[125.274295,43.823819],[125.274115,43.823763]]]}},{"type":"Feature","id":"way/1473779922","properties":{"building":"university","name":"外语楼"},"geometry":{"type":"Polygon","coordinates":[[[125.273843,43.822868],[125.273281,43.8227],[125.27326,43.822738],[125.273076,43.822681],[125.273031,43.822764],[125.273517,43.822915],[125.273546,43.82299],[125.273505,43.823024],[125.273509,43.823068],[125.273605,43.823098],[125.273652,43.823159],[125.273552,43.823325],[125.273629,43.823348],[125.273592,43.823407],[125.273687,43.823435],[125.27393,43.823036],[125.273843,43.822868]]]}},{"type":"Feature","id":"way/1473779936","properties":{"landuse":"grass"},"geometry":{"type":"Polygon","coordinates":[[[125.275399,43.823643],[125.275382,43.823627],[125.275543,43.823369],[125.274967,43.823188],[125.274983,43.823156],[125.27602,43.823469],[125.276006,43.823489],[125.275399,43.823643]]]}},{"type":"Feature","id":"way/1473779937","properties":{"landuse":"grass"},"geometry":{"type":"Polygon","coordinates":[[[125.273941,43.823835],[125.274263,43.82393],[125.274413,43.823901],[125.274404,43.823873],[125.27409,43.823776],[125.274339,43.823368],[125.274165,43.823314],[125.273912,43.82374],[125.273941,43.823835]]]}},{"type":"Feature","id":"way/1473779938","properties":{"landuse":"grass"},"geometry":{"type":"Polygon","coordinates":[[[125.274127,43.822889],[125.274065,43.823003],[125.273945,43.823048],[125.273703,43.82345],[125.273575,43.823412],[125.273608,43.823354],[125.273534,43.823331],[125.273633,43.823166],[125.273597,43.823108],[125.273223,43.823206],[125.273416,43.8236],[125.273604,43.823575],[125.27366,43.823587],[125.273647,43.823622],[125.273847,43.823687],[125.274272,43.822952],[125.27426,43.822926],[125.274127,43.822889]]]}},{"type":"Feature","id":"way/1473779939","properties":{"landuse":"grass"},"geometry":{"type":"Polygon","coordinates":[[[125.273158,43.823062],[125.273508,43.822961],[125.273483,43.822913],[125.273011,43.822768],[125.273067,43.822671],[125.273233,43.822721],[125.273267,43.822665],[125.273834,43.822842],[125.273863,43.822801],[125.272979,43.822529],[125.272923,43.822623],[125.272929,43.822664],[125.273158,43.823062]]]}},{"type":"Feature","id":"way/1473779940","properties":{"building":"university"},"geometry":{"type":"Polygon","coordinates":[[[125.273364,43.823723],[125.273471,43.823693],[125.273435,43.823629],[125.273329,43.82366],[125.273364,43.823723]]]}},{"type":"Feature","id":"way/1473779941","properties":{"building":"university"},"geometry":{"type":"Polygon","coordinates":[[[125.272901,43.823855],[125.273251,43.823754],[125.273216,43.823691],[125.272866,43.823792],[125.272901,43.823855]]]}},{"type":"Feature","id":"way/1473779947","properties":{"landuse":"flowerbed"},"geometry":{"type":"Polygon","coordinates":[[[125.272885,43.823919],[125.273197,43.823831],[125.27333,43.824075],[125.273275,43.824083],[125.272885,43.823919]]]}},{"type":"Feature","id":"way/1473779953","properties":{"building":"university","name":"音乐厅"},"geometry":{"type":"Polygon","coordinates":[[[125.272074,43.822268],[125.271952,43.822476],[125.272214,43.822555],[125.272245,43.822506],[125.2723,43.822523],[125.272393,43.82237],[125.272074,43.822268]]]}},{"type":"Feature","id":"way/1473779956","properties":{"landuse":"flowerbed"},"geometry":{"type":"Polygon","coordinates":[[[125.272304,43.822647],[125.272465,43.822694],[125.272536,43.82269],[125.272588,43.822656],[125.27266,43.822534],[125.272546,43.822507],[125.272492,43.822589],[125.272344,43.822554],[125.272304,43.822647]]]}},{"type":"Feature","id":"way/1473779961","properties":{"landuse":"grass"},"geometry":{"type":"Polygon","coordinates":[[[125.272145,43.822579],[125.271759,43.822459],[125.271726,43.822423],[125.271727,43.822385],[125.272074,43.82182],[125.272285,43.821889],[125.271933,43.822483],[125.272161,43.822554],[125.272145,43.822579]]]}},{"type":"Feature","id":"way/1473779962","properties":{"landuse":"grass"},"geometry":{"type":"Polygon","coordinates":[[[125.272127,43.821735],[125.272235,43.821769],[125.27228,43.821694],[125.27298,43.821919],[125.273039,43.821814],[125.27303,43.821784],[125.27225,43.821535],[125.272127,43.821735]]]}},{"type":"Feature","id":"way/1473779965","properties":{"building":"university","name":"日新楼"},"geometry":{"type":"Polygon","coordinates":[[[125.269717,43.819129],[125.270157,43.818404],[125.270864,43.818627],[125.270426,43.81935],[125.270221,43.819285],[125.270238,43.819256],[125.269949,43.819165],[125.26993,43.819196],[125.269717,43.819129]]]}},{"type":"Feature","id":"way/1473779985","properties":{"landuse":"flowerbed"},"geometry":{"type":"Polygon","coordinates":[[[125.269095,43.819039],[125.269195,43.819069],[125.26924,43.818991],[125.269141,43.818961],[125.269095,43.819039]]]}},{"type":"Feature","id":"way/1473779986","properties":{"landuse":"grass"},"geometry":{"type":"Polygon","coordinates":[[[125.269323,43.819105],[125.269571,43.819182],[125.26977,43.818852],[125.269739,43.818842],[125.269622,43.81902],[125.269402,43.819063],[125.269323,43.819105]]]}},{"type":"Feature","id":"way/1473779988","properties":{"landuse":"grass"},"geometry":{"type":"Polygon","coordinates":[[[125.268403,43.818824],[125.268993,43.819006],[125.269081,43.818854],[125.268609,43.818702],[125.268641,43.818648],[125.26861,43.818636],[125.26862,43.818618],[125.268485,43.818576],[125.268403,43.818824]]]}},{"type":"Feature","id":"way/1473779989","properties":{"landuse":"grass"},"geometry":{"type":"Polygon","coordinates":[[[125.268497,43.81855],[125.268635,43.818588],[125.268737,43.818427],[125.268561,43.818376],[125.268497,43.81855]]]}},{"type":"Feature","id":"way/1473779990","properties":{"landuse":"grass"},"geometry":{"type":"Polygon","coordinates":[[[125.268568,43.81834],[125.268756,43.818391],[125.268884,43.818181],[125.268915,43.818193],[125.269008,43.818011],[125.268725,43.817924],[125.268568,43.81834]]]}},{"type":"Feature","id":"way/1473779991","properties":{"landuse":"grass"},"geometry":{"type":"Polygon","coordinates":[[[125.269538,43.818315],[125.269864,43.818417],[125.269749,43.818612],[125.269907,43.818651],[125.270066,43.818397],[125.270047,43.818341],[125.2696,43.818202],[125.269538,43.818315]]]}},{"type":"Feature","id":"way/1473788963","properties":{"building":"dormitory","name":"文苑一公寓"},"geometry":{"type":"Polygon","coordinates":[[[125.271551,43.822007],[125.271198,43.821894],[125.271188,43.82191],[125.271132,43.821892],[125.271142,43.821875],[125.271115,43.821867],[125.271173,43.821773],[125.27148,43.821871],[125.271546,43.821764],[125.271675,43.821806],[125.271551,43.822007]]]}},{"type":"Feature","id":"way/1473788964","properties":{"building":"university"},"geometry":{"type":"Polygon","coordinates":[[[125.270777,43.821517],[125.270834,43.821423],[125.270725,43.821388],[125.270668,43.821483],[125.270777,43.821517]]]}},{"type":"Feature","id":"way/1473788965","properties":{"building":"dormitory","name":"文苑六公寓"},"geometry":{"type":"Polygon","coordinates":[[[125.271194,43.821464],[125.271163,43.821454],[125.271153,43.821471],[125.271093,43.821452],[125.271102,43.821437],[125.270746,43.821325],[125.270871,43.821119],[125.271011,43.821162],[125.270944,43.821273],[125.271251,43.82137],[125.271194,43.821464]]]}},{"type":"Feature","id":"way/1473788966","properties":{"building":"dormitory","name":"文苑二公寓"},"geometry":{"type":"Polygon","coordinates":[[[125.271779,43.821646],[125.271424,43.821536],[125.271415,43.821551],[125.271359,43.821534],[125.271341,43.821509],[125.271397,43.821415],[125.271706,43.82151],[125.27177,43.821402],[125.2719,43.821443],[125.271779,43.821646]]]}},{"type":"Feature","id":"way/1473788967","properties":{"building":"dormitory","name":"文苑七公寓"},"geometry":{"type":"Polygon","coordinates":[[[125.271551,43.820874],[125.27147,43.820829],[125.271461,43.820844],[125.271104,43.820733],[125.27098,43.82094],[125.27112,43.820984],[125.271187,43.820873],[125.271494,43.820969],[125.271551,43.820874]]]}},{"type":"Feature","id":"way/1473788968","properties":{"building":"dormitory","name":"文苑三公寓"},"geometry":{"type":"Polygon","coordinates":[[[125.272121,43.821053],[125.271767,43.82094],[125.271777,43.820924],[125.271721,43.820907],[125.27171,43.820923],[125.271683,43.820914],[125.271626,43.821009],[125.271934,43.821106],[125.271869,43.821214],[125.271998,43.821255],[125.272121,43.821053]]]}},{"type":"Feature","id":"way/1473788969","properties":{"building":"dormitory","name":"文苑八公寓"},"geometry":{"type":"Polygon","coordinates":[[[125.271765,43.820522],[125.271684,43.820476],[125.271675,43.820492],[125.271318,43.820381],[125.271194,43.820588],[125.271334,43.820631],[125.271401,43.82052],[125.271708,43.820616],[125.271765,43.820522]]]}},{"type":"Feature","id":"way/1473788970","properties":{"building":"dormitory","name":"文苑四公寓"},"geometry":{"type":"Polygon","coordinates":[[[125.272335,43.8207],[125.271981,43.820588],[125.271991,43.820572],[125.271935,43.820554],[125.271925,43.820571],[125.271897,43.820562],[125.27184,43.820656],[125.272148,43.820754],[125.272083,43.820859],[125.272213,43.820901],[125.272335,43.8207]]]}},{"type":"Feature","id":"way/1473788971","properties":{"building":"dormitory","name":"文苑九公寓"},"geometry":{"type":"Polygon","coordinates":[[[125.271389,43.820225],[125.27154,43.820272],[125.271594,43.820183],[125.271844,43.820262],[125.271824,43.820295],[125.27208,43.820375],[125.272098,43.820345],[125.272341,43.820422],[125.272286,43.820511],[125.272441,43.82056],[125.272556,43.82037],[125.272396,43.820336],[125.272409,43.820315],[125.272126,43.820226],[125.272114,43.820246],[125.271945,43.820193],[125.271957,43.820174],[125.27166,43.82008],[125.271645,43.820105],[125.271499,43.820044],[125.271389,43.820225]]]}},{"type":"Feature","id":"way/1473788972","properties":{"building":"university"},"geometry":{"type":"Polygon","coordinates":[[[125.271389,43.820225],[125.271327,43.820328],[125.271455,43.820368],[125.271516,43.820265],[125.271389,43.820225]]]}},{"type":"Feature","id":"way/1473788973","properties":{"building":"university"},"geometry":{"type":"Polygon","coordinates":[[[125.272441,43.82056],[125.272377,43.820666],[125.272161,43.820584],[125.272201,43.820518],[125.272277,43.820542],[125.272293,43.820514],[125.272441,43.82056]]]}},{"type":"Feature","id":"way/1473788974","properties":{"building":"university"},"geometry":{"type":"Polygon","coordinates":[[[125.271194,43.820588],[125.271128,43.820698],[125.271268,43.820742],[125.271334,43.820631],[125.271194,43.820588]]]}},{"type":"Feature","id":"way/1473788975","properties":{"building":"university"},"geometry":{"type":"Polygon","coordinates":[[[125.272083,43.820859],[125.272017,43.820968],[125.272147,43.82101],[125.272213,43.820901],[125.272083,43.820859]]]}},{"type":"Feature","id":"way/1473788976","properties":{"building":"university"},"geometry":{"type":"Polygon","coordinates":[[[125.271546,43.821764],[125.271604,43.82167],[125.271733,43.821711],[125.271675,43.821806],[125.271546,43.821764]]]}},{"type":"Feature","id":"way/1473788993","properties":{"landuse":"grass"},"geometry":{"type":"Polygon","coordinates":[[[125.270753,43.821633],[125.271086,43.821737],[125.271115,43.821689],[125.270941,43.821635],[125.271059,43.82149],[125.270844,43.821423],[125.270753,43.821633]]]}},{"type":"Feature","id":"way/1473788994","properties":{"landuse":"grass"},"geometry":{"type":"Polygon","coordinates":[[[125.271125,43.821748],[125.271473,43.821859],[125.271592,43.821663],[125.271448,43.82162],[125.271364,43.821711],[125.271383,43.821717],[125.271348,43.821769],[125.271148,43.821706],[125.271125,43.821748]]]}},{"type":"Feature","id":"way/1473788995","properties":{"landuse":"grass"},"geometry":{"type":"Polygon","coordinates":[[[125.271022,43.821594],[125.271105,43.82162],[125.271085,43.821654],[125.271129,43.821667],[125.271206,43.82154],[125.271078,43.8215],[125.271022,43.821594]]]}},{"type":"Feature","id":"way/1473788996","properties":{"landuse":"grass"},"geometry":{"type":"Polygon","coordinates":[[[125.271163,43.821677],[125.271226,43.821697],[125.271243,43.821672],[125.271346,43.821705],[125.271429,43.821615],[125.271238,43.821553],[125.271163,43.821677]]]}},{"type":"Feature","id":"way/1473788997","properties":{"landuse":"grass"},"geometry":{"type":"Polygon","coordinates":[[[125.271182,43.821501],[125.271263,43.821366],[125.270956,43.821271],[125.271023,43.821157],[125.271093,43.821179],[125.271113,43.821146],[125.271227,43.821181],[125.271175,43.821269],[125.27135,43.821323],[125.271234,43.821517],[125.271182,43.821501]]]}},{"type":"Feature","id":"way/1473788998","properties":{"landuse":"grass"},"geometry":{"type":"Polygon","coordinates":[[[125.271254,43.821521],[125.271367,43.821333],[125.271541,43.821387],[125.271597,43.821294],[125.271749,43.821341],[125.271726,43.82138],[125.271772,43.821395],[125.271706,43.821505],[125.271394,43.821408],[125.271315,43.82154],[125.271254,43.821521]]]}},{"type":"Feature","id":"way/1473788999","properties":{"landuse":"grass"},"geometry":{"type":"Polygon","coordinates":[[[125.271101,43.821038],[125.271191,43.820885],[125.271499,43.820979],[125.271564,43.820867],[125.271607,43.82088],[125.271492,43.821076],[125.271325,43.821024],[125.271261,43.821133],[125.271192,43.821112],[125.271215,43.821073],[125.271101,43.821038]]]}},{"type":"Feature","id":"way/1473789000","properties":{"landuse":"grass"},"geometry":{"type":"Polygon","coordinates":[[[125.271634,43.820892],[125.271516,43.821085],[125.271682,43.821138],[125.271613,43.821252],[125.271702,43.82128],[125.271734,43.821227],[125.271859,43.821267],[125.271886,43.821224],[125.271856,43.821214],[125.27192,43.82111],[125.271611,43.821012],[125.271676,43.820905],[125.271634,43.820892]]]}},{"type":"Feature","id":"way/1473789001","properties":{"landuse":"grass"},"geometry":{"type":"Polygon","coordinates":[[[125.271438,43.820782],[125.271629,43.820841],[125.271823,43.820516],[125.271784,43.820504],[125.27171,43.820628],[125.27141,43.820535],[125.271317,43.82069],[125.271465,43.820736],[125.271438,43.820782]]]}},{"type":"Feature","id":"way/1473789002","properties":{"landuse":"grass"},"geometry":{"type":"Polygon","coordinates":[[[125.271659,43.820854],[125.271784,43.820894],[125.271815,43.820844],[125.271946,43.820886],[125.271918,43.820932],[125.272009,43.820962],[125.272133,43.820758],[125.271823,43.820659],[125.271896,43.82054],[125.271858,43.820528],[125.271659,43.820854]]]}},{"type":"Feature","id":"way/1473789003","properties":{"landuse":"grass"},"geometry":{"type":"Polygon","coordinates":[[[125.271692,43.820437],[125.272024,43.820544],[125.272086,43.820443],[125.271754,43.820337],[125.271692,43.820437]]]}},{"type":"Feature","id":"way/1473789004","properties":{"landuse":"grass"},"geometry":{"type":"Polygon","coordinates":[[[125.271515,43.820325],[125.271688,43.82038],[125.271736,43.820302],[125.272155,43.820434],[125.272127,43.82048],[125.272266,43.820524],[125.272325,43.820426],[125.272103,43.820356],[125.272086,43.820385],[125.271811,43.820298],[125.271831,43.820265],[125.271596,43.82019],[125.271515,43.820325]]]}},{"type":"Feature","id":"way/1473789005","properties":{"landuse":"grass"},"geometry":{"type":"Polygon","coordinates":[[[125.271467,43.820016],[125.27198,43.820176],[125.272025,43.820101],[125.271552,43.819951],[125.2715,43.819955],[125.271467,43.820016]]]}},{"type":"Feature","id":"way/1473789006","properties":{"landuse":"grass"},"geometry":{"type":"Polygon","coordinates":[[[125.272123,43.820219],[125.272616,43.820374],[125.27265,43.820318],[125.272641,43.820293],[125.272164,43.820146],[125.272123,43.820219]]]}},{"type":"Feature","id":"way/1473789017","properties":{"building":"yes","name":"吉林大学考古与艺术博物馆"},"geometry":{"type":"Polygon","coordinates":[[[125.269529,43.82137],[125.269892,43.821484],[125.270001,43.821304],[125.269897,43.821271],[125.269969,43.821152],[125.26994,43.821093],[125.269906,43.821082],[125.269879,43.821127],[125.269795,43.821101],[125.269854,43.821002],[125.269707,43.820956],[125.269544,43.821228],[125.269603,43.821247],[125.269529,43.82137]]]}},{"type":"Feature","id":"way/1473789018","properties":{"building":"yes","amenity":"restaurant","name":"鸿鹄餐厅"},"geometry":{"type":"Polygon","coordinates":[[[125.270137,43.821274],[125.270386,43.82135],[125.270538,43.821091],[125.270363,43.821038],[125.27039,43.820991],[125.270016,43.820877],[125.26995,43.820989],[125.270086,43.82103],[125.270054,43.821085],[125.269978,43.821062],[125.269966,43.821083],[125.269986,43.821126],[125.270021,43.821137],[125.27001,43.821157],[125.270176,43.821207],[125.270137,43.821274]]]}},{"type":"Feature","id":"way/1473789019","properties":{"building":"yes","amenity":"restaurant","name":"鹏程餐厅（四餐厅）"},"geometry":{"type":"Polygon","coordinates":[[[125.27061,43.82048],[125.270859,43.820556],[125.270708,43.820815],[125.270533,43.820762],[125.270505,43.820809],[125.270131,43.820695],[125.270197,43.820582],[125.270332,43.820623],[125.270364,43.820569],[125.270288,43.820546],[125.270301,43.820525],[125.270358,43.820505],[125.270393,43.820516],[125.270405,43.820496],[125.270571,43.820547],[125.27061,43.82048]]]}},{"type":"Feature","id":"way/1473789020","properties":{"building":"university"},"geometry":{"type":"Polygon","coordinates":[[[125.270104,43.820903],[125.270131,43.820857],[125.270176,43.820871],[125.27023,43.820779],[125.270184,43.820765],[125.270211,43.820719],[125.270131,43.820695],[125.270172,43.820625],[125.270037,43.820584],[125.270024,43.820606],[125.269926,43.820577],[125.269784,43.820821],[125.269875,43.820849],[125.269841,43.820908],[125.269932,43.820936],[125.269945,43.820914],[125.269987,43.820926],[125.270016,43.820877],[125.270104,43.820903]]]}},{"type":"Feature","id":"way/1473789021","properties":{"building":"yes","amenity":"restaurant","name":"翔远餐厅"},"geometry":{"type":"Polygon","coordinates":[[[125.270303,43.820078],[125.270667,43.820192],[125.270558,43.820373],[125.270453,43.82034],[125.270382,43.820459],[125.270303,43.820484],[125.270269,43.820473],[125.270296,43.820429],[125.270211,43.820403],[125.270152,43.820501],[125.270006,43.820455],[125.270169,43.820183],[125.270229,43.820201],[125.270303,43.820078]]]}},{"type":"Feature","id":"way/1473789022","properties":{"building":"university","name":"前卫浴池"},"geometry":{"type":"Polygon","coordinates":[[[125.270834,43.82009],[125.270969,43.820132],[125.271006,43.82007],[125.271099,43.820083],[125.271185,43.819979],[125.271249,43.819983],[125.271198,43.819955],[125.27122,43.819884],[125.270916,43.81979],[125.270865,43.819876],[125.270946,43.819901],[125.270834,43.82009]]]}},{"type":"Feature","id":"way/1473789023","properties":{"building":"university"},"geometry":{"type":"Polygon","coordinates":[[[125.270339,43.819916],[125.270584,43.81999],[125.270748,43.819709],[125.270503,43.819635],[125.270339,43.819916]]]}},{"type":"Feature","id":"way/1473789056","properties":{"landuse":"flowerbed"},"geometry":{"type":"Polygon","coordinates":[[[125.270191,43.821475],[125.270133,43.821484],[125.270125,43.82144],[125.270186,43.821439],[125.270191,43.821475]]]}},{"type":"Feature","id":"way/1473789057","properties":{"landuse":"flowerbed"},"geometry":{"type":"Polygon","coordinates":[[[125.270126,43.821535],[125.270207,43.821529],[125.270248,43.821499],[125.270219,43.821489],[125.270126,43.821535]]]}},{"type":"Feature","id":"way/1473789058","properties":{"landuse":"flowerbed"},"geometry":{"type":"Polygon","coordinates":[[[125.270265,43.82148],[125.270264,43.821436],[125.270214,43.821392],[125.2702,43.821413],[125.270265,43.82148]]]}},{"type":"Feature","id":"way/1473789059","properties":{"landuse":"flowerbed"},"geometry":{"type":"Polygon","coordinates":[[[125.270098,43.821525],[125.270057,43.821492],[125.270052,43.821435],[125.270083,43.821444],[125.270113,43.821503],[125.270098,43.821525]]]}},{"type":"Feature","id":"way/1473789060","properties":{"landuse":"flowerbed"},"geometry":{"type":"Polygon","coordinates":[[[125.270062,43.821415],[125.270107,43.821386],[125.270184,43.821382],[125.270173,43.821404],[125.270092,43.821426],[125.270062,43.821415]]]}},{"type":"Feature","id":"way/1473789062","properties":{"landuse":"grass"},"geometry":{"type":"Polygon","coordinates":[[[125.270617,43.821047],[125.270719,43.820881],[125.270583,43.820839],[125.270481,43.820975],[125.270516,43.821016],[125.270617,43.821047]]]}},{"type":"Feature","id":"way/1473789063","properties":{"landuse":"grass"},"geometry":{"type":"Polygon","coordinates":[[[125.270246,43.820774],[125.27049,43.820845],[125.270457,43.820932],[125.270411,43.820946],[125.270185,43.82088],[125.270246,43.820774]]]}},{"type":"Feature","id":"way/1473789064","properties":{"landuse":"grass"},"geometry":{"type":"Polygon","coordinates":[[[125.270684,43.820358],[125.270725,43.820288],[125.270817,43.820262],[125.270908,43.820289],[125.27095,43.820348],[125.270914,43.820424],[125.270823,43.820449],[125.27072,43.820419],[125.270684,43.820358]]]}},{"type":"Feature","id":"way/1473789065","properties":{"landuse":"grass"},"geometry":{"type":"Polygon","coordinates":[[[125.270507,43.820134],[125.270668,43.820185],[125.270694,43.820142],[125.270532,43.820092],[125.270507,43.820134]]]}},{"type":"Feature","id":"way/1473789066","properties":{"landuse":"flowerbed"},"geometry":{"type":"Polygon","coordinates":[[[125.270298,43.819982],[125.270451,43.820028],[125.270459,43.820015],[125.270306,43.819969],[125.270298,43.819982]]]}},{"type":"Feature","id":"way/1473789067","properties":{"landuse":"grass"},"geometry":{"type":"Polygon","coordinates":[[[125.270537,43.820054],[125.270891,43.820163],[125.270899,43.820149],[125.270545,43.82004],[125.270537,43.820054]]]}},{"type":"Feature","id":"way/1473789068","properties":{"landuse":"grass"},"geometry":{"type":"Polygon","coordinates":[[[125.271003,43.8202],[125.271109,43.820234],[125.271118,43.820218],[125.271012,43.820185],[125.271003,43.8202]]]}},{"type":"Feature","id":"way/1473798910","properties":{"building":"yes","amenity":"shelter"},"geometry":{"type":"Polygon","coordinates":[[[125.270737,43.822559],[125.270798,43.822547],[125.27077,43.822474],[125.270709,43.822486],[125.270737,43.822559]]]}},{"type":"Feature","id":"way/1473798911","properties":{"building":"yes","amenity":"shelter"},"geometry":{"type":"Polygon","coordinates":[[[125.270497,43.82217],[125.270556,43.822189],[125.270586,43.822142],[125.270527,43.822122],[125.270497,43.82217]]]}},{"type":"Feature","id":"way/1473798930","properties":{"landuse":"flowerbed"},"geometry":{"type":"Polygon","coordinates":[[[125.271132,43.82237],[125.271072,43.822347],[125.27107,43.822307],[125.271118,43.822281],[125.271197,43.822287],[125.271212,43.822336],[125.271132,43.82237]]]}},{"type":"Feature","id":"way/1473798939","properties":{"leisure":"park","name":"晨园"},"geometry":{"type":"Polygon","coordinates":[[[125.271459,43.823226],[125.269954,43.822592],[125.269991,43.822532],[125.269961,43.822514],[125.270369,43.821875],[125.271529,43.822237],[125.271365,43.822536],[125.271771,43.822661],[125.271459,43.823226]]]}},{"type":"Feature","id":"way/1473798940","properties":{"leisure":"garden","name":"百花园"},"geometry":{"type":"Polygon","coordinates":[[[125.271479,43.823234],[125.271792,43.822673],[125.272684,43.822943],[125.273107,43.823693],[125.272793,43.823794],[125.271479,43.823234]]]}},{"type":"Feature","id":"way/1473798941","properties":{"landuse":"recreation_ground","name":"篮球场"},"geometry":{"type":"Polygon","coordinates":[[[125.269082,43.822137],[125.269786,43.822362],[125.270124,43.82181],[125.269419,43.821586],[125.269082,43.822137]]]}},{"type":"Feature","id":"way/1473798942","properties":{"landuse":"recreation_ground","name":"篮球场"},"geometry":{"type":"Polygon","coordinates":[[[125.268414,43.821935],[125.268893,43.822087],[125.269232,43.82153],[125.268753,43.821378],[125.268414,43.821935]]]}},{"type":"Feature","id":"way/1473798943","properties":{"landuse":"recreation_ground","name":"排球场"},"geometry":{"type":"Polygon","coordinates":[[[125.268062,43.821772],[125.26844,43.821892],[125.26874,43.821399],[125.268362,43.821279],[125.268062,43.821772]]]}},{"type":"Feature","id":"way/1473798944","properties":{"landuse":"recreation_ground","name":"网球场"},"geometry":{"type":"Polygon","coordinates":[[[125.268167,43.8216],[125.268362,43.821279],[125.267604,43.821039],[125.267409,43.82136],[125.268167,43.8216]]]}},{"type":"Feature","id":"way/1473798945","properties":{"landuse":"grass"},"geometry":{"type":"Polygon","coordinates":[[[125.267238,43.821538],[125.267444,43.820961],[125.267619,43.821009],[125.267403,43.821365],[125.267541,43.821411],[125.267477,43.821523],[125.268082,43.821715],[125.268051,43.821774],[125.268431,43.821893],[125.268405,43.82194],[125.268898,43.822095],[125.26924,43.821526],[125.269414,43.821583],[125.269064,43.822144],[125.269423,43.822262],[125.269352,43.822363],[125.269755,43.822531],[125.269726,43.822554],[125.269683,43.822544],[125.269619,43.822563],[125.267238,43.821538]]]}},{"type":"Feature","id":"way/1473798946","properties":{"building":"university"},"geometry":{"type":"Polygon","coordinates":[[[125.269359,43.822361],[125.269753,43.822525],[125.269824,43.822436],[125.26943,43.822272],[125.269359,43.822361]]]}},{"type":"Feature","id":"way/1473798954","properties":{"building":"grandstand","name":"体育场看台"},"geometry":{"type":"Polygon","coordinates":[[[125.267857,43.820749],[125.268581,43.819481],[125.268376,43.81942],[125.267652,43.820688],[125.267857,43.820749]]]}},{"type":"Feature","id":"way/1473798980","properties":{"natural":"wood"},"geometry":{"type":"Polygon","coordinates":[[[125.267598,43.820848],[125.267946,43.82095],[125.267968,43.820828],[125.267641,43.820736],[125.267598,43.820848]]]}},{"type":"Feature","id":"way/1473798981","properties":{"natural":"wood"},"geometry":{"type":"Polygon","coordinates":[[[125.268031,43.820978],[125.269174,43.821338],[125.269094,43.821234],[125.269062,43.82113],[125.268954,43.821087],[125.268682,43.821133],[125.268417,43.821083],[125.268225,43.820982],[125.268079,43.820816],[125.268031,43.820978]]]}},{"type":"Feature","id":"way/1473798982","properties":{"natural":"wood"},"geometry":{"type":"Polygon","coordinates":[[[125.268357,43.819423],[125.268155,43.81936],[125.267653,43.820608],[125.26768,43.820614],[125.268357,43.819423]]]}},{"type":"Feature","id":"way/1473798983","properties":{"natural":"wood"},"geometry":{"type":"Polygon","coordinates":[[[125.268215,43.819316],[125.268773,43.819492],[125.268969,43.819152],[125.268349,43.818956],[125.268215,43.819316]]]}},{"type":"Feature","id":"way/1473798984","properties":{"natural":"wood"},"geometry":{"type":"Polygon","coordinates":[[[125.268821,43.819542],[125.268905,43.819571],[125.269177,43.819546],[125.26944,43.819586],[125.269564,43.81964],[125.269638,43.8197],[125.269711,43.819828],[125.269781,43.819852],[125.270348,43.819568],[125.270204,43.819529],[125.270164,43.819596],[125.269079,43.819261],[125.269108,43.819198],[125.26903,43.819176],[125.268821,43.819542]]]}},{"type":"Feature","id":"way/1473798985","properties":{"natural":"wood"},"geometry":{"type":"Polygon","coordinates":[[[125.269816,43.819862],[125.270378,43.819582],[125.270408,43.819592],[125.269358,43.821389],[125.269252,43.821354],[125.269125,43.82117],[125.26988,43.819888],[125.269816,43.819862]]]}},{"type":"Feature","id":"way/1473798986","properties":{"natural":"wood"},"geometry":{"type":"Polygon","coordinates":[[[125.269481,43.822288],[125.269833,43.82243],[125.270167,43.821839],[125.270121,43.821823],[125.269787,43.822367],[125.269496,43.822275],[125.269481,43.822288]]]}},{"type":"Feature","id":"way/1473814441","properties":{"building":"dormitory","name":"南苑二公寓"},"geometry":{"type":"Polygon","coordinates":[[[125.268957,43.81782],[125.269302,43.817243],[125.269446,43.817288],[125.269411,43.817346],[125.269436,43.817354],[125.269411,43.817395],[125.269384,43.817387],[125.26916,43.817761],[125.26918,43.817768],[125.26956,43.817886],[125.269784,43.817511],[125.269757,43.817503],[125.269783,43.81746],[125.269809,43.817468],[125.269842,43.817412],[125.269992,43.817459],[125.269647,43.818035],[125.268957,43.81782]]]}},{"type":"Feature","id":"way/1473814479","properties":{"landuse":"grass"},"geometry":{"type":"Polygon","coordinates":[[[125.269959,43.818196],[125.269622,43.818094],[125.270008,43.817456],[125.269809,43.817395],[125.26974,43.817512],[125.269771,43.817523],[125.269556,43.817879],[125.269171,43.817756],[125.269385,43.817394],[125.269416,43.817404],[125.269482,43.817293],[125.269297,43.817236],[125.268918,43.817867],[125.268763,43.817816],[125.269023,43.817086],[125.270381,43.817487],[125.269959,43.818196]]]}},{"type":"Feature","id":"way/1473814480","properties":{"landuse":"grass"},"geometry":{"type":"Polygon","coordinates":[[[125.270179,43.818229],[125.270186,43.818095],[125.27052,43.817533],[125.271463,43.817821],[125.271488,43.817853],[125.271063,43.818581],[125.270933,43.818529],[125.270934,43.818431],[125.271277,43.817857],[125.271081,43.817794],[125.27102,43.817902],[125.271051,43.817912],[125.270831,43.818274],[125.270445,43.818156],[125.270659,43.817789],[125.270692,43.817799],[125.270758,43.817688],[125.270571,43.817634],[125.270213,43.818235],[125.270179,43.818229]]]}},{"type":"Feature","id":"way/1473814481","properties":{"building":"dormitory","name":"南苑四公寓"},"geometry":{"type":"Polygon","coordinates":[[[125.269311,43.816971],[125.269655,43.816394],[125.269799,43.816439],[125.269764,43.816497],[125.269789,43.816505],[125.269764,43.816547],[125.269737,43.816538],[125.269513,43.816913],[125.269914,43.817037],[125.270138,43.816662],[125.270111,43.816654],[125.270136,43.816612],[125.270162,43.81662],[125.270196,43.816563],[125.270345,43.81661],[125.270001,43.817186],[125.269311,43.816971]]]}},{"type":"Feature","id":"way/1473814482","properties":{"building":"dormitory","name":"南苑三公寓"},"geometry":{"type":"Polygon","coordinates":[[[125.270717,43.817414],[125.271061,43.816837],[125.271205,43.816882],[125.27117,43.816941],[125.271195,43.816948],[125.27117,43.81699],[125.271143,43.816981],[125.270919,43.817356],[125.27132,43.817481],[125.271544,43.817106],[125.271517,43.817097],[125.271542,43.817055],[125.271569,43.817063],[125.271602,43.817007],[125.271751,43.817053],[125.271407,43.81763],[125.270717,43.817414]]]}},{"type":"Feature","id":"way/1473814502","properties":{"building":"university"},"geometry":{"type":"Polygon","coordinates":[[[125.270627,43.816889],[125.270727,43.816918],[125.270802,43.816787],[125.270692,43.816776],[125.270627,43.816889]]]}},{"type":"Feature","id":"way/1473814507","properties":{"landuse":"grass"},"geometry":{"type":"Polygon","coordinates":[[[125.269103,43.816923],[125.269292,43.816981],[125.26965,43.816378],[125.26984,43.81644],[125.269771,43.816556],[125.269737,43.816546],[125.269519,43.816911],[125.269911,43.817032],[125.270131,43.816667],[125.270104,43.816658],[125.270134,43.816605],[125.270158,43.816614],[125.270195,43.816557],[125.270357,43.816608],[125.270005,43.817198],[125.270172,43.817253],[125.270546,43.816623],[125.269393,43.816259],[125.269327,43.81628],[125.269092,43.816898],[125.269103,43.816923]]]}},{"type":"Feature","id":"way/1473814509","properties":{"landuse":"grass"},"geometry":{"type":"Polygon","coordinates":[[[125.270298,43.817345],[125.270677,43.817464],[125.27106,43.816828],[125.271239,43.816883],[125.271169,43.816997],[125.271147,43.816991],[125.270932,43.817353],[125.271314,43.817471],[125.271528,43.81711],[125.271502,43.817102],[125.271573,43.816988],[125.271763,43.817052],[125.271417,43.817636],[125.271567,43.817686],[125.271938,43.817061],[125.270699,43.816676],[125.270663,43.816736],[125.270819,43.816784],[125.270735,43.816933],[125.270572,43.816881],[125.270298,43.817345]]]}},{"type":"Feature","id":"way/1473814512","properties":{"landuse":"grass"},"geometry":{"type":"Polygon","coordinates":[[[125.268874,43.816938],[125.268955,43.816936],[125.269148,43.816402],[125.269094,43.816374],[125.269064,43.816378],[125.268874,43.816938]]]}},{"type":"Feature","id":"way/1473814516","properties":{"landuse":"grass"},"geometry":{"type":"Polygon","coordinates":[[[125.271364,43.816548],[125.271759,43.81667],[125.271977,43.816304],[125.271582,43.816182],[125.271364,43.816548]]]}},{"type":"Feature","id":"way/1473814517","properties":{"landuse":"grass"},"geometry":{"type":"Polygon","coordinates":[[[125.270223,43.81619],[125.269825,43.816067],[125.269995,43.815781],[125.270031,43.815792],[125.27013,43.815626],[125.270094,43.815615],[125.270166,43.815493],[125.270565,43.815617],[125.27049,43.815742],[125.270457,43.815732],[125.270359,43.815897],[125.270391,43.815907],[125.270223,43.81619]]]}},{"type":"Feature","id":"way/1473814518","properties":{"building":"university"},"geometry":{"type":"Polygon","coordinates":[[[125.270826,43.816303],[125.270891,43.816197],[125.270765,43.815961],[125.271125,43.815861],[125.271264,43.816121],[125.270937,43.816212],[125.270872,43.816318],[125.270826,43.816303]]]}},{"type":"Feature","id":"way/1473814537","properties":{"landuse":"grass"},"geometry":{"type":"Polygon","coordinates":[[[125.271854,43.816875],[125.27222,43.816264],[125.272035,43.816205],[125.272007,43.816245],[125.271633,43.816129],[125.271714,43.815991],[125.272404,43.81631],[125.272032,43.816932],[125.271854,43.816875]]]}},{"type":"Feature","id":"way/1473814538","properties":{"landuse":"grass"},"geometry":{"type":"Polygon","coordinates":[[[125.269559,43.816139],[125.26937,43.816085],[125.26973,43.815085],[125.269779,43.815054],[125.270648,43.815467],[125.270584,43.815568],[125.270206,43.81545],[125.270273,43.815341],[125.270078,43.815275],[125.269559,43.816139]]]}},{"type":"Feature","id":"way/1473814539","properties":{"landuse":"grass"},"geometry":{"type":"Polygon","coordinates":[[[125.270708,43.816001],[125.270665,43.815925],[125.270937,43.815841],[125.271066,43.815677],[125.27082,43.81556],[125.270517,43.816058],[125.270708,43.816001]]]}},{"type":"Feature","id":"way/1473814540","properties":{"landuse":"grass"},"geometry":{"type":"Polygon","coordinates":[[[125.27121,43.815892],[125.271294,43.815784],[125.27153,43.815894],[125.271267,43.81634],[125.271227,43.816195],[125.271343,43.816135],[125.27121,43.815892]]]}},{"type":"Feature","id":"way/1473814541","properties":{"landuse":"grass"},"geometry":{"type":"Polygon","coordinates":[[[125.270937,43.816316],[125.271186,43.816395],[125.27121,43.816354],[125.271156,43.816221],[125.270961,43.816276],[125.270937,43.816316]]]}},{"type":"Feature","id":"way/1473814542","properties":{"landuse":"grass"},"geometry":{"type":"Polygon","coordinates":[[[125.270509,43.816188],[125.27082,43.816277],[125.270853,43.816237],[125.270805,43.816151],[125.270734,43.816167],[125.270694,43.816087],[125.270563,43.816122],[125.270509,43.816188]]]}},{"type":"Feature","id":"way/1473831098","properties":{"building":"yes","amenity":"restaurant","name":"湖畔餐厅"},"geometry":{"type":"Polygon","coordinates":[[[125.266848,43.818123],[125.267117,43.817664],[125.267255,43.817706],[125.267276,43.817671],[125.267337,43.81769],[125.267316,43.817725],[125.267591,43.817809],[125.26761,43.817778],[125.267913,43.817871],[125.267896,43.8179],[125.268159,43.81798],[125.26818,43.817945],[125.268247,43.817966],[125.268227,43.817999],[125.268371,43.818043],[125.268078,43.818543],[125.267892,43.818486],[125.267863,43.818536],[125.267128,43.818311],[125.267179,43.818223],[125.266848,43.818123]]]}},{"type":"Feature","id":"way/1473831100","properties":{"landuse":"flowerbed"},"geometry":{"type":"Polygon","coordinates":[[[125.266428,43.816947],[125.266472,43.816813],[125.266357,43.81685],[125.266428,43.816947]]]}},{"type":"Feature","id":"way/1473831101","properties":{"landuse":"flowerbed"},"geometry":{"type":"Polygon","coordinates":[[[125.266543,43.81671],[125.266328,43.816792],[125.266328,43.816671],[125.266543,43.81671]]]}},{"type":"Feature","id":"way/1473831102","properties":{"landuse":"flowerbed"},"geometry":{"type":"Polygon","coordinates":[[[125.266408,43.817178],[125.266311,43.817136],[125.266319,43.816956],[125.266446,43.817052],[125.266408,43.817178]]]}},{"type":"Feature","id":"way/1473831103","properties":{"landuse":"flowerbed"},"geometry":{"type":"Polygon","coordinates":[[[125.266396,43.817214],[125.266311,43.817274],[125.26631,43.817311],[125.266356,43.817341],[125.266396,43.817214]]]}},{"type":"Feature","id":"way/1473831123","properties":{"landuse":"grass"},"geometry":{"type":"Polygon","coordinates":[[[125.267564,43.817546],[125.26846,43.817713],[125.268697,43.817056],[125.268652,43.817048],[125.268435,43.817658],[125.267689,43.81752],[125.26791,43.816913],[125.267787,43.816889],[125.267564,43.817546]]]}},{"type":"Feature","id":"way/1473831124","properties":{"landuse":"grass"},"geometry":{"type":"Polygon","coordinates":[[[125.267798,43.816708],[125.267979,43.816744],[125.268267,43.815935],[125.268407,43.815961],[125.268393,43.816001],[125.268472,43.816018],[125.268465,43.816037],[125.268514,43.816047],[125.268548,43.816089],[125.268595,43.816098],[125.268591,43.816116],[125.268639,43.816124],[125.268676,43.816169],[125.268803,43.816225],[125.268795,43.816247],[125.268863,43.81626],[125.268853,43.81629],[125.268941,43.816305],[125.268925,43.81635],[125.268971,43.816357],[125.268984,43.816325],[125.268935,43.816249],[125.268156,43.815774],[125.267798,43.816708]]]}},{"type":"Feature","id":"way/1473831139","properties":{"building":"university"},"geometry":{"type":"Polygon","coordinates":[[[125.267228,43.815355],[125.267128,43.815294],[125.26721,43.815224],[125.26731,43.815285],[125.267228,43.815355]]]}},{"type":"Feature","id":"way/1473831143","properties":{"landuse":"grass"},"geometry":{"type":"Polygon","coordinates":[[[125.266272,43.816462],[125.26628,43.816193],[125.266451,43.816079],[125.266723,43.816568],[125.266303,43.816495],[125.266272,43.816462]]]}},{"type":"Feature","id":"way/1473831144","properties":{"landuse":"grass"},"geometry":{"type":"Polygon","coordinates":[[[125.266766,43.816547],[125.26649,43.816038],[125.26652,43.815962],[125.26681,43.816018],[125.266795,43.81606],[125.266832,43.816065],[125.266813,43.816118],[125.26683,43.816556],[125.266766,43.816547]]]}},{"type":"Feature","id":"way/1473831145","properties":{"landuse":"grass"},"geometry":{"type":"Polygon","coordinates":[[[125.266473,43.815823],[125.26652,43.81581],[125.266869,43.815874],[125.266939,43.815771],[125.267394,43.815402],[125.267553,43.81543],[125.267547,43.815448],[125.267601,43.815458],[125.267596,43.815474],[125.267689,43.815508],[125.267681,43.815526],[125.26772,43.81555],[125.267767,43.815559],[125.267761,43.815576],[125.267804,43.815583],[125.267797,43.815605],[125.267843,43.815612],[125.267832,43.815643],[125.267921,43.81566],[125.267914,43.81568],[125.267986,43.815673],[125.267508,43.815355],[125.267193,43.815407],[125.267011,43.815298],[125.266497,43.81574],[125.266473,43.815823]]]}},{"type":"Feature","id":"way/1473831146","properties":{"landuse":"grass"},"geometry":{"type":"Polygon","coordinates":[[[125.267263,43.815373],[125.267484,43.815336],[125.267382,43.815244],[125.267244,43.81536],[125.267263,43.815373]]]}},{"type":"Feature","id":"way/1473831147","properties":{"landuse":"grass"},"geometry":{"type":"Polygon","coordinates":[[[125.267102,43.815303],[125.267043,43.815267],[125.267092,43.815226],[125.267256,43.815181],[125.267102,43.815303]]]}},{"type":"Feature","id":"way/1473831148","properties":{"landuse":"flowerbed"},"geometry":{"type":"Polygon","coordinates":[[[125.266318,43.816061],[125.26618,43.816091],[125.266108,43.816079],[125.266008,43.816016],[125.265979,43.815922],[125.266033,43.815834],[125.266086,43.815804],[125.266149,43.815787],[125.266281,43.815798],[125.266383,43.815871],[125.266398,43.815975],[125.266318,43.816061]]]}},{"type":"Feature","id":"way/1473853116","properties":{"landuse":"grass"},"geometry":{"type":"Polygon","coordinates":[[[125.266307,43.8182],[125.266285,43.817912],[125.266341,43.817893],[125.266338,43.818027],[125.266765,43.818152],[125.26681,43.818182],[125.266824,43.818231],[125.266753,43.818344],[125.266307,43.8182]]]}},{"type":"Feature","id":"way/1473853117","properties":{"landuse":"grass"},"geometry":{"type":"Polygon","coordinates":[[[125.266293,43.817805],[125.266282,43.817456],[125.266308,43.817443],[125.267403,43.81764],[125.267367,43.817686],[125.267272,43.81766],[125.267251,43.817694],[125.267109,43.817653],[125.266963,43.817909],[125.266915,43.817893],[125.267008,43.817729],[125.26645,43.817569],[125.266336,43.817805],[125.266293,43.817805]]]}},{"type":"Feature","id":"way/1473853118","properties":{"landuse":"grass"},"geometry":{"type":"Polygon","coordinates":[[[125.266871,43.817972],[125.266916,43.817985],[125.266846,43.818108],[125.266802,43.818095],[125.266871,43.817972]]]}},{"type":"Feature","id":"way/1473853119","properties":{"landuse":"grass"},"geometry":{"type":"Polygon","coordinates":[[[125.267423,43.81774],[125.267482,43.817655],[125.267655,43.81769],[125.267589,43.817792],[125.267423,43.81774]]]}},{"type":"Feature","id":"way/1473853123","properties":{"landuse":"grass"},"geometry":{"type":"Polygon","coordinates":[[[125.267865,43.818655],[125.268216,43.818762],[125.268347,43.818486],[125.268224,43.818453],[125.268095,43.818667],[125.267892,43.818607],[125.267865,43.818655]]]}},{"type":"Feature","id":"way/1473853124","properties":{"landuse":"grass"},"geometry":{"type":"Polygon","coordinates":[[[125.268483,43.818197],[125.268572,43.81792],[125.268559,43.81788],[125.268358,43.817831],[125.268264,43.817972],[125.268287,43.818009],[125.268379,43.818041],[125.268309,43.818161],[125.268483,43.818197]]]}},{"type":"Feature","id":"way/1473853128","properties":{"landuse":"grass"},"geometry":{"type":"Polygon","coordinates":[[[125.264323,43.817021],[125.265068,43.817009],[125.265049,43.816402],[125.264931,43.816404],[125.264929,43.816343],[125.26486,43.816344],[125.264869,43.816618],[125.264591,43.816623],[125.264596,43.816779],[125.264316,43.816783],[125.264323,43.817021]]]}},{"type":"Feature","id":"way/1473853134","properties":{"landuse":"grass"},"geometry":{"type":"Polygon","coordinates":[[[125.266088,43.817009],[125.266091,43.816771],[125.265177,43.81678],[125.265182,43.817019],[125.266088,43.817009]]]}},{"type":"Feature","id":"way/1473853135","properties":{"landuse":"grass"},"geometry":{"type":"Polygon","coordinates":[[[125.265173,43.816665],[125.266092,43.816656],[125.266092,43.816418],[125.265168,43.816427],[125.265173,43.816665]]]}},{"type":"Feature","id":"way/1473853146","properties":{"landuse":"grass"},"geometry":{"type":"Polygon","coordinates":[[[125.265261,43.816227],[125.26526,43.816009],[125.264877,43.816018],[125.265466,43.81555],[125.265889,43.815832],[125.265882,43.816008],[125.265989,43.816122],[125.265986,43.816227],[125.265261,43.816227]]]}},{"type":"Feature","id":"way/1473853148","properties":{"landuse":"grass"},"geometry":{"type":"Polygon","coordinates":[[[125.264823,43.816052],[125.263666,43.817007],[125.263667,43.817023],[125.26471,43.81736],[125.264788,43.817235],[125.264533,43.817205],[125.264318,43.817211],[125.263782,43.817029],[125.264058,43.817022],[125.264054,43.816728],[125.264334,43.816724],[125.264328,43.816507],[125.264591,43.816505],[125.264586,43.816288],[125.264862,43.816285],[125.264857,43.81605],[125.264823,43.816052]]]}},{"type":"Feature","id":"way/1473853149","properties":{"landuse":"grass"},"geometry":{"type":"Polygon","coordinates":[[[125.265658,43.817628],[125.265938,43.817723],[125.266144,43.817579],[125.266146,43.81749],[125.265996,43.81748],[125.265901,43.817565],[125.265767,43.817634],[125.265737,43.817645],[125.265693,43.817592],[125.265658,43.817628]]]}},{"type":"Feature","id":"way/1473853150","properties":{"landuse":"grass"},"geometry":{"type":"Polygon","coordinates":[[[125.266027,43.817431],[125.26615,43.817432],[125.266148,43.817195],[125.265994,43.817246],[125.266067,43.817242],[125.266078,43.817263],[125.266027,43.817431]]]}},{"type":"Feature","id":"way/1473853157","properties":{"building":"dormitory","name":"南苑六公寓"},"geometry":{"type":"Polygon","coordinates":[[[125.266404,43.815236],[125.266422,43.815661],[125.26596,43.815672],[125.265892,43.81564],[125.265892,43.815613],[125.265829,43.815598],[125.265829,43.815528],[125.266231,43.815529],[125.266206,43.815426],[125.266231,43.815426],[125.266232,43.815234],[125.266049,43.815249],[125.26605,43.815112],[125.266713,43.815114],[125.266714,43.814924],[125.26669,43.814924],[125.26669,43.814877],[125.266714,43.814877],[125.266714,43.814814],[125.266534,43.814814],[125.266534,43.814726],[125.266574,43.814697],[125.266712,43.814697],[125.266712,43.814683],[125.267021,43.814698],[125.26702,43.814816],[125.266882,43.814816],[125.26688,43.815186],[125.266905,43.815186],[125.266905,43.815238],[125.266404,43.815236]]]}},{"type":"Feature","id":"way/1473853162","properties":{"natural":"wood"},"geometry":{"type":"Polygon","coordinates":[[[125.26535,43.81529],[125.266658,43.814253],[125.266803,43.814368],[125.267296,43.814988],[125.267259,43.815018],[125.26705,43.814871],[125.267045,43.814682],[125.267013,43.81464],[125.266576,43.814635],[125.266515,43.814685],[125.266517,43.814828],[125.266683,43.814829],[125.266682,43.815103],[125.266035,43.815103],[125.266033,43.815258],[125.266194,43.815259],[125.26619,43.815519],[125.265814,43.815519],[125.265809,43.815605],[125.265784,43.815612],[125.265361,43.815321],[125.26535,43.81529]]]}},{"type":"Feature","id":"way/1473873874","properties":{"landuse":"recreation_ground","name":"前卫南区篮球场"},"geometry":{"type":"Polygon","coordinates":[[[125.26582,43.819227],[125.267182,43.819888],[125.267873,43.819122],[125.266526,43.818468],[125.26582,43.819227]]]}},{"type":"Feature","id":"way/1473873875","properties":{"landuse":"recreation_ground","name":"前卫南区足球场"},"geometry":{"type":"Polygon","coordinates":[[[125.264634,43.81968],[125.266948,43.820814],[125.267042,43.820817],[125.267549,43.820267],[125.265177,43.819106],[125.264634,43.81968]]]}},{"type":"Feature","id":"way/1473873899","properties":{"natural":"water","name":"清湖"},"geometry":{"type":"Polygon","coordinates":[[[125.263581,43.819305],[125.263353,43.819177],[125.263315,43.819117],[125.263312,43.818973],[125.263342,43.8189],[125.26342,43.818839],[125.263522,43.81881],[125.263763,43.818831],[125.264108,43.81901],[125.264199,43.818984],[125.264258,43.818995],[125.264337,43.818938],[125.264303,43.818809],[125.264309,43.818627],[125.264229,43.818548],[125.263951,43.818514],[125.263904,43.81848],[125.263898,43.818432],[125.263958,43.818299],[125.264172,43.818097],[125.264461,43.817902],[125.264563,43.817845],[125.264652,43.817833],[125.264738,43.817846],[125.265008,43.817972],[125.265096,43.817979],[125.265176,43.817977],[125.265361,43.817904],[125.265537,43.817959],[125.265673,43.818041],[125.265727,43.81811],[125.265591,43.818306],[125.265606,43.81845],[125.26555,43.818556],[125.265495,43.818593],[125.265326,43.81863],[125.265208,43.818681],[125.265113,43.818844],[125.265021,43.818913],[125.264856,43.818951],[125.264486,43.818943],[125.264324,43.81903],[125.26428,43.819118],[125.264394,43.819228],[125.264405,43.819348],[125.26438,43.819404],[125.264264,43.819496],[125.264115,43.819521],[125.264016,43.819509],[125.263581,43.819305]]]}},{"type":"Feature","id":"way/1473873902","properties":{"building":"yes","amenity":"shelter"},"geometry":{"type":"Polygon","coordinates":[[[125.26415,43.818727],[125.264098,43.818731],[125.264039,43.818695],[125.264071,43.818625],[125.264123,43.818616],[125.264187,43.818647],[125.264187,43.818702],[125.26415,43.818727]]]}},{"type":"Feature","id":"way/1473873937","properties":{"landuse":"flowerbed"},"geometry":{"type":"Polygon","coordinates":[[[125.264852,43.817785],[125.265241,43.81782],[125.265234,43.817764],[125.265046,43.817695],[125.264852,43.817785]]]}},{"type":"Feature","id":"way/1473873938","properties":{"landuse":"grass"},"geometry":{"type":"Polygon","coordinates":[[[125.264784,43.817816],[125.265273,43.817859],[125.265273,43.817886],[125.265169,43.817934],[125.26506,43.817933],[125.264784,43.817816]]]}},{"type":"Feature","id":"way/1473873939","properties":{"landuse":"grass"},"geometry":{"type":"Polygon","coordinates":[[[125.264574,43.817803],[125.264713,43.817806],[125.264579,43.817645],[125.264501,43.817704],[125.264574,43.817803]]]}},{"type":"Feature","id":"way/1473873940","properties":{"landuse":"grass"},"geometry":{"type":"Polygon","coordinates":[[[125.265293,43.817786],[125.265278,43.817704],[125.266027,43.817945],[125.26592,43.817992],[125.265293,43.817786]]]}},{"type":"Feature","id":"way/1473873941","properties":{"landuse":"grass"},"geometry":{"type":"Polygon","coordinates":[[[125.265312,43.817872],[125.265301,43.817812],[125.265725,43.817951],[125.265828,43.818055],[125.265815,43.818157],[125.265757,43.818155],[125.265761,43.818079],[125.265665,43.817982],[125.265417,43.817871],[125.265312,43.817872]]]}},{"type":"Feature","id":"way/1473873942","properties":{"landuse":"grass"},"geometry":{"type":"Polygon","coordinates":[[[125.265847,43.818033],[125.265785,43.817968],[125.265899,43.818003],[125.265847,43.818033]]]}},{"type":"Feature","id":"way/1473873943","properties":{"landuse":"grass"},"geometry":{"type":"Polygon","coordinates":[[[125.26584,43.818156],[125.26613,43.818161],[125.26613,43.818003],[125.266089,43.817967],[125.266056,43.817958],[125.265857,43.818056],[125.26584,43.818156]]]}},{"type":"Feature","id":"way/1473873944","properties":{"landuse":"grass"},"geometry":{"type":"Polygon","coordinates":[[[125.265646,43.81852],[125.265766,43.8185],[125.265811,43.818172],[125.265748,43.818169],[125.265656,43.818292],[125.265646,43.81852]]]}},{"type":"Feature","id":"way/1473873945","properties":{"landuse":"grass"},"geometry":{"type":"Polygon","coordinates":[[[125.265801,43.818497],[125.265945,43.818472],[125.266117,43.818266],[125.266131,43.818178],[125.265835,43.818173],[125.265801,43.818497]]]}},{"type":"Feature","id":"way/1473873946","properties":{"landuse":"grass"},"geometry":{"type":"Polygon","coordinates":[[[125.265486,43.818631],[125.265583,43.81867],[125.265635,43.818648],[125.265687,43.818534],[125.26562,43.818542],[125.265569,43.818595],[125.265486,43.818631]]]}},{"type":"Feature","id":"way/1473873948","properties":{"landuse":"grass"},"geometry":{"type":"Polygon","coordinates":[[[125.265303,43.818958],[125.26527,43.818847],[125.265634,43.818671],[125.265656,43.818796],[125.265576,43.818876],[125.2655,43.818925],[125.265303,43.818958]]]}},{"type":"Feature","id":"way/1473873949","properties":{"landuse":"grass"},"geometry":{"type":"Polygon","coordinates":[[[125.264793,43.819143],[125.264717,43.818983],[125.264876,43.818981],[125.265004,43.818954],[125.265107,43.818917],[125.265203,43.818813],[125.265243,43.818846],[125.265276,43.818959],[125.264996,43.819002],[125.264793,43.819143]]]}},{"type":"Feature","id":"way/1473873950","properties":{"landuse":"grass"},"geometry":{"type":"Polygon","coordinates":[[[125.264696,43.819263],[125.264429,43.819123],[125.264547,43.818976],[125.264687,43.818984],[125.264769,43.819166],[125.264696,43.819263]]]}},{"type":"Feature","id":"way/1473873951","properties":{"landuse":"grass"},"geometry":{"type":"Polygon","coordinates":[[[125.264128,43.818976],[125.264024,43.818925],[125.264045,43.818906],[125.264134,43.818907],[125.264128,43.818976]]]}},{"type":"Feature","id":"way/1473873952","properties":{"landuse":"grass"},"geometry":{"type":"Polygon","coordinates":[[[125.26401,43.818914],[125.263791,43.818805],[125.263879,43.818726],[125.264102,43.818844],[125.264103,43.818885],[125.26401,43.818914]]]}},{"type":"Feature","id":"way/1473873953","properties":{"landuse":"grass"},"geometry":{"type":"Polygon","coordinates":[[[125.264165,43.81892],[125.264121,43.818885],[125.264125,43.818766],[125.264205,43.818744],[125.264222,43.818811],[125.264281,43.818878],[125.264165,43.81892]]]}},{"type":"Feature","id":"way/1473873954","properties":{"landuse":"grass"},"geometry":{"type":"Polygon","coordinates":[[[125.263776,43.818795],[125.26338,43.8186],[125.263407,43.818575],[125.263759,43.818663],[125.263863,43.818717],[125.263776,43.818795]]]}},{"type":"Feature","id":"way/1473873955","properties":{"landuse":"grass"},"geometry":{"type":"Polygon","coordinates":[[[125.263994,43.818656],[125.263771,43.818649],[125.263424,43.818564],[125.263923,43.818163],[125.263994,43.818204],[125.263866,43.818335],[125.263838,43.818452],[125.263893,43.818549],[125.264063,43.818595],[125.263994,43.818656]]]}},{"type":"Feature","id":"way/1473873956","properties":{"landuse":"grass"},"geometry":{"type":"Polygon","coordinates":[[[125.263798,43.818666],[125.264102,43.818829],[125.264103,43.818763],[125.264023,43.818735],[125.263989,43.818674],[125.263798,43.818666]]]}},{"type":"Feature","id":"way/1473873957","properties":{"landuse":"grass"},"geometry":{"type":"Polygon","coordinates":[[[125.264001,43.818194],[125.263932,43.818152],[125.264103,43.818018],[125.264161,43.818053],[125.264001,43.818194]]]}},{"type":"Feature","id":"way/1473873958","properties":{"landuse":"grass"},"geometry":{"type":"Polygon","coordinates":[[[125.264173,43.818043],[125.264116,43.818007],[125.264477,43.817721],[125.264552,43.817817],[125.264173,43.818043]]]}},{"type":"Feature","id":"way/1473873970","properties":{"natural":"wood"},"geometry":{"type":"Polygon","coordinates":[[[125.263365,43.818616],[125.262837,43.819033],[125.264272,43.819758],[125.264688,43.819274],[125.264329,43.819092],[125.264296,43.819112],[125.264309,43.819138],[125.264368,43.819182],[125.264426,43.819279],[125.264394,43.819415],[125.264336,43.819472],[125.264272,43.819509],[125.264104,43.819532],[125.263925,43.819487],[125.263333,43.819175],[125.263292,43.819043],[125.26333,43.818894],[125.26341,43.81883],[125.263522,43.818799],[125.263717,43.818813],[125.263735,43.818795],[125.263365,43.818616]]]}},{"type":"Feature","id":"way/1473873971","properties":{"natural":"wood"},"geometry":{"type":"Polygon","coordinates":[[[125.265765,43.819263],[125.26537,43.819069],[125.265368,43.819043],[125.265489,43.819039],[125.265669,43.818951],[125.26622,43.818342],[125.266299,43.818347],[125.266549,43.818429],[125.265765,43.819263]]]}},{"type":"Feature","id":"way/1473873972","properties":{"natural":"wood"},"geometry":{"type":"Polygon","coordinates":[[[125.267186,43.818768],[125.266599,43.818492],[125.266625,43.818448],[125.267293,43.818652],[125.267186,43.818768]]]}},{"type":"Feature","id":"way/1473873973","properties":{"natural":"wood"},"geometry":{"type":"Polygon","coordinates":[[[125.267245,43.818797],[125.267824,43.819079],[125.268135,43.818972],[125.268163,43.818914],[125.267366,43.818669],[125.267245,43.818797]]]}},{"type":"Feature","id":"way/1473873974","properties":{"natural":"wood"},"geometry":{"type":"Polygon","coordinates":[[[125.267775,43.819257],[125.268003,43.819295],[125.268098,43.81904],[125.26806,43.819031],[125.267863,43.8191],[125.267896,43.819117],[125.267775,43.819257]]]}},{"type":"Feature","id":"way/1473873975","properties":{"natural":"wood"},"geometry":{"type":"Polygon","coordinates":[[[125.267442,43.819621],[125.267743,43.819288],[125.26799,43.81933],[125.267815,43.819803],[125.267442,43.819621]]]}},{"type":"Feature","id":"way/1473873976","properties":{"natural":"wood"},"geometry":{"type":"Polygon","coordinates":[[[125.267153,43.819942],[125.267413,43.819647],[125.267803,43.819832],[125.267669,43.820194],[125.267153,43.819942]]]}},{"type":"Feature","id":"way/1473873977","properties":{"natural":"wood"},"geometry":{"type":"Polygon","coordinates":[[[125.26711,43.819924],[125.266476,43.819617],[125.266517,43.819571],[125.267152,43.819879],[125.26711,43.819924]]]}},{"type":"Feature","id":"way/1473873978","properties":{"natural":"wood"},"geometry":{"type":"Polygon","coordinates":[[[125.266439,43.819597],[125.265799,43.819286],[125.265839,43.819245],[125.26648,43.819555],[125.266439,43.819597]]]}},{"type":"Feature","id":"way/1473873979","properties":{"natural":"wood"},"geometry":{"type":"Polygon","coordinates":[[[125.264403,43.819815],[125.265038,43.819134],[125.265163,43.81909],[125.264626,43.819682],[125.265891,43.820301],[125.265709,43.820481],[125.264403,43.819815]]]}},{"type":"Feature","id":"way/1473873980","properties":{"natural":"wood"},"geometry":{"type":"Polygon","coordinates":[[[125.26527,43.819137],[125.266278,43.819636],[125.26633,43.819587],[125.265311,43.81909],[125.26527,43.819137]]]}},{"type":"Feature","id":"way/1473873981","properties":{"natural":"wood"},"geometry":{"type":"Polygon","coordinates":[[[125.266322,43.819656],[125.266439,43.819712],[125.266484,43.819664],[125.266367,43.819607],[125.266322,43.819656]]]}},{"type":"Feature","id":"way/1473873982","properties":{"natural":"wood"},"geometry":{"type":"Polygon","coordinates":[[[125.266474,43.819727],[125.267447,43.820209],[125.267499,43.820155],[125.266518,43.819679],[125.266474,43.819727]]]}},{"type":"Feature","id":"way/1473873983","properties":{"natural":"wood"},"geometry":{"type":"Polygon","coordinates":[[[125.267504,43.820229],[125.267567,43.820265],[125.267062,43.820813],[125.267234,43.820814],[125.267465,43.820516],[125.26754,43.820531],[125.267664,43.820238],[125.267544,43.82018],[125.267504,43.820229]]]}},{"type":"Feature","id":"way/1473873984","properties":{"natural":"wood"},"geometry":{"type":"Polygon","coordinates":[[[125.265743,43.820498],[125.266289,43.820783],[125.266906,43.820812],[125.265919,43.820317],[125.265743,43.820498]]]}},{"type":"Feature","id":"way/1473890719","properties":{"leisure":"sports_hall","building":"yes","name":"宋治平体育馆"},"geometry":{"type":"Polygon","coordinates":[[[125.262681,43.818867],[125.262068,43.818476],[125.26354,43.817271],[125.264163,43.817557],[125.264069,43.817638],[125.264136,43.81768],[125.262681,43.818867]]]}},{"type":"Feature","id":"way/1473890720","properties":{"landuse":"grass"},"geometry":{"type":"Polygon","coordinates":[[[125.263737,43.817356],[125.263861,43.817414],[125.263891,43.817389],[125.263867,43.817342],[125.263762,43.817312],[125.263737,43.817356]]]}},{"type":"Feature","id":"way/1473890721","properties":{"landuse":"grass"},"geometry":{"type":"Polygon","coordinates":[[[125.263979,43.817469],[125.264176,43.817546],[125.264153,43.817509],[125.263993,43.817455],[125.263979,43.817469]]]}},{"type":"Feature","id":"way/1473890723","properties":{"landuse":"flowerbed"},"geometry":{"type":"Polygon","coordinates":[[[125.264416,43.817526],[125.264387,43.817455],[125.264413,43.817427],[125.264459,43.8175],[125.264416,43.817526]]]}},{"type":"Feature","id":"way/1473890725","properties":{"landuse":"grass"},"geometry":{"type":"Polygon","coordinates":[[[125.26365,43.817313],[125.263539,43.817267],[125.263485,43.817309],[125.263406,43.817258],[125.26356,43.817139],[125.263676,43.817154],[125.263712,43.817194],[125.263705,43.817246],[125.26365,43.817313]]]}},{"type":"Feature","id":"way/1473890726","properties":{"landuse":"grass"},"geometry":{"type":"Polygon","coordinates":[[[125.263303,43.817459],[125.263224,43.817409],[125.263341,43.817311],[125.263423,43.817361],[125.263303,43.817459]]]}},{"type":"Feature","id":"way/1473890727","properties":{"landuse":"grass"},"geometry":{"type":"Polygon","coordinates":[[[125.263216,43.81753],[125.26314,43.817481],[125.262953,43.81763],[125.263031,43.817682],[125.263216,43.81753]]]}},{"type":"Feature","id":"way/1473890728","properties":{"landuse":"grass"},"geometry":{"type":"Polygon","coordinates":[[[125.262928,43.817767],[125.262848,43.817717],[125.262712,43.817827],[125.262791,43.81788],[125.262928,43.817767]]]}},{"type":"Feature","id":"way/1473890738","properties":{"landuse":"grass"},"geometry":{"type":"Polygon","coordinates":[[[125.263951,43.81802],[125.264341,43.817705],[125.264312,43.817686],[125.263922,43.818001],[125.263951,43.81802]]]}},{"type":"Feature","id":"way/1473890739","properties":{"landuse":"grass"},"geometry":{"type":"Polygon","coordinates":[[[125.263878,43.81808],[125.263845,43.818058],[125.263689,43.818181],[125.263723,43.818203],[125.263878,43.81808]]]}},{"type":"Feature","id":"way/1473890740","properties":{"landuse":"grass"},"geometry":{"type":"Polygon","coordinates":[[[125.263546,43.818339],[125.263517,43.818321],[125.263023,43.818716],[125.263051,43.818735],[125.263546,43.818339]]]}},{"type":"Feature","id":"way/1473890741","properties":{"landuse":"grass"},"geometry":{"type":"Polygon","coordinates":[[[125.262941,43.818823],[125.262913,43.818804],[125.26272,43.818958],[125.262749,43.818976],[125.262941,43.818823]]]}},{"type":"Feature","id":"way/1473890743","properties":{"natural":"wood"},"geometry":{"type":"Polygon","coordinates":[[[125.262431,43.819217],[125.261559,43.818796],[125.261521,43.818756],[125.261536,43.818728],[125.261721,43.818616],[125.261777,43.818614],[125.262646,43.819051],[125.262431,43.819217]]]}},{"type":"Feature","id":"way/1473890745","properties":{"natural":"wood"},"geometry":{"type":"Polygon","coordinates":[[[125.262506,43.81925],[125.262715,43.819088],[125.264213,43.819821],[125.264042,43.820009],[125.262506,43.81925]]]}},{"type":"Feature","id":"way/1473890746","properties":{"natural":"wood"},"geometry":{"type":"Polygon","coordinates":[[[125.26416,43.820065],[125.264331,43.819891],[125.266226,43.820834],[125.266071,43.821002],[125.26416,43.820065]]]}},{"type":"Feature","id":"way/1473890779","properties":{"landuse":"grass"},"geometry":{"type":"Polygon","coordinates":[[[125.262202,43.819962],[125.262489,43.819709],[125.262688,43.819857],[125.262743,43.819933],[125.262701,43.819988],[125.262703,43.820065],[125.262816,43.820139],[125.262946,43.820319],[125.262202,43.819962]]]}},{"type":"Feature","id":"way/1473890780","properties":{"landuse":"flowerbed"},"geometry":{"type":"Polygon","coordinates":[[[125.262878,43.820117],[125.262793,43.820107],[125.262732,43.820061],[125.262742,43.819967],[125.262812,43.819928],[125.262901,43.819929],[125.262987,43.819998],[125.262955,43.820087],[125.262878,43.820117]]]}},{"type":"Feature","id":"way/1473890781","properties":{"landuse":"grass"},"geometry":{"type":"Polygon","coordinates":[[[125.262981,43.820337],[125.263541,43.820608],[125.263769,43.82044],[125.26365,43.820388],[125.263531,43.820388],[125.263414,43.820354],[125.263385,43.820294],[125.263425,43.820238],[125.263349,43.820186],[125.263287,43.82015],[125.262998,43.820079],[125.262917,43.820131],[125.262842,43.820141],[125.262981,43.820337]]]}},{"type":"Feature","id":"way/1473890782","properties":{"landuse":"grass"},"geometry":{"type":"Polygon","coordinates":[[[125.262759,43.819924],[125.262663,43.819796],[125.262515,43.819691],[125.262735,43.819496],[125.263185,43.819711],[125.263104,43.819846],[125.26297,43.819934],[125.262849,43.819904],[125.262759,43.819924]]]}},{"type":"Feature","id":"way/1473890783","properties":{"landuse":"grass"},"geometry":{"type":"Polygon","coordinates":[[[125.263109,43.820085],[125.263337,43.820155],[125.263442,43.820227],[125.263487,43.820194],[125.263607,43.8202],[125.263829,43.820329],[125.263908,43.820159],[125.263974,43.820097],[125.263205,43.819719],[125.263112,43.819863],[125.262983,43.819949],[125.26302,43.820019],[125.263005,43.820066],[125.263109,43.820085]]]}},{"type":"Feature","id":"way/1473890784","properties":{"landuse":"grass"},"geometry":{"type":"Polygon","coordinates":[[[125.263565,43.820622],[125.264286,43.820971],[125.264224,43.820867],[125.264145,43.820814],[125.263989,43.82064],[125.263966,43.820512],[125.263848,43.820502],[125.263785,43.820445],[125.263565,43.820622]]]}},{"type":"Feature","id":"way/1473890786","properties":{"landuse":"grass"},"geometry":{"type":"Polygon","coordinates":[[[125.264307,43.82098],[125.264259,43.820876],[125.264447,43.820863],[125.264496,43.820798],[125.264494,43.820733],[125.264382,43.820635],[125.264229,43.820546],[125.264209,43.820484],[125.264105,43.820386],[125.263989,43.82034],[125.263849,43.820334],[125.263933,43.820159],[125.263993,43.820107],[125.264839,43.820527],[125.264381,43.821015],[125.264307,43.82098]]]}},{"type":"Feature","id":"way/1473890787","properties":{"natural":"wood"},"geometry":{"type":"Polygon","coordinates":[[[125.264381,43.821015],[125.265105,43.821371],[125.265193,43.821352],[125.265581,43.820946],[125.26557,43.820887],[125.264839,43.820527],[125.264381,43.821015]]]}},{"type":"Feature","id":"way/1473917036","properties":{"building":"university"},"geometry":{"type":"Polygon","coordinates":[[[125.266782,43.821241],[125.267114,43.821401],[125.267246,43.82102],[125.267128,43.821005],[125.26705,43.821157],[125.266918,43.821095],[125.266782,43.821241]]]}},{"type":"Feature","id":"way/1473917041","properties":{"landuse":"grass"},"geometry":{"type":"Polygon","coordinates":[[[125.266772,43.82124],[125.267119,43.82141],[125.267169,43.82127],[125.267252,43.821286],[125.267139,43.821515],[125.266199,43.821046],[125.26631,43.820942],[125.266416,43.820901],[125.267376,43.820923],[125.267316,43.821086],[125.267242,43.821074],[125.267272,43.820991],[125.2669,43.820987],[125.266835,43.821061],[125.266909,43.821093],[125.266772,43.82124]]]}},{"type":"Feature","id":"way/1473917053","properties":{"building":"university"},"geometry":{"type":"Polygon","coordinates":[[[125.268422,43.822825],[125.267036,43.822265],[125.267149,43.82212],[125.268535,43.82268],[125.268422,43.822825]]]}},{"type":"Feature","id":"way/1473917054","properties":{"building":"university","name":"超硬实验室"},"geometry":{"type":"Polygon","coordinates":[[[125.268617,43.822519],[125.26714,43.82192],[125.267257,43.821771],[125.268471,43.822264],[125.268459,43.82228],[125.268721,43.822387],[125.268617,43.822519]]]}},{"type":"Feature","id":"way/1473917062","properties":{"natural":"wood"},"geometry":{"type":"Polygon","coordinates":[[[125.265283,43.821444],[125.265532,43.821564],[125.26558,43.821563],[125.266007,43.8211],[125.265704,43.820966],[125.26528,43.821416],[125.265283,43.821444]]]}},{"type":"Feature","id":"way/1473917063","properties":{"natural":"wood"},"geometry":{"type":"Polygon","coordinates":[[[125.265663,43.821612],[125.266001,43.821775],[125.266053,43.821722],[125.265978,43.821686],[125.266259,43.821388],[125.266328,43.821421],[125.266441,43.821306],[125.266092,43.821138],[125.266064,43.821149],[125.265663,43.821612]]]}},{"type":"Feature","id":"way/1473917064","properties":{"landuse":"grass"},"geometry":{"type":"Polygon","coordinates":[[[125.266074,43.821841],[125.266171,43.821858],[125.266234,43.821808],[125.266115,43.821748],[125.266062,43.821812],[125.266074,43.821841]]]}},{"type":"Feature","id":"way/1473917065","properties":{"landuse":"grass"},"geometry":{"type":"Polygon","coordinates":[[[125.266562,43.822041],[125.266835,43.822189],[125.2671,43.821634],[125.266996,43.821584],[125.266562,43.822041]]]}},{"type":"Feature","id":"way/1473917067","properties":{"landuse":"grass"},"geometry":{"type":"Polygon","coordinates":[[[125.266888,43.822213],[125.267024,43.822269],[125.267149,43.822108],[125.267101,43.822094],[125.266914,43.822153],[125.266888,43.822213]]]}},{"type":"Feature","id":"way/1473917069","properties":{"landuse":"grass"},"geometry":{"type":"Polygon","coordinates":[[[125.266943,43.822099],[125.266989,43.822001],[125.267128,43.822051],[125.266943,43.822099]]]}},{"type":"Feature","id":"way/1473917070","properties":{"landuse":"grass"},"geometry":{"type":"Polygon","coordinates":[[[125.267021,43.821948],[125.267094,43.82197],[125.267255,43.821766],[125.268504,43.822273],[125.268545,43.822224],[125.267213,43.821666],[125.267165,43.821675],[125.267021,43.821948]]]}},{"type":"Feature","id":"way/1473917072","properties":{"landuse":"grass"},"geometry":{"type":"Polygon","coordinates":[[[125.26853,43.822302],[125.268716,43.822378],[125.268765,43.822315],[125.268578,43.822238],[125.26853,43.822302]]]}},{"type":"Feature","id":"way/1473917100","properties":{"landuse":"grass"},"geometry":{"type":"Polygon","coordinates":[[[125.264323,43.822287],[125.264145,43.822202],[125.264182,43.822128],[125.264155,43.821937],[125.264012,43.821654],[125.26413,43.82163],[125.264155,43.821567],[125.264116,43.821525],[125.264182,43.821497],[125.264388,43.82146],[125.264769,43.821463],[125.264965,43.821412],[125.265078,43.821465],[125.264323,43.822287]]]}},{"type":"Feature","id":"way/1473917101","properties":{"landuse":"grass"},"geometry":{"type":"Polygon","coordinates":[[[125.263406,43.821846],[125.264107,43.822184],[125.264144,43.822061],[125.264112,43.821958],[125.263892,43.821548],[125.263649,43.821617],[125.263406,43.821846]]]}},{"type":"Feature","id":"way/1473917102","properties":{"landuse":"grass"},"geometry":{"type":"Polygon","coordinates":[[[125.263993,43.821624],[125.263981,43.821603],[125.264081,43.821543],[125.264108,43.821553],[125.264098,43.821614],[125.263993,43.821624]]]}},{"type":"Feature","id":"way/1473917103","properties":{"landuse":"grass"},"geometry":{"type":"Polygon","coordinates":[[[125.263967,43.821585],[125.26393,43.821536],[125.264099,43.821506],[125.263967,43.821585]]]}},{"type":"Feature","id":"way/1473917104","properties":{"landuse":"grass"},"geometry":{"type":"Polygon","coordinates":[[[125.263918,43.82152],[125.26434,43.821444],[125.264737,43.821445],[125.264903,43.821387],[125.264249,43.821071],[125.264153,43.821115],[125.264006,43.821145],[125.263745,43.821125],[125.263513,43.821144],[125.263707,43.821296],[125.263918,43.82152]]]}},{"type":"Feature","id":"way/1473917105","properties":{"landuse":"grass"},"geometry":{"type":"Polygon","coordinates":[[[125.263384,43.821832],[125.263188,43.821735],[125.263547,43.82166],[125.263384,43.821832]]]}},{"type":"Feature","id":"way/1473917106","properties":{"landuse":"grass"},"geometry":{"type":"Polygon","coordinates":[[[125.263162,43.821724],[125.262238,43.821279],[125.262499,43.821218],[125.262714,43.821078],[125.263135,43.820927],[125.263241,43.82103],[125.263574,43.82123],[125.263882,43.821531],[125.263689,43.821578],[125.263566,43.821641],[125.263162,43.821724]]]}},{"type":"Feature","id":"way/1473917107","properties":{"landuse":"grass"},"geometry":{"type":"Polygon","coordinates":[[[125.263485,43.821127],[125.263253,43.820998],[125.26316,43.820907],[125.263217,43.820861],[125.263292,43.820729],[125.263425,43.820669],[125.264224,43.821056],[125.264036,43.821123],[125.263749,43.821106],[125.263485,43.821127]]]}},{"type":"Feature","id":"way/1473917108","properties":{"landuse":"grass"},"geometry":{"type":"Polygon","coordinates":[[[125.263296,43.820705],[125.263406,43.820656],[125.263322,43.820614],[125.263296,43.820705]]]}},{"type":"Feature","id":"way/1473917109","properties":{"landuse":"grass"},"geometry":{"type":"Polygon","coordinates":[[[125.263149,43.820884],[125.263067,43.820697],[125.263009,43.820462],[125.263294,43.820599],[125.263257,43.820754],[125.263149,43.820884]]]}},{"type":"Feature","id":"way/1473917110","properties":{"landuse":"grass"},"geometry":{"type":"Polygon","coordinates":[[[125.261158,43.820753],[125.261201,43.820703],[125.26129,43.820754],[125.261657,43.820431],[125.261593,43.820383],[125.261679,43.820295],[125.262037,43.819996],[125.262954,43.82044],[125.263015,43.820676],[125.262799,43.820592],[125.262708,43.820583],[125.262712,43.820608],[125.262806,43.820616],[125.262951,43.82069],[125.263024,43.82069],[125.263116,43.820906],[125.262663,43.821075],[125.262503,43.821193],[125.262205,43.821263],[125.261158,43.820753]]]}},{"type":"Feature","id":"way/1473925003","properties":{"natural":"wood"},"geometry":{"type":"Polygon","coordinates":[[[125.26215,43.81934],[125.261363,43.81896],[125.261249,43.819082],[125.261196,43.819058],[125.260952,43.819322],[125.261004,43.819346],[125.260923,43.819435],[125.260832,43.819388],[125.26057,43.819674],[125.260477,43.81963],[125.260219,43.81991],[125.26018,43.819893],[125.260017,43.82007],[125.260713,43.820408],[125.260689,43.820436],[125.260907,43.820544],[125.260848,43.820603],[125.259902,43.820146],[125.259872,43.820108],[125.259897,43.820037],[125.261387,43.818826],[125.261471,43.818826],[125.261494,43.818838],[125.261473,43.81886],[125.262243,43.819242],[125.26215,43.81934]]]}},{"type":"Feature","id":"way/1473925004","properties":{"building":"university","name":"大型压机高压实验室"},"geometry":{"type":"Polygon","coordinates":[[[125.258764,43.821272],[125.259739,43.821739],[125.260704,43.820692],[125.260024,43.820365],[125.25991,43.820489],[125.260498,43.820771],[125.260445,43.820828],[125.259617,43.82043],[125.259456,43.820604],[125.260164,43.820943],[125.259671,43.821478],[125.259128,43.821218],[125.259291,43.821041],[125.259073,43.820937],[125.258764,43.821272]]]}},{"type":"Feature","id":"way/1473925032","properties":{"landuse":"grass"},"geometry":{"type":"Polygon","coordinates":[[[125.259967,43.821781],[125.259791,43.8217],[125.259744,43.821749],[125.258755,43.821275],[125.258826,43.821194],[125.258646,43.821107],[125.258506,43.821219],[125.25851,43.821273],[125.259835,43.821913],[125.259967,43.821781]]]}},{"type":"Feature","id":"way/1473925033","properties":{"landuse":"grass"},"geometry":{"type":"Polygon","coordinates":[[[125.258866,43.82115],[125.258686,43.821072],[125.258952,43.820862],[125.259075,43.820923],[125.258866,43.82115]]]}},{"type":"Feature","id":"way/1473925035","properties":{"building":"university"},"geometry":{"type":"Polygon","coordinates":[[[125.259234,43.820766],[125.259274,43.820723],[125.259447,43.820806],[125.259408,43.820849],[125.259234,43.820766]]]}},{"type":"Feature","id":"way/1473925036","properties":{"landuse":"grass"},"geometry":{"type":"Polygon","coordinates":[[[125.259356,43.821127],[125.259421,43.821157],[125.259656,43.820908],[125.259604,43.820878],[125.259629,43.820853],[125.259693,43.820853],[125.259873,43.820946],[125.259864,43.821008],[125.259803,43.82098],[125.259575,43.821228],[125.259632,43.821255],[125.259604,43.821278],[125.259509,43.821284],[125.259344,43.821202],[125.259356,43.821127]]]}},{"type":"Feature","id":"way/1473925037","properties":{"landuse":"grass"},"geometry":{"type":"Polygon","coordinates":[[[125.259637,43.821429],[125.259403,43.821319],[125.259386,43.821338],[125.259619,43.821448],[125.259637,43.821429]]]}},{"type":"Feature","id":"way/1473925038","properties":{"landuse":"grass"},"geometry":{"type":"Polygon","coordinates":[[[125.259761,43.821374],[125.259722,43.821355],[125.259939,43.821118],[125.259978,43.821136],[125.259761,43.821374]]]}},{"type":"Feature","id":"way/1473925039","properties":{"landuse":"grass"},"geometry":{"type":"Polygon","coordinates":[[[125.260056,43.821712],[125.259862,43.821622],[125.260277,43.821162],[125.260467,43.821249],[125.26044,43.82128],[125.260379,43.821253],[125.2601,43.821548],[125.260173,43.821585],[125.260056,43.821712]]]}},{"type":"Feature","id":"way/1473925040","properties":{"landuse":"grass"},"geometry":{"type":"Polygon","coordinates":[[[125.260528,43.82118],[125.260341,43.821096],[125.260648,43.820763],[125.260771,43.820825],[125.260491,43.821124],[125.260556,43.821153],[125.260528,43.82118]]]}},{"type":"Feature","id":"way/1473925041","properties":{"landuse":"grass"},"geometry":{"type":"Polygon","coordinates":[[[125.260681,43.820727],[125.260798,43.820783],[125.260866,43.820714],[125.260439,43.820507],[125.260408,43.820543],[125.260713,43.82069],[125.260681,43.820727]]]}},{"type":"Feature","id":"way/1473925042","properties":{"landuse":"grass"},"geometry":{"type":"Polygon","coordinates":[[[125.259783,43.820441],[125.2598,43.820421],[125.259824,43.820433],[125.259866,43.820382],[125.259838,43.820368],[125.25993,43.820254],[125.26035,43.820456],[125.260323,43.8205],[125.260023,43.820355],[125.2599,43.820498],[125.259783,43.820441]]]}},{"type":"Feature","id":"way/1473925043","properties":{"landuse":"grass"},"geometry":{"type":"Polygon","coordinates":[[[125.259741,43.820421],[125.259621,43.820364],[125.259599,43.820339],[125.259613,43.820299],[125.259773,43.820377],[125.259741,43.820421]]]}},{"type":"Feature","id":"way/1473925044","properties":{"landuse":"grass"},"geometry":{"type":"Polygon","coordinates":[[[125.259722,43.820325],[125.259774,43.820264],[125.259858,43.820303],[125.259906,43.820242],[125.259817,43.820203],[125.259709,43.820216],[125.259632,43.820283],[125.259722,43.820325]]]}},{"type":"Feature","id":"way/1473925045","properties":{"landuse":"grass"},"geometry":{"type":"Polygon","coordinates":[[[125.259513,43.820683],[125.259542,43.820652],[125.259437,43.8206],[125.259528,43.820505],[125.259428,43.820454],[125.259322,43.820567],[125.259367,43.820614],[125.259513,43.820683]]]}},{"type":"Feature","id":"way/1473925046","properties":{"landuse":"grass"},"geometry":{"type":"Polygon","coordinates":[[[125.259535,43.820487],[125.259443,43.82044],[125.25954,43.820383],[125.259611,43.820406],[125.259535,43.820487]]]}},{"type":"Feature","id":"way/1474041598","properties":{"landuse":"grass"},"geometry":{"type":"Polygon","coordinates":[[[125.26212,43.821644],[125.261964,43.821567],[125.26218,43.821339],[125.262339,43.821414],[125.26212,43.821644]]]}},{"type":"Feature","id":"way/1474041599","properties":{"landuse":"grass"},"geometry":{"type":"Polygon","coordinates":[[[125.263119,43.82211],[125.262958,43.822033],[125.263166,43.82181],[125.263325,43.821887],[125.263119,43.82211]]]}},{"type":"Feature","id":"way/1474041600","properties":{"landuse":"grass"},"geometry":{"type":"Polygon","coordinates":[[[125.261658,43.821897],[125.262085,43.822107],[125.262108,43.822085],[125.262017,43.82198],[125.261995,43.821772],[125.261846,43.821696],[125.261658,43.821897]]]}},{"type":"Feature","id":"way/1474041601","properties":{"landuse":"grass"},"geometry":{"type":"Polygon","coordinates":[[[125.262157,43.822035],[125.262094,43.821949],[125.262111,43.821824],[125.262331,43.821929],[125.262239,43.822025],[125.262188,43.822001],[125.262157,43.822035]]]}},{"type":"Feature","id":"way/1474041602","properties":{"landuse":"grass"},"geometry":{"type":"Polygon","coordinates":[[[125.262422,43.822113],[125.262496,43.82215],[125.262472,43.822176],[125.262526,43.822181],[125.262622,43.822175],[125.262719,43.822132],[125.262517,43.822017],[125.262422,43.822113]]]}},{"type":"Feature","id":"way/1474041603","properties":{"landuse":"grass"},"geometry":{"type":"Polygon","coordinates":[[[125.262409,43.822253],[125.262428,43.822233],[125.26263,43.822241],[125.262832,43.822174],[125.26299,43.822245],[125.262807,43.822446],[125.262409,43.822253]]]}},{"type":"Feature","id":"way/1474041604","properties":{"landuse":"grass"},"geometry":{"type":"Polygon","coordinates":[[[125.260906,43.82098],[125.260992,43.82102],[125.261252,43.820904],[125.261064,43.82082],[125.260906,43.82098]]]}},{"type":"Feature","id":"way/1474041605","properties":{"landuse":"grass"},"geometry":{"type":"Polygon","coordinates":[[[125.260821,43.821074],[125.260904,43.821114],[125.260981,43.821034],[125.260894,43.820993],[125.260821,43.821074]]]}},{"type":"Feature","id":"way/1474041607","properties":{"landuse":"grass"},"geometry":{"type":"Polygon","coordinates":[[[125.260932,43.82113],[125.261138,43.821236],[125.261218,43.821149],[125.260999,43.821044],[125.260932,43.82113]]]}},{"type":"Feature","id":"way/1474041608","properties":{"landuse":"grass"},"geometry":{"type":"Polygon","coordinates":[[[125.261154,43.821244],[125.261206,43.82127],[125.261256,43.821219],[125.261898,43.821532],[125.261921,43.821505],[125.261415,43.821275],[125.26145,43.821237],[125.26125,43.821144],[125.261154,43.821244]]]}},{"type":"Feature","id":"way/1474041609","properties":{"landuse":"grass"},"geometry":{"type":"Polygon","coordinates":[[[125.261932,43.821491],[125.261454,43.821262],[125.261484,43.821231],[125.26102,43.821032],[125.26128,43.820917],[125.262055,43.821294],[125.262078,43.821335],[125.261932,43.821491]]]}},{"type":"Feature","id":"way/1474041610","properties":{"landuse":"grass"},"geometry":{"type":"Polygon","coordinates":[[[125.260633,43.821289],[125.260799,43.821368],[125.260895,43.821135],[125.260811,43.821089],[125.260633,43.821289]]]}},{"type":"Feature","id":"way/1474041611","properties":{"landuse":"grass"},"geometry":{"type":"Polygon","coordinates":[[[125.260827,43.82138],[125.260972,43.821451],[125.261088,43.821334],[125.261119,43.821255],[125.260919,43.821145],[125.260827,43.82138]]]}},{"type":"Feature","id":"way/1474046457","properties":{"landuse":"grass"},"geometry":{"type":"Polygon","coordinates":[[[125.263215,43.822106],[125.263632,43.822282],[125.263613,43.822301],[125.263692,43.822338],[125.263735,43.822292],[125.263961,43.822401],[125.263981,43.822328],[125.264056,43.82226],[125.26339,43.821938],[125.263215,43.822106]]]}},{"type":"Feature","id":"way/1474046458","properties":{"landuse":"grass"},"geometry":{"type":"Polygon","coordinates":[[[125.263994,43.822421],[125.264137,43.822493],[125.264247,43.822354],[125.264074,43.822273],[125.264019,43.822327],[125.263994,43.822421]]]}},{"type":"Feature","id":"way/1474046460","properties":{"landuse":"grass"},"geometry":{"type":"Polygon","coordinates":[[[125.263994,43.822659],[125.263739,43.822936],[125.263631,43.82288],[125.263851,43.822752],[125.263956,43.82264],[125.263994,43.822659]]]}},{"type":"Feature","id":"way/1474046461","properties":{"landuse":"grass"},"geometry":{"type":"Polygon","coordinates":[[[125.263194,43.822974],[125.263503,43.823123],[125.263637,43.822977],[125.263329,43.822828],[125.263194,43.822974]]]}},{"type":"Feature","id":"way/1474046462","properties":{"landuse":"grass"},"geometry":{"type":"Polygon","coordinates":[[[125.263018,43.823003],[125.263242,43.823113],[125.262998,43.823374],[125.263046,43.823399],[125.263145,43.823347],[125.263179,43.823276],[125.263373,43.823138],[125.263042,43.822977],[125.263018,43.823003]]]}},{"type":"Feature","id":"way/1474046463","properties":{"landuse":"grass"},"geometry":{"type":"Polygon","coordinates":[[[125.263075,43.823412],[125.263147,43.823448],[125.263142,43.823363],[125.263075,43.823412]]]}},{"type":"Feature","id":"way/1474046464","properties":{"landuse":"grass"},"geometry":{"type":"Polygon","coordinates":[[[125.26317,43.823459],[125.263226,43.823487],[125.263492,43.823195],[125.263397,43.82315],[125.263201,43.823286],[125.26317,43.823459]]]}},{"type":"Feature","id":"way/1474046465","properties":{"landuse":"grass"},"geometry":{"type":"Polygon","coordinates":[[[125.262945,43.823597],[125.262994,43.823544],[125.262305,43.823212],[125.262256,43.823261],[125.262131,43.823197],[125.262181,43.823091],[125.262993,43.823488],[125.263048,43.823429],[125.263144,43.823475],[125.263098,43.823546],[125.262999,43.823623],[125.262945,43.823597]]]}},{"type":"Feature","id":"way/1474046466","properties":{"landuse":"grass"},"geometry":{"type":"Polygon","coordinates":[[[125.263021,43.82363],[125.263087,43.823651],[125.263219,43.823504],[125.263172,43.82348],[125.263021,43.82363]]]}},{"type":"Feature","id":"way/1474046467","properties":{"landuse":"grass"},"geometry":{"type":"Polygon","coordinates":[[[125.2622,43.823075],[125.262303,43.823126],[125.262535,43.822881],[125.262418,43.822858],[125.2622,43.823075]]]}},{"type":"Feature","id":"way/1474046468","properties":{"landuse":"grass"},"geometry":{"type":"Polygon","coordinates":[[[125.261936,43.823403],[125.261937,43.823365],[125.262029,43.823264],[125.262094,43.82325],[125.262216,43.823306],[125.262166,43.82336],[125.262855,43.823697],[125.26291,43.823639],[125.26303,43.823706],[125.262886,43.823864],[125.262862,43.823862],[125.261936,43.823403]]]}},{"type":"Feature","id":"way/1474046469","properties":{"landuse":"grass"},"geometry":{"type":"Polygon","coordinates":[[[125.261696,43.823311],[125.261797,43.823357],[125.261851,43.823345],[125.262108,43.82307],[125.262095,43.823032],[125.261993,43.822981],[125.261937,43.822995],[125.261696,43.823254],[125.261696,43.823311]]]}},{"type":"Feature","id":"way/1474046470","properties":{"landuse":"flowerbed"},"geometry":{"type":"Polygon","coordinates":[[[125.261284,43.822956],[125.261352,43.822988],[125.261315,43.82303],[125.261487,43.823112],[125.261527,43.82307],[125.261592,43.823103],[125.261495,43.823194],[125.261424,43.823185],[125.261209,43.823071],[125.261284,43.822956]]]}},{"type":"Feature","id":"way/1474046471","properties":{"landuse":"grass"},"geometry":{"type":"Polygon","coordinates":[[[125.260885,43.822921],[125.260984,43.822967],[125.261041,43.822948],[125.261296,43.822675],[125.261285,43.822638],[125.261185,43.822593],[125.261118,43.822607],[125.260877,43.822871],[125.260885,43.822921]]]}},{"type":"Feature","id":"way/1474046473","properties":{"landuse":"grass"},"geometry":{"type":"Polygon","coordinates":[[[125.259688,43.822313],[125.260777,43.822855],[125.260902,43.822741],[125.26085,43.822652],[125.260779,43.822623],[125.26073,43.822675],[125.259889,43.822268],[125.259914,43.822219],[125.259848,43.822178],[125.259795,43.822186],[125.259688,43.822313]]]}},{"type":"Feature","id":"way/1474046474","properties":{"landuse":"grass"},"geometry":{"type":"Polygon","coordinates":[[[125.259579,43.822237],[125.259777,43.822017],[125.259758,43.821963],[125.259698,43.821939],[125.25962,43.821958],[125.259439,43.822166],[125.259437,43.822228],[125.259492,43.822257],[125.259579,43.822237]]]}},{"type":"Feature","id":"way/1474046475","properties":{"landuse":"grass"},"geometry":{"type":"Polygon","coordinates":[[[125.260826,43.822579],[125.260872,43.822529],[125.260018,43.822115],[125.259971,43.822166],[125.259929,43.822147],[125.259995,43.822066],[125.260115,43.822004],[125.260306,43.822099],[125.260284,43.822167],[125.261075,43.822552],[125.260983,43.822622],[125.260902,43.822617],[125.260826,43.822579]]]}},{"type":"Feature","id":"way/1474046477","properties":{"landuse":"grass"},"geometry":{"type":"Polygon","coordinates":[[[125.261089,43.822534],[125.260972,43.822478],[125.261205,43.822228],[125.261272,43.822261],[125.261298,43.822304],[125.261089,43.822534]]]}},{"type":"Feature","id":"way/1474046478","properties":{"landuse":"grass"},"geometry":{"type":"Polygon","coordinates":[[[125.259917,43.822138],[125.259877,43.822107],[125.260009,43.821956],[125.260089,43.821989],[125.259976,43.822054],[125.259917,43.822138]]]}},{"type":"Feature","id":"way/1474046479","properties":{"landuse":"grass"},"geometry":{"type":"Polygon","coordinates":[[[125.260139,43.821994],[125.26032,43.82208],[125.260345,43.822053],[125.260395,43.822076],[125.260533,43.821913],[125.260377,43.821837],[125.260279,43.821927],[125.260139,43.821994]]]}},{"type":"Feature","id":"way/1474046480","properties":{"landuse":"grass"},"geometry":{"type":"Polygon","coordinates":[[[125.260111,43.821974],[125.260028,43.821936],[125.260202,43.821744],[125.260352,43.821816],[125.260255,43.821912],[125.260111,43.821974]]]}},{"type":"Feature","id":"way/1474046481","properties":{"landuse":"grass"},"geometry":{"type":"Polygon","coordinates":[[[125.262984,43.822413],[125.26284,43.822567],[125.262797,43.822546],[125.262942,43.822392],[125.262984,43.822413]]]}},{"type":"Feature","id":"way/1474046482","properties":{"landuse":"grass"},"geometry":{"type":"Polygon","coordinates":[[[125.261533,43.821932],[125.261506,43.821919],[125.261627,43.821792],[125.261654,43.821804],[125.261533,43.821932]]]}},{"type":"Feature","id":"way/1474046483","properties":{"landuse":"grass"},"geometry":{"type":"Polygon","coordinates":[[[125.261689,43.821759],[125.261665,43.821746],[125.261874,43.821524],[125.261897,43.821535],[125.261689,43.821759]]]}},{"type":"Feature","id":"way/1474046484","properties":{"landuse":"flowerbed"},"geometry":{"type":"Polygon","coordinates":[[[125.261617,43.822623],[125.261691,43.822659],[125.261786,43.822557],[125.261712,43.822521],[125.261617,43.822623]]]}},{"type":"Feature","id":"way/1474046485","properties":{"landuse":"flowerbed"},"geometry":{"type":"Polygon","coordinates":[[[125.261821,43.822722],[125.261895,43.822758],[125.26199,43.822657],[125.261916,43.822621],[125.261821,43.822722]]]}},{"type":"Feature","id":"way/1474046488","properties":{"landuse":"grass"},"geometry":{"type":"Polygon","coordinates":[[[125.26514,43.821567],[125.265186,43.821511],[125.265227,43.821503],[125.265412,43.821587],[125.265328,43.821682],[125.265156,43.821602],[125.26514,43.821567]]]}},{"type":"Feature","id":"way/1474046489","properties":{"landuse":"grass"},"geometry":{"type":"Polygon","coordinates":[[[125.265336,43.821755],[125.265075,43.821644],[125.264808,43.821925],[125.264875,43.821958],[125.26506,43.821758],[125.265336,43.821755]]]}},{"type":"Feature","id":"way/1474046490","properties":{"landuse":"grass"},"geometry":{"type":"Polygon","coordinates":[[[125.264903,43.821971],[125.264977,43.822005],[125.265072,43.821905],[125.264963,43.821906],[125.264903,43.821971]]]}},{"type":"Feature","id":"way/1474046491","properties":{"landuse":"grass"},"geometry":{"type":"Polygon","coordinates":[[[125.264999,43.822015],[125.265037,43.822032],[125.265157,43.821906],[125.2651,43.821906],[125.264999,43.822015]]]}},{"type":"Feature","id":"way/1474046492","properties":{"landuse":"grass"},"geometry":{"type":"Polygon","coordinates":[[[125.264985,43.821887],[125.265144,43.821887],[125.265242,43.821783],[125.265122,43.821784],[125.26504,43.821871],[125.265012,43.821858],[125.264985,43.821887]]]}},{"type":"Feature","id":"way/1474046494","properties":{"landuse":"grass"},"geometry":{"type":"Polygon","coordinates":[[[125.264875,43.822221],[125.264713,43.822141],[125.264788,43.822062],[125.26495,43.822142],[125.264875,43.822221]]]}},{"type":"Feature","id":"way/1474046496","properties":{"landuse":"grass"},"geometry":{"type":"Polygon","coordinates":[[[125.264434,43.822343],[125.264493,43.822372],[125.264616,43.822243],[125.264547,43.822209],[125.264434,43.822343]]]}},{"type":"Feature","id":"way/1474046497","properties":{"landuse":"grass"},"geometry":{"type":"Polygon","coordinates":[[[125.264523,43.822384],[125.264615,43.822429],[125.264568,43.822336],[125.264523,43.822384]]]}},{"type":"Feature","id":"way/1474046498","properties":{"landuse":"grass"},"geometry":{"type":"Polygon","coordinates":[[[125.264622,43.822389],[125.264582,43.82232],[125.26464,43.822256],[125.264714,43.822291],[125.264622,43.822389]]]}},{"type":"Feature","id":"way/1474046499","properties":{"landuse":"grass"},"geometry":{"type":"Polygon","coordinates":[[[125.264656,43.822452],[125.264633,43.822411],[125.264735,43.8223],[125.264778,43.82232],[125.264656,43.822452]]]}},{"type":"Feature","id":"way/1474046500","properties":{"landuse":"grass"},"geometry":{"type":"Polygon","coordinates":[[[125.264235,43.822678],[125.264552,43.822678],[125.264476,43.822752],[125.264433,43.822762],[125.264235,43.822678]]]}},{"type":"Feature","id":"way/1474046501","properties":{"landuse":"grass"},"geometry":{"type":"Polygon","coordinates":[[[125.264194,43.822658],[125.264431,43.82266],[125.264589,43.822502],[125.264376,43.8224],[125.264179,43.822608],[125.264194,43.822658]]]}},{"type":"Feature","id":"way/1474046502","properties":{"landuse":"grass"},"geometry":{"type":"Polygon","coordinates":[[[125.264461,43.82266],[125.264568,43.822659],[125.264675,43.822544],[125.264606,43.822511],[125.264461,43.82266]]]}},{"type":"Feature","id":"way/1474046512","properties":{"landuse":"grass"},"geometry":{"type":"Polygon","coordinates":[[[125.264071,43.822893],[125.26403,43.822777],[125.264116,43.822705],[125.264205,43.822737],[125.264071,43.822893]]]}},{"type":"Feature","id":"way/1474046513","properties":{"landuse":"grass"},"geometry":{"type":"Polygon","coordinates":[[[125.2641,43.822972],[125.264277,43.822778],[125.264356,43.822815],[125.264363,43.822888],[125.264149,43.823126],[125.2641,43.822972]]]}},{"type":"Feature","id":"way/1474046518","properties":{"landuse":"grass"},"geometry":{"type":"Polygon","coordinates":[[[125.263939,43.822632],[125.263755,43.822539],[125.263525,43.822785],[125.263319,43.822685],[125.263289,43.822718],[125.263606,43.822869],[125.263783,43.822774],[125.263939,43.822632]]]}},{"type":"Feature","id":"way/1474046519","properties":{"landuse":"grass"},"geometry":{"type":"Polygon","coordinates":[[[125.263968,43.822623],[125.264006,43.822643],[125.264121,43.822517],[125.264,43.82245],[125.263968,43.822623]]]}},{"type":"Feature","id":"way/1474046525","properties":{"landuse":"grass"},"geometry":{"type":"Polygon","coordinates":[[[125.26374,43.82309],[125.263953,43.823193],[125.264092,43.823051],[125.264047,43.822917],[125.263902,43.822917],[125.26374,43.82309]]]}},{"type":"Feature","id":"way/1474046526","properties":{"landuse":"grass"},"geometry":{"type":"Polygon","coordinates":[[[125.263922,43.822889],[125.264038,43.822889],[125.264008,43.822798],[125.263922,43.822889]]]}},{"type":"Feature","id":"way/1474046527","properties":{"landuse":"grass"},"geometry":{"type":"Polygon","coordinates":[[[125.264041,43.823231],[125.264008,43.823168],[125.264082,43.82309],[125.264105,43.823161],[125.264041,43.823231]]]}},{"type":"Feature","id":"way/1474046528","properties":{"landuse":"grass"},"geometry":{"type":"Polygon","coordinates":[[[125.263975,43.823202],[125.263994,43.823181],[125.264015,43.823224],[125.263975,43.823202]]]}},{"type":"Feature","id":"way/1474046529","properties":{"landuse":"grass"},"geometry":{"type":"Polygon","coordinates":[[[125.263815,43.823346],[125.263484,43.823365],[125.263697,43.823139],[125.263913,43.823242],[125.263815,43.823346]]]}},{"type":"Feature","id":"way/1474046530","properties":{"landuse":"grass"},"geometry":{"type":"Polygon","coordinates":[[[125.263844,43.823344],[125.26393,43.823252],[125.263999,43.823283],[125.263944,43.823337],[125.263844,43.823344]]]}},{"type":"Feature","id":"way/1474046531","properties":{"landuse":"grass"},"geometry":{"type":"Polygon","coordinates":[[[125.263369,43.823485],[125.263433,43.823517],[125.263551,43.823388],[125.263458,43.823393],[125.263369,43.823485]]]}},{"type":"Feature","id":"way/1474046532","properties":{"landuse":"grass"},"geometry":{"type":"Polygon","coordinates":[[[125.263446,43.823524],[125.263574,43.823388],[125.263924,43.823358],[125.263669,43.823634],[125.263446,43.823524]]]}},{"type":"Feature","id":"way/1474046533","properties":{"landuse":"grass"},"geometry":{"type":"Polygon","coordinates":[[[125.263647,43.82365],[125.263352,43.823503],[125.263384,43.823568],[125.263568,43.823657],[125.263647,43.82365]]]}},{"type":"Feature","id":"way/1474046534","properties":{"landuse":"flowerbed"},"geometry":{"type":"Polygon","coordinates":[[[125.26059,43.823722],[125.260891,43.823869],[125.261365,43.823352],[125.261366,43.82329],[125.261139,43.823181],[125.261075,43.823194],[125.26059,43.823722]]]}},{"type":"Feature","id":"way/1474046535","properties":{"landuse":"brownfield"},"geometry":{"type":"Polygon","coordinates":[[[125.258742,43.822627],[125.258247,43.822398],[125.258197,43.822299],[125.258241,43.822051],[125.258747,43.8215],[125.259459,43.821837],[125.258742,43.822627]]]}},{"type":"Feature","id":"way/1474046537","properties":{"landuse":"grass"},"geometry":{"type":"Polygon","coordinates":[[[125.259147,43.82237],[125.259304,43.822196],[125.259202,43.822134],[125.259012,43.822335],[125.259083,43.822369],[125.259147,43.82237]]]}},{"type":"Feature","id":"way/1474046538","properties":{"landuse":"grass"},"geometry":{"type":"Polygon","coordinates":[[[125.259246,43.822078],[125.259468,43.821831],[125.259575,43.821881],[125.259371,43.822126],[125.25931,43.822122],[125.259246,43.822078]]]}},{"type":"Feature","id":"way/1474046539","properties":{"landuse":"greenfield"},"geometry":{"type":"Polygon","coordinates":[[[125.258974,43.822384],[125.259056,43.822428],[125.259065,43.822467],[125.258624,43.822945],[125.258567,43.822962],[125.258501,43.82295],[125.258065,43.822746],[125.258016,43.82262],[125.257891,43.821733],[125.257935,43.821639],[125.258375,43.8213],[125.258751,43.821483],[125.258232,43.82205],[125.2582,43.82218],[125.258206,43.82236],[125.258243,43.822402],[125.258745,43.822634],[125.258974,43.822384]]]}},{"type":"Feature","id":"way/1474056753","properties":{"landuse":"grass"},"geometry":{"type":"Polygon","coordinates":[[[125.265197,43.822708],[125.265411,43.822801],[125.265494,43.82278],[125.265916,43.822332],[125.265921,43.82227],[125.265679,43.822153],[125.265633,43.822154],[125.26517,43.822641],[125.26516,43.822677],[125.265197,43.822708]]]}},{"type":"Feature","id":"way/1474056755","properties":{"landuse":"grass"},"geometry":{"type":"Polygon","coordinates":[[[125.263286,43.824789],[125.263445,43.824864],[125.26354,43.824873],[125.26358,43.824853],[125.264019,43.824385],[125.26401,43.824351],[125.263767,43.824233],[125.263722,43.824234],[125.263259,43.824721],[125.263249,43.824758],[125.263286,43.824789]]]}},{"type":"Feature","id":"way/1474056756","properties":{"landuse":"grass"},"geometry":{"type":"Polygon","coordinates":[[[125.263473,43.82503],[125.263411,43.824999],[125.263462,43.824944],[125.263081,43.824761],[125.263252,43.824575],[125.263273,43.824585],[125.263718,43.824072],[125.26416,43.824286],[125.264084,43.824338],[125.263777,43.824195],[125.263701,43.824193],[125.2632,43.824717],[125.263197,43.824785],[125.263486,43.824929],[125.263505,43.824978],[125.263473,43.82503]]]}},{"type":"Feature","id":"way/1474056757","properties":{"landuse":"grass"},"geometry":{"type":"Polygon","coordinates":[[[125.26362,43.824958],[125.263864,43.824674],[125.263834,43.824661],[125.26359,43.824911],[125.263586,43.824941],[125.26362,43.824958]]]}},{"type":"Feature","id":"way/1474056758","properties":{"landuse":"grass"},"geometry":{"type":"Polygon","coordinates":[[[125.265387,43.822947],[125.265329,43.822919],[125.265376,43.822865],[125.264989,43.822678],[125.26516,43.822492],[125.26518,43.822502],[125.265627,43.82199],[125.266127,43.822232],[125.26586,43.822499],[125.265831,43.822479],[125.265974,43.822321],[125.26598,43.822271],[125.265686,43.822113],[125.265644,43.822105],[125.265582,43.822129],[125.265097,43.822656],[125.265106,43.822703],[125.265395,43.822847],[125.265415,43.822896],[125.265387,43.822947]]]}},{"type":"Feature","id":"way/1474056759","properties":{"landuse":"grass"},"geometry":{"type":"Polygon","coordinates":[[[125.265537,43.822873],[125.265786,43.822567],[125.265744,43.822574],[125.265512,43.822823],[125.265506,43.822856],[125.265537,43.822873]]]}},{"type":"Feature","id":"way/1474056763","properties":{"landuse":"grass"},"geometry":{"type":"Polygon","coordinates":[[[125.265202,43.822202],[125.265599,43.821781],[125.26576,43.821862],[125.265803,43.82182],[125.265654,43.821749],[125.265567,43.821755],[125.26516,43.822181],[125.265202,43.822202]]]}},{"type":"Feature","id":"way/1474056764","properties":{"landuse":"grass"},"geometry":{"type":"Polygon","coordinates":[[[125.265862,43.821843],[125.266238,43.822025],[125.26618,43.82209],[125.265803,43.821906],[125.265862,43.821843]]]}},{"type":"Feature","id":"way/1474056765","properties":{"landuse":"grass"},"geometry":{"type":"Polygon","coordinates":[[[125.266251,43.822099],[125.266411,43.822179],[125.266019,43.822598],[125.266067,43.822616],[125.266486,43.822186],[125.26647,43.822141],[125.266294,43.822054],[125.266251,43.822099]]]}},{"type":"Feature","id":"way/1474056768","properties":{"landuse":"grass"},"geometry":{"type":"Polygon","coordinates":[[[125.264973,43.822455],[125.264926,43.822449],[125.264891,43.822469],[125.264625,43.822764],[125.264667,43.822785],[125.264973,43.822455]]]}},{"type":"Feature","id":"way/1474056776","properties":{"landuse":"grass"},"geometry":{"type":"Polygon","coordinates":[[[125.263946,43.824579],[125.26393,43.824549],[125.264119,43.824375],[125.264146,43.824389],[125.263991,43.824559],[125.263973,43.82455],[125.263946,43.824579]]]}},{"type":"Feature","id":"way/1474056779","properties":{"landuse":"grass"},"geometry":{"type":"Polygon","coordinates":[[[125.263366,43.824205],[125.263336,43.824158],[125.263631,43.823842],[125.263695,43.823829],[125.263876,43.823913],[125.263848,43.823943],[125.26368,43.823859],[125.263366,43.824205]]]}},{"type":"Feature","id":"way/1474056780","properties":{"landuse":"grass"},"geometry":{"type":"Polygon","coordinates":[[[125.26389,43.823983],[125.264269,43.824165],[125.264288,43.824145],[125.264263,43.824101],[125.26393,43.82394],[125.26389,43.823983]]]}},{"type":"Feature","id":"way/1474056781","properties":{"landuse":"grass"},"geometry":{"type":"Polygon","coordinates":[[[125.264339,43.824178],[125.264505,43.82426],[125.264128,43.824654],[125.264225,43.824704],[125.264612,43.824305],[125.264573,43.824249],[125.264406,43.824169],[125.264339,43.824178]]]}},{"type":"Feature","id":"way/1474056782","properties":{"landuse":"grass"},"geometry":{"type":"Polygon","coordinates":[[[125.263932,43.824866],[125.264043,43.824924],[125.263682,43.825322],[125.263563,43.82526],[125.263932,43.824866]]]}},{"type":"Feature","id":"way/1474056783","properties":{"landuse":"grass"},"geometry":{"type":"Polygon","coordinates":[[[125.26314,43.824455],[125.263088,43.824429],[125.262689,43.824866],[125.262701,43.824938],[125.262857,43.825013],[125.262914,43.824949],[125.262752,43.82487],[125.26314,43.824455]]]}},{"type":"Feature","id":"way/1474056784","properties":{"landuse":"grass"},"geometry":{"type":"Polygon","coordinates":[[[125.262909,43.825036],[125.262982,43.824961],[125.263362,43.825142],[125.263287,43.825222],[125.262909,43.825036]]]}},{"type":"Feature","id":"way/1474056787","properties":{"landuse":"grass"},"geometry":{"type":"Polygon","coordinates":[[[125.265662,43.823346],[125.265712,43.823287],[125.265654,43.823243],[125.265621,43.82331],[125.265662,43.823346]]]}},{"type":"Feature","id":"way/1474056815","properties":{"landuse":"grass"},"geometry":{"type":"Polygon","coordinates":[[[125.262563,43.824684],[125.262495,43.824568],[125.262594,43.824461],[125.262658,43.824583],[125.262563,43.824684]]]}},{"type":"Feature","id":"way/1474056816","properties":{"landuse":"grass"},"geometry":{"type":"Polygon","coordinates":[[[125.262688,43.824584],[125.262666,43.824543],[125.262756,43.824445],[125.2628,43.824465],[125.262688,43.824584]]]}},{"type":"Feature","id":"way/1474056817","properties":{"landuse":"grass"},"geometry":{"type":"Polygon","coordinates":[[[125.262654,43.824523],[125.26261,43.824443],[125.262654,43.824395],[125.262735,43.824434],[125.262654,43.824523]]]}},{"type":"Feature","id":"way/1474056818","properties":{"landuse":"grass"},"geometry":{"type":"Polygon","coordinates":[[[125.262955,43.824295],[125.2628,43.82422],[125.262866,43.824149],[125.263021,43.824225],[125.262955,43.824295]]]}},{"type":"Feature","id":"way/1474056819","properties":{"landuse":"grass"},"geometry":{"type":"Polygon","coordinates":[[[125.263184,43.82405],[125.26314,43.824028],[125.263235,43.823929],[125.263296,43.823929],[125.263184,43.82405]]]}},{"type":"Feature","id":"way/1474056820","properties":{"landuse":"grass"},"geometry":{"type":"Polygon","coordinates":[[[125.263119,43.824019],[125.263039,43.823979],[125.263086,43.823929],[125.263203,43.823928],[125.263119,43.824019]]]}},{"type":"Feature","id":"way/1474056821","properties":{"landuse":"grass"},"geometry":{"type":"Polygon","coordinates":[[[125.26302,43.823968],[125.262981,43.823941],[125.26299,43.823903],[125.263139,43.823746],[125.263223,43.823737],[125.26337,43.823807],[125.263169,43.823811],[125.26302,43.823968]]]}},{"type":"Feature","id":"way/1474056822","properties":{"landuse":"grass"},"geometry":{"type":"Polygon","coordinates":[[[125.263102,43.823909],[125.263281,43.823909],[125.263357,43.823824],[125.263176,43.82383],[125.263102,43.823909]]]}},{"type":"Feature","id":"way/1474056823","properties":{"landuse":"grass"},"geometry":{"type":"Polygon","coordinates":[[[125.263415,43.823764],[125.263248,43.823674],[125.263257,43.823614],[125.263305,43.823606],[125.263489,43.823689],[125.263415,43.823764]]]}},{"type":"Feature","id":"way/1474056826","properties":{"landuse":"grass"},"geometry":{"type":"Polygon","coordinates":[[[125.2609,43.823094],[125.260285,43.823763],[125.260359,43.823786],[125.260417,43.823765],[125.260957,43.823182],[125.260974,43.823137],[125.2609,43.823094]]]}},{"type":"Feature","id":"way/1474056827","properties":{"landuse":"grass"},"geometry":{"type":"Polygon","coordinates":[[[125.260951,43.824085],[125.26089,43.824054],[125.260896,43.824008],[125.261464,43.8234],[125.261519,43.823394],[125.261569,43.823418],[125.260951,43.824085]]]}},{"type":"Feature","id":"way/1474056828","properties":{"landuse":"greenfield"},"geometry":{"type":"Polygon","coordinates":[[[125.260974,43.824099],[125.262459,43.824833],[125.262557,43.824727],[125.262466,43.824565],[125.262633,43.824385],[125.262549,43.824377],[125.262864,43.824044],[125.261596,43.823429],[125.260974,43.824099]]]}},{"type":"Feature","id":"way/1474056829","properties":{"landuse":"greenfield"},"geometry":{"type":"Polygon","coordinates":[[[125.260266,43.823749],[125.258747,43.823003],[125.25876,43.822945],[125.259305,43.82236],[125.259387,43.82236],[125.260878,43.823083],[125.260266,43.823749]]]}},{"type":"Feature","id":"way/1474075920","properties":{"building":"yes"},"geometry":{"type":"Polygon","coordinates":[[[125.28235,43.819558],[125.28234,43.819677],[125.282599,43.819689],[125.282597,43.819715],[125.282941,43.819731],[125.282954,43.819585],[125.28235,43.819558]]]}},{"type":"Feature","id":"way/1474075921","properties":{"building":"yes"},"geometry":{"type":"Polygon","coordinates":[[[125.281455,43.819536],[125.281452,43.81965],[125.281604,43.819651],[125.281607,43.819538],[125.281455,43.819536]]]}},{"type":"Feature","id":"way/1474075922","properties":{"building":"yes"},"geometry":{"type":"Polygon","coordinates":[[[125.280645,43.819068],[125.280547,43.819235],[125.280083,43.819093],[125.280017,43.819205],[125.280483,43.819347],[125.280423,43.81945],[125.280521,43.81948],[125.280675,43.819216],[125.2811,43.819346],[125.28116,43.819243],[125.281711,43.819412],[125.282043,43.818846],[125.281857,43.81879],[125.281597,43.819233],[125.281194,43.81911],[125.281132,43.819217],[125.280645,43.819068]]]}},{"type":"Feature","id":"way/1474075923","properties":{"building":"yes"},"geometry":{"type":"Polygon","coordinates":[[[125.2794,43.819026],[125.279853,43.81916],[125.279917,43.819046],[125.279464,43.818912],[125.2794,43.819026]]]}},{"type":"Feature","id":"way/1474115570","properties":{"landuse":"grass"},"geometry":{"type":"Polygon","coordinates":[[[125.264684,43.824705],[125.264611,43.824667],[125.26436,43.824947],[125.264428,43.82498],[125.264684,43.824705]]]}},{"type":"Feature","id":"way/1474115571","properties":{"landuse":"grass"},"geometry":{"type":"Polygon","coordinates":[[[125.264424,43.824833],[125.264323,43.824784],[125.264467,43.824631],[125.264498,43.824646],[125.264529,43.824617],[125.264599,43.824648],[125.264424,43.824833]]]}},{"type":"Feature","id":"way/1474115572","properties":{"landuse":"grass"},"geometry":{"type":"Polygon","coordinates":[[[125.263913,43.825467],[125.264097,43.825556],[125.264144,43.825506],[125.264197,43.825531],[125.26418,43.825549],[125.264323,43.825619],[125.264258,43.825687],[125.263895,43.825512],[125.263878,43.825481],[125.263913,43.825467]]]}},{"type":"Feature","id":"way/1474115573","properties":{"landuse":"grass"},"geometry":{"type":"Polygon","coordinates":[[[125.264055,43.825376],[125.263998,43.825347],[125.264215,43.82511],[125.264276,43.82514],[125.264055,43.825376]]]}},{"type":"Feature","id":"way/1474115574","properties":{"landuse":"grass"},"geometry":{"type":"Polygon","coordinates":[[[125.263791,43.825508],[125.263745,43.82547],[125.263755,43.825408],[125.26412,43.825014],[125.264212,43.825059],[125.263791,43.825508]]]}},{"type":"Feature","id":"way/1474115575","properties":{"landuse":"grass"},"geometry":{"type":"Polygon","coordinates":[[[125.265476,43.824848],[125.26561,43.824913],[125.265597,43.824946],[125.264755,43.825846],[125.264726,43.825858],[125.2646,43.825797],[125.264645,43.82575],[125.264599,43.825727],[125.264581,43.825744],[125.264433,43.825673],[125.264338,43.825776],[125.264683,43.825941],[125.264749,43.825944],[125.264803,43.825917],[125.265707,43.824945],[125.265798,43.824811],[125.265596,43.824712],[125.265476,43.824848]]]}},{"type":"Feature","id":"way/1474115576","properties":{"landuse":"grass"},"geometry":{"type":"Polygon","coordinates":[[[125.264997,43.824613],[125.264769,43.824504],[125.264872,43.824391],[125.265087,43.824498],[125.264997,43.824613]]]}},{"type":"Feature","id":"way/1474115587","properties":{"landuse":"grass"},"geometry":{"type":"Polygon","coordinates":[[[125.265932,43.823363],[125.265883,43.823422],[125.265904,43.823445],[125.266152,43.823565],[125.266195,43.823567],[125.266274,43.823482],[125.266142,43.823416],[125.266158,43.823398],[125.266108,43.823373],[125.266059,43.823424],[125.265932,43.823363]]]}},{"type":"Feature","id":"way/1474115588","properties":{"landuse":"grass"},"geometry":{"type":"Polygon","coordinates":[[[125.267127,43.823439],[125.267022,43.823389],[125.266701,43.823734],[125.266563,43.823667],[125.266609,43.823619],[125.26656,43.823596],[125.266544,43.823613],[125.266426,43.823557],[125.266349,43.823653],[125.266677,43.82382],[125.26673,43.823821],[125.267127,43.823439]]]}},{"type":"Feature","id":"way/1474115589","properties":{"landuse":"grass"},"geometry":{"type":"Polygon","coordinates":[[[125.267457,43.822718],[125.267497,43.822676],[125.267531,43.822675],[125.267721,43.822768],[125.267731,43.822797],[125.267287,43.823268],[125.267184,43.823218],[125.267573,43.822783],[125.267457,43.822718]]]}},{"type":"Feature","id":"way/1474115590","properties":{"landuse":"grass"},"geometry":{"type":"Polygon","coordinates":[[[125.266422,43.822809],[125.266354,43.822793],[125.266359,43.822764],[125.266552,43.82256],[125.266589,43.822557],[125.266635,43.82258],[125.266422,43.822809]]]}},{"type":"Feature","id":"way/1474115591","properties":{"landuse":"grass"},"geometry":{"type":"Polygon","coordinates":[[[125.266253,43.822727],[125.266175,43.822688],[125.266584,43.822256],[125.266678,43.82224],[125.266698,43.82225],[125.266253,43.822727]]]}},{"type":"Feature","id":"way/1474115592","properties":{"landuse":"grass"},"geometry":{"type":"Polygon","coordinates":[[[125.266066,43.823193],[125.266223,43.823023],[125.266194,43.823006],[125.266117,43.823025],[125.266031,43.823128],[125.266025,43.823168],[125.266066,43.823193]]]}},{"type":"Feature","id":"way/1474115603","properties":{"landuse":"grass"},"geometry":{"type":"Polygon","coordinates":[[[125.264526,43.825095],[125.264566,43.825115],[125.264585,43.825094],[125.265001,43.825296],[125.264984,43.825315],[125.265028,43.825337],[125.265376,43.824965],[125.265324,43.82494],[125.265289,43.824977],[125.265054,43.824862],[125.265038,43.824879],[125.26489,43.824782],[125.264925,43.824745],[125.264876,43.824721],[125.264526,43.825095]]]}},{"type":"Feature","id":"way/1474115604","properties":{"landuse":"grass"},"geometry":{"type":"Polygon","coordinates":[[[125.264973,43.825395],[125.264932,43.825375],[125.264913,43.825395],[125.264657,43.82527],[125.264641,43.825287],[125.264593,43.825263],[125.264608,43.825246],[125.264499,43.825193],[125.264517,43.825173],[125.264477,43.825154],[125.26417,43.825482],[125.264223,43.825508],[125.264256,43.825472],[125.26437,43.825528],[125.264386,43.825511],[125.26443,43.825532],[125.264414,43.825549],[125.26465,43.825664],[125.264617,43.8257],[125.264666,43.825724],[125.264973,43.825395]]]}},{"type":"Feature","id":"way/1474115606","properties":{"landuse":"grass"},"geometry":{"type":"Polygon","coordinates":[[[125.266489,43.822964],[125.266529,43.822984],[125.266549,43.822963],[125.266965,43.823165],[125.266947,43.823183],[125.266992,43.823205],[125.26734,43.822834],[125.267287,43.822808],[125.267253,43.822845],[125.267017,43.822731],[125.267002,43.822747],[125.26695,43.822722],[125.266965,43.822705],[125.266854,43.822651],[125.266889,43.822614],[125.266839,43.82259],[125.266489,43.822964]]]}},{"type":"Feature","id":"way/1474115607","properties":{"landuse":"grass"},"geometry":{"type":"Polygon","coordinates":[[[125.266937,43.823263],[125.266896,43.823243],[125.266877,43.823264],[125.266621,43.823139],[125.266605,43.823156],[125.266556,43.823132],[125.266572,43.823115],[125.266462,43.823062],[125.266481,43.823042],[125.266441,43.823023],[125.266134,43.823351],[125.266186,43.823376],[125.266219,43.823341],[125.266333,43.823397],[125.266349,43.823379],[125.266394,43.823401],[125.266377,43.823418],[125.266614,43.823533],[125.266581,43.823569],[125.266629,43.823592],[125.266937,43.823263]]]}},{"type":"Feature","id":"way/1474115610","properties":{"landuse":"grass"},"geometry":{"type":"Polygon","coordinates":[[[125.264346,43.823999],[125.264383,43.82396],[125.264419,43.82398],[125.264394,43.824022],[125.264346,43.823999]]]}},{"type":"Feature","id":"way/1474115611","properties":{"landuse":"grass"},"geometry":{"type":"Polygon","coordinates":[[[125.265959,43.823667],[125.266026,43.823625],[125.266297,43.823759],[125.266296,43.823781],[125.266232,43.823847],[125.265942,43.823707],[125.265959,43.823667]]]}},{"type":"Feature","id":"way/1474115612","properties":{"landuse":"grass"},"geometry":{"type":"Polygon","coordinates":[[[125.265447,43.823741],[125.265413,43.823685],[125.265637,43.823437],[125.265864,43.82356],[125.265819,43.823631],[125.265647,43.823546],[125.265447,43.823741]]]}},{"type":"Feature","id":"way/1474115613","properties":{"landuse":"grass"},"geometry":{"type":"Polygon","coordinates":[[[125.265377,43.823613],[125.265192,43.823442],[125.265352,43.823304],[125.265578,43.823409],[125.265377,43.823613]]]}},{"type":"Feature","id":"way/1474115614","properties":{"landuse":"grass"},"geometry":{"type":"Polygon","coordinates":[[[125.265314,43.823683],[125.265238,43.823628],[125.265153,43.823493],[125.265177,43.82346],[125.265306,43.823594],[125.265371,43.823629],[125.265314,43.823683]]]}},{"type":"Feature","id":"way/1474115615","properties":{"landuse":"grass"},"geometry":{"type":"Polygon","coordinates":[[[125.265037,43.823612],[125.265213,43.823628],[125.265136,43.823508],[125.265037,43.823612]]]}},{"type":"Feature","id":"way/1474115616","properties":{"landuse":"grass"},"geometry":{"type":"Polygon","coordinates":[[[125.265203,43.824161],[125.26465,43.823894],[125.264598,43.823947],[125.264573,43.823933],[125.264749,43.823737],[125.264812,43.823718],[125.264909,43.823764],[125.265022,43.82363],[125.265225,43.823645],[125.265306,43.823703],[125.265215,43.823821],[125.265264,43.82388],[125.265354,43.823926],[125.265382,43.823976],[125.265203,43.824161]]]}},{"type":"Feature","id":"way/1474115617","properties":{"landuse":"grass"},"geometry":{"type":"Polygon","coordinates":[[[125.266173,43.824358],[125.266052,43.824302],[125.266224,43.824118],[125.266187,43.824102],[125.266445,43.823829],[125.266605,43.823904],[125.266612,43.823929],[125.266449,43.824058],[125.266173,43.824358]]]}},{"type":"Feature","id":"way/1474115618","properties":{"landuse":"grass"},"geometry":{"type":"Polygon","coordinates":[[[125.265151,43.824355],[125.265697,43.824622],[125.265843,43.824467],[125.266005,43.82455],[125.265854,43.82472],[125.265816,43.824729],[125.265111,43.824399],[125.265151,43.824355]]]}},{"type":"Feature","id":"way/1474115619","properties":{"landuse":"grass"},"geometry":{"type":"Polygon","coordinates":[[[125.264524,43.823976],[125.264444,43.824063],[125.264457,43.824091],[125.265021,43.824361],[125.265066,43.824314],[125.264508,43.824044],[125.264556,43.823993],[125.264524,43.823976]]]}},{"type":"Feature","id":"way/1474115620","properties":{"landuse":"grass"},"geometry":{"type":"Polygon","coordinates":[[[125.264025,43.823412],[125.264049,43.823385],[125.264162,43.823396],[125.26478,43.823701],[125.264681,43.823733],[125.264025,43.823412]]]}},{"type":"Feature","id":"way/1474115621","properties":{"landuse":"grass"},"geometry":{"type":"Polygon","coordinates":[[[125.264151,43.82333],[125.264114,43.823312],[125.264053,43.823376],[125.264141,43.823386],[125.264112,43.823371],[125.264151,43.82333]]]}},{"type":"Feature","id":"way/1474115622","properties":{"landuse":"grass"},"geometry":{"type":"Polygon","coordinates":[[[125.26416,43.823318],[125.264124,43.8233],[125.264152,43.82327],[125.264189,43.823288],[125.26416,43.823318]]]}},{"type":"Feature","id":"way/1474115623","properties":{"landuse":"grass"},"geometry":{"type":"Polygon","coordinates":[[[125.264165,43.823259],[125.264203,43.823275],[125.264236,43.823241],[125.264294,43.82327],[125.26431,43.823218],[125.264232,43.823186],[125.264165,43.823259]]]}},{"type":"Feature","id":"way/1474115624","properties":{"landuse":"grass"},"geometry":{"type":"Polygon","coordinates":[[[125.264376,43.823363],[125.264408,43.823329],[125.264908,43.823574],[125.264888,43.823616],[125.264925,43.823612],[125.264977,43.823561],[125.264952,43.823522],[125.264918,43.823557],[125.264424,43.823312],[125.264438,43.823272],[125.264398,43.823279],[125.264354,43.823331],[125.264376,43.823363]]]}},{"type":"Feature","id":"way/1474115625","properties":{"landuse":"grass"},"geometry":{"type":"Polygon","coordinates":[[[125.264514,43.823228],[125.26455,43.823191],[125.265029,43.823428],[125.264995,43.823466],[125.265026,43.823477],[125.265076,43.823468],[125.265111,43.82343],[125.265114,43.823397],[125.265075,43.823376],[125.265041,43.823409],[125.264565,43.823174],[125.264598,43.823139],[125.264577,43.823129],[125.264539,43.823131],[125.264484,43.823189],[125.264514,43.823228]]]}},{"type":"Feature","id":"way/1474115626","properties":{"landuse":"grass"},"geometry":{"type":"Polygon","coordinates":[[[125.264433,43.82312],[125.264349,43.823144],[125.264307,43.823122],[125.264294,43.823082],[125.264444,43.822913],[125.264514,43.822898],[125.265242,43.823268],[125.265159,43.823335],[125.265128,43.823319],[125.265164,43.823281],[125.264548,43.822976],[125.264514,43.823017],[125.264463,43.822991],[125.264371,43.82309],[125.264433,43.82312]]]}},{"type":"Feature","id":"way/1474115666","properties":{"building":"university"},"geometry":{"type":"Polygon","coordinates":[[[125.265389,43.824103],[125.265249,43.824253],[125.265156,43.824208],[125.265194,43.824167],[125.264649,43.823903],[125.264518,43.824043],[125.265064,43.824308],[125.265108,43.82426],[125.265198,43.824303],[125.265156,43.824348],[125.265699,43.824611],[125.265929,43.824364],[125.265389,43.824103]]]}},{"type":"Feature","id":"way/1474115667","properties":{"building":"yes","amenity":"restaurant","name":"基础园餐厅"},"geometry":{"type":"Polygon","coordinates":[[[125.265969,43.824384],[125.266053,43.824294],[125.266018,43.824277],[125.266097,43.824192],[125.26613,43.824208],[125.266212,43.82412],[125.266179,43.824104],[125.266387,43.82388],[125.266271,43.823823],[125.266241,43.823856],[125.265934,43.823707],[125.265964,43.823675],[125.265842,43.823616],[125.265823,43.823636],[125.265649,43.823552],[125.265365,43.823857],[125.265539,43.823941],[125.265389,43.824103],[125.265969,43.824384]]]}},{"type":"Feature","id":"way/1474160450","properties":{"landuse":"grass"},"geometry":{"type":"Polygon","coordinates":[[[125.281393,43.820383],[125.28202,43.820391],[125.282021,43.820345],[125.281684,43.82034],[125.281684,43.82029],[125.281395,43.820289],[125.281393,43.820383]]]}},{"type":"Feature","id":"way/1474160456","properties":{"landuse":"grass"},"geometry":{"type":"Polygon","coordinates":[[[125.27699,43.818946],[125.277016,43.818901],[125.277772,43.819133],[125.277746,43.819178],[125.277776,43.819186],[125.277815,43.819179],[125.277858,43.819116],[125.277805,43.819079],[125.277779,43.81912],[125.277026,43.818882],[125.277054,43.818835],[125.27701,43.818822],[125.276972,43.818836],[125.276925,43.818917],[125.276942,43.818943],[125.27699,43.818946]]]}},{"type":"Feature","id":"way/1474160457","properties":{"landuse":"grass"},"geometry":{"type":"Polygon","coordinates":[[[125.276802,43.819262],[125.276749,43.819224],[125.276808,43.819136],[125.276865,43.819158],[125.276839,43.819201],[125.277595,43.819434],[125.277623,43.819389],[125.277679,43.819424],[125.27763,43.819505],[125.277591,43.819514],[125.277553,43.819502],[125.277585,43.81945],[125.276829,43.819218],[125.276802,43.819262]]]}},{"type":"Feature","id":"way/1474160459","properties":{"landuse":"grass"},"geometry":{"type":"Polygon","coordinates":[[[125.276607,43.819585],[125.276636,43.819536],[125.277403,43.819775],[125.277376,43.81982],[125.277404,43.819826],[125.277451,43.819816],[125.27749,43.819755],[125.277438,43.819711],[125.27741,43.819756],[125.276645,43.819516],[125.27667,43.819473],[125.276647,43.819465],[125.276602,43.81948],[125.276565,43.819541],[125.276561,43.819562],[125.276607,43.819585]]]}},{"type":"Feature","id":"way/1474195245","properties":{"landuse":"grass"},"geometry":{"type":"Polygon","coordinates":[[[125.268641,43.81776],[125.268573,43.817731],[125.268837,43.817037],[125.268914,43.81706],[125.268641,43.81776]]]}},{"type":"Feature","id":"way/1474195246","properties":{"building":"yes"},"geometry":{"type":"Polygon","coordinates":[[[125.271268,43.825134],[125.271423,43.825208],[125.271462,43.825165],[125.271307,43.825091],[125.271268,43.825134]]]}},{"type":"Feature","id":"way/1474195247","properties":{"building":"yes"},"geometry":{"type":"Polygon","coordinates":[[[125.265309,43.825886],[125.265323,43.825914],[125.265876,43.826183],[125.265941,43.826174],[125.266808,43.825247],[125.266791,43.825194],[125.266248,43.82493],[125.266178,43.824937],[125.265309,43.825886]]]}},{"type":"Feature","id":"way/1474195248","properties":{"building":"yes"},"geometry":{"type":"Polygon","coordinates":[[[125.267626,43.825722],[125.267951,43.82565],[125.267921,43.825582],[125.267597,43.825653],[125.267626,43.825722]]]}},{"type":"Feature","id":"way/1474195249","properties":{"building":"yes"},"geometry":{"type":"Polygon","coordinates":[[[125.268337,43.826098],[125.268849,43.826005],[125.268827,43.825942],[125.268315,43.826035],[125.268337,43.826098]]]}},{"type":"Feature","id":"way/1474195250","properties":{"building":"yes"},"geometry":{"type":"Polygon","coordinates":[[[125.267878,43.82623],[125.268205,43.82617],[125.268166,43.826059],[125.267839,43.826119],[125.267878,43.82623]]]}},{"type":"Feature","id":"way/1474195251","properties":{"building":"yes"},"geometry":{"type":"Polygon","coordinates":[[[125.26904,43.827486],[125.269128,43.827394],[125.268963,43.827311],[125.268874,43.827403],[125.26904,43.827486]]]}},{"type":"Feature","id":"way/1474195252","properties":{"building":"yes"},"geometry":{"type":"Polygon","coordinates":[[[125.268813,43.826818],[125.268901,43.82676],[125.268916,43.826698],[125.268853,43.826616],[125.268772,43.826593],[125.268643,43.826623],[125.268593,43.826705],[125.268499,43.826657],[125.268381,43.826777],[125.268778,43.82698],[125.268896,43.82686],[125.268813,43.826818]]]}},{"type":"Feature","id":"way/1474195253","properties":{"building":"yes"},"geometry":{"type":"Polygon","coordinates":[[[125.267697,43.827092],[125.268635,43.827546],[125.268896,43.827264],[125.267959,43.82681],[125.267697,43.827092]]]}},{"type":"Feature","id":"way/1474195254","properties":{"building":"yes"},"geometry":{"type":"Polygon","coordinates":[[[125.270082,43.827566],[125.270386,43.827499],[125.270356,43.827429],[125.270052,43.827496],[125.270082,43.827566]]]}},{"type":"Feature","id":"way/1474195255","properties":{"building":"yes"},"geometry":{"type":"Polygon","coordinates":[[[125.269973,43.827873],[125.270151,43.827961],[125.270378,43.827722],[125.270199,43.827634],[125.269973,43.827873]]]}},{"type":"Feature","id":"way/1474195256","properties":{"building":"yes"},"geometry":{"type":"Polygon","coordinates":[[[125.269133,43.827666],[125.269177,43.827777],[125.270009,43.827606],[125.269965,43.827495],[125.269133,43.827666]]]}},{"type":"Feature","id":"way/1474195257","properties":{"building":"yes"},"geometry":{"type":"Polygon","coordinates":[[[125.268639,43.82777],[125.268468,43.827953],[125.26916,43.828287],[125.269137,43.828312],[125.269429,43.828453],[125.269887,43.827959],[125.269705,43.827872],[125.269441,43.828157],[125.268639,43.82777]]]}},{"type":"Feature","id":"way/1474195258","properties":{"building":"yes"},"geometry":{"type":"Polygon","coordinates":[[[125.276222,43.829435],[125.276553,43.829441],[125.276552,43.829463],[125.276759,43.829467],[125.27676,43.829445],[125.276876,43.829447],[125.27688,43.829336],[125.276925,43.829337],[125.276938,43.828967],[125.276773,43.828964],[125.27677,43.829034],[125.27619,43.829024],[125.27619,43.829005],[125.276127,43.829004],[125.276124,43.829093],[125.27664,43.829103],[125.276639,43.82914],[125.276768,43.829143],[125.276762,43.829306],[125.276226,43.829313],[125.276222,43.829435]]]}},{"type":"Feature","id":"way/1474195259","properties":{"building":"yes"},"geometry":{"type":"Polygon","coordinates":[[[125.275953,43.829546],[125.276064,43.829547],[125.276083,43.829005],[125.275985,43.829003],[125.275984,43.829031],[125.275919,43.82903],[125.275916,43.829108],[125.275968,43.829109],[125.275953,43.829546]]]}},{"type":"Feature","id":"way/1474195260","properties":{"building":"yes"},"geometry":{"type":"Polygon","coordinates":[[[125.275024,43.82953],[125.275861,43.829545],[125.275871,43.82926],[125.275033,43.829245],[125.275024,43.82953]]]}},{"type":"Feature","id":"way/1474195261","properties":{"building":"yes"},"geometry":{"type":"Polygon","coordinates":[[[125.274375,43.829211],[125.274369,43.82939],[125.274853,43.829399],[125.274857,43.829268],[125.274463,43.829261],[125.274465,43.829212],[125.274375,43.829211]]]}},{"type":"Feature","id":"way/1474195262","properties":{"building":"yes"},"geometry":{"type":"Polygon","coordinates":[[[125.275638,43.828828],[125.276874,43.828854],[125.276879,43.828746],[125.275642,43.82872],[125.275638,43.828828]]]}},{"type":"Feature","id":"way/1474195263","properties":{"building":"yes"},"geometry":{"type":"Polygon","coordinates":[[[125.274658,43.828806],[125.275588,43.828828],[125.275593,43.82872],[125.274662,43.828699],[125.274658,43.828806]]]}},{"type":"Feature","id":"way/1474195264","properties":{"building":"yes"},"geometry":{"type":"Polygon","coordinates":[[[125.274519,43.829085],[125.275819,43.829103],[125.275822,43.828997],[125.274522,43.828979],[125.274519,43.829085]]]}},{"type":"Feature","id":"way/1474195265","properties":{"building":"yes"},"geometry":{"type":"Polygon","coordinates":[[[125.274246,43.8291],[125.274245,43.829175],[125.274519,43.829176],[125.27452,43.829102],[125.274246,43.8291]]]}},{"type":"Feature","id":"way/1474195266","properties":{"building":"yes"},"geometry":{"type":"Polygon","coordinates":[[[125.274313,43.828911],[125.274529,43.828913],[125.274532,43.828708],[125.274495,43.828708],[125.274496,43.828611],[125.274335,43.82861],[125.274313,43.828911]]]}},{"type":"Feature","id":"way/1474195267","properties":{"building":"university"},"geometry":{"type":"Polygon","coordinates":[[[125.280359,43.828045],[125.28015,43.828542],[125.280297,43.828574],[125.280506,43.828077],[125.280359,43.828045]]]}},{"type":"Feature","id":"way/1474195268","properties":{"building":"university"},"geometry":{"type":"Polygon","coordinates":[[[125.278182,43.829381],[125.278388,43.829387],[125.278424,43.828726],[125.278217,43.828721],[125.278182,43.829381]]]}},{"type":"Feature","id":"way/1474195269","properties":{"building":"university"},"geometry":{"type":"Polygon","coordinates":[[[125.277074,43.829344],[125.277068,43.829494],[125.27721,43.829497],[125.277212,43.829445],[125.27743,43.82945],[125.277428,43.829501],[125.277652,43.829506],[125.277654,43.829454],[125.277862,43.829459],[125.27786,43.82951],[125.278006,43.829513],[125.278012,43.829363],[125.277074,43.829344]]]}},{"type":"Feature","id":"way/1474195270","properties":{"building":"university"},"geometry":{"type":"Polygon","coordinates":[[[125.277186,43.828716],[125.277146,43.829249],[125.277321,43.829256],[125.277358,43.828751],[125.277498,43.828552],[125.278267,43.828564],[125.27827,43.828438],[125.277392,43.828424],[125.277186,43.828716]]]}},{"type":"Feature","id":"way/1474195271","properties":{"building":"university"},"geometry":{"type":"Polygon","coordinates":[[[125.277552,43.828151],[125.277901,43.8283],[125.278136,43.828013],[125.277787,43.827864],[125.277552,43.828151]]]}},{"type":"Feature","id":"way/1474195272","properties":{"building":"university"},"geometry":{"type":"Polygon","coordinates":[[[125.277822,43.82779],[125.278297,43.827992],[125.27839,43.827878],[125.278051,43.827734],[125.278281,43.827454],[125.278123,43.827386],[125.277822,43.82779]]]}},{"type":"Feature","id":"way/1474195273","properties":{"building":"university"},"geometry":{"type":"Polygon","coordinates":[[[125.278252,43.827357],[125.278682,43.827541],[125.278765,43.827439],[125.278194,43.827206],[125.278127,43.827288],[125.278261,43.827345],[125.278252,43.827357]]]}},{"type":"Feature","id":"way/1474195274","properties":{"building":"apartments","name":"阳光经典"},"geometry":{"type":"Polygon","coordinates":[[[125.281968,43.828197],[125.281965,43.82835],[125.282458,43.828355],[125.282454,43.828548],[125.282429,43.828548],[125.282428,43.828578],[125.282573,43.828648],[125.282678,43.828649],[125.282687,43.828204],[125.281968,43.828197]]]}},{"type":"Feature","id":"way/1474195275","properties":{"building":"yes"},"geometry":{"type":"Polygon","coordinates":[[[125.283035,43.827368],[125.282811,43.827365],[125.282799,43.827878],[125.283023,43.82788],[125.283035,43.827368]]]}},{"type":"Feature","id":"way/1474195276","properties":{"building":"residential"},"geometry":{"type":"Polygon","coordinates":[[[125.281613,43.828057],[125.281746,43.827998],[125.282078,43.827718],[125.281953,43.827645],[125.281712,43.827858],[125.281738,43.827873],[125.281678,43.827918],[125.281668,43.827906],[125.281465,43.827996],[125.281148,43.827973],[125.280447,43.827671],[125.280376,43.827761],[125.281084,43.828055],[125.281253,43.828086],[125.281465,43.828087],[125.281613,43.828057]]]}},{"type":"Feature","id":"way/1474195277","properties":{"building":"residential"},"geometry":{"type":"Polygon","coordinates":[[[125.27939,43.827203],[125.279305,43.827305],[125.280306,43.827739],[125.280391,43.827638],[125.27939,43.827203]]]}},{"type":"Feature","id":"way/1474195278","properties":{"building":"residential"},"geometry":{"type":"Polygon","coordinates":[[[125.279405,43.826876],[125.279405,43.826978],[125.279767,43.827001],[125.279767,43.827025],[125.280187,43.827041],[125.280187,43.827066],[125.280374,43.827066],[125.280374,43.826963],[125.280195,43.826963],[125.280195,43.826936],[125.280011,43.826936],[125.280011,43.82691],[125.279405,43.826876]]]}},{"type":"Feature","id":"way/1474195279","properties":{"building":"residential"},"geometry":{"type":"Polygon","coordinates":[[[125.278459,43.826828],[125.27846,43.826951],[125.279328,43.826947],[125.279327,43.826824],[125.278459,43.826828]]]}},{"type":"Feature","id":"way/1474195280","properties":{"building":"residential"},"geometry":{"type":"Polygon","coordinates":[[[125.277265,43.826208],[125.277182,43.826308],[125.278358,43.826813],[125.278441,43.826713],[125.277265,43.826208]]]}},{"type":"Feature","id":"way/1474195281","properties":{"building":"residential"},"geometry":{"type":"Polygon","coordinates":[[[125.28136,43.827308],[125.281362,43.827417],[125.282025,43.827413],[125.282024,43.827304],[125.28136,43.827308]]]}},{"type":"Feature","id":"way/1474195282","properties":{"building":"residential"},"geometry":{"type":"Polygon","coordinates":[[[125.280564,43.827302],[125.280563,43.827413],[125.281221,43.827416],[125.281222,43.827305],[125.280564,43.827302]]]}},{"type":"Feature","id":"way/1474195283","properties":{"building":"residential"},"geometry":{"type":"Polygon","coordinates":[[[125.280566,43.826921],[125.280566,43.827036],[125.281222,43.827036],[125.281222,43.826921],[125.280566,43.826921]]]}},{"type":"Feature","id":"way/1474195284","properties":{"building":"residential"},"geometry":{"type":"Polygon","coordinates":[[[125.281358,43.826924],[125.281358,43.827039],[125.282019,43.827038],[125.282019,43.826923],[125.281358,43.826924]]]}},{"type":"Feature","id":"way/1474195285","properties":{"building":"yes"},"geometry":{"type":"Polygon","coordinates":[[[125.282142,43.826086],[125.282146,43.826572],[125.282782,43.826569],[125.282787,43.827036],[125.283021,43.827034],[125.283014,43.826246],[125.282816,43.826219],[125.282712,43.826152],[125.282674,43.826084],[125.282142,43.826086]]]}},{"type":"Feature","id":"way/1474195286","properties":{"building":"residential"},"geometry":{"type":"Polygon","coordinates":[[[125.281339,43.826542],[125.281339,43.82666],[125.282034,43.826659],[125.282033,43.826541],[125.281339,43.826542]]]}},{"type":"Feature","id":"way/1474195287","properties":{"building":"residential"},"geometry":{"type":"Polygon","coordinates":[[[125.281476,43.826245],[125.282036,43.826245],[125.282036,43.826144],[125.281476,43.826144],[125.281476,43.826245]]]}},{"type":"Feature","id":"way/1474195288","properties":{"building":"residential"},"geometry":{"type":"Polygon","coordinates":[[[125.281254,43.826133],[125.281402,43.826133],[125.281403,43.826256],[125.281255,43.826256],[125.280838,43.826559],[125.280727,43.826589],[125.280565,43.82659],[125.280564,43.826479],[125.280727,43.826479],[125.281144,43.826176],[125.281254,43.826133]]]}},{"type":"Feature","id":"way/1474195289","properties":{"building":"residential"},"geometry":{"type":"Polygon","coordinates":[[[125.278482,43.825848],[125.278913,43.826035],[125.27941,43.826035],[125.27941,43.825922],[125.278941,43.825922],[125.278559,43.825756],[125.278482,43.825848]]]}},{"type":"Feature","id":"way/1474195290","properties":{"building":"residential"},"geometry":{"type":"Polygon","coordinates":[[[125.280136,43.826587],[125.280381,43.826589],[125.280383,43.826469],[125.280204,43.826468],[125.279948,43.82629],[125.27946,43.826289],[125.27946,43.826402],[125.279871,43.826403],[125.280136,43.826587]]]}},{"type":"Feature","id":"way/1474195291","properties":{"building":"residential"},"geometry":{"type":"Polygon","coordinates":[[[125.278447,43.826415],[125.27929,43.826415],[125.27929,43.826298],[125.278447,43.826298],[125.278447,43.826415]]]}},{"type":"Feature","id":"way/1474195292","properties":{"building":"residential"},"geometry":{"type":"Polygon","coordinates":[[[125.278359,43.826341],[125.278434,43.82625],[125.277587,43.825885],[125.277511,43.825976],[125.278359,43.826341]]]}},{"type":"Feature","id":"way/1474195293","properties":{"building":"residential"},"geometry":{"type":"Polygon","coordinates":[[[125.278429,43.825824],[125.27851,43.825726],[125.277955,43.825488],[125.277873,43.825586],[125.278429,43.825824]]]}},{"type":"Feature","id":"way/1474195294","properties":{"building":"residential"},"geometry":{"type":"Polygon","coordinates":[[[125.278993,43.825458],[125.278994,43.825348],[125.278663,43.825347],[125.278241,43.825168],[125.278166,43.825261],[125.278626,43.825456],[125.278993,43.825458]]]}},{"type":"Feature","id":"way/1474195295","properties":{"building":"residential"},"geometry":{"type":"Polygon","coordinates":[[[125.27905,43.82535],[125.279049,43.825471],[125.280375,43.825477],[125.280376,43.825356],[125.27905,43.82535]]]}},{"type":"Feature","id":"way/1474195296","properties":{"building":"residential"},"geometry":{"type":"Polygon","coordinates":[[[125.280724,43.825356],[125.280576,43.825355],[125.280575,43.825478],[125.280723,43.825478],[125.28114,43.825781],[125.281251,43.825812],[125.281413,43.825812],[125.281414,43.825702],[125.281251,43.825701],[125.280834,43.825398],[125.280724,43.825356]]]}},{"type":"Feature","id":"way/1474195297","properties":{"building":"residential"},"geometry":{"type":"Polygon","coordinates":[[[125.281474,43.825689],[125.281474,43.825787],[125.282039,43.825789],[125.282039,43.82569],[125.281474,43.825689]]]}},{"type":"Feature","id":"way/1474195298","properties":{"building":"yes"},"geometry":{"type":"Polygon","coordinates":[[[125.28213,43.825383],[125.282128,43.82588],[125.28267,43.825882],[125.282701,43.825907],[125.283036,43.825735],[125.283044,43.825385],[125.28213,43.825383]]]}},{"type":"Feature","id":"way/1474195299","properties":{"building":"residential"},"geometry":{"type":"Polygon","coordinates":[[[125.281256,43.825291],[125.281255,43.825412],[125.282044,43.825414],[125.282044,43.825293],[125.281256,43.825291]]]}},{"type":"Feature","id":"way/1474195300","properties":{"building":"yes"},"geometry":{"type":"Polygon","coordinates":[[[125.282151,43.824904],[125.282772,43.824902],[125.282775,43.825358],[125.283043,43.825358],[125.283039,43.824782],[125.28215,43.824785],[125.282151,43.824904]]]}},{"type":"Feature","id":"way/1474195301","properties":{"building":"residential"},"geometry":{"type":"Polygon","coordinates":[[[125.281305,43.825013],[125.282054,43.825013],[125.282054,43.824848],[125.281305,43.824848],[125.281305,43.825013]]]}},{"type":"Feature","id":"way/1474195302","properties":{"building":"residential"},"geometry":{"type":"Polygon","coordinates":[[[125.280655,43.825018],[125.281231,43.825018],[125.281231,43.824854],[125.280656,43.824853],[125.280655,43.825018]]]}},{"type":"Feature","id":"way/1474195303","properties":{"building":"residential"},"geometry":{"type":"Polygon","coordinates":[[[125.279388,43.82501],[125.280376,43.825009],[125.280376,43.824849],[125.279387,43.82485],[125.279388,43.82501]]]}},{"type":"Feature","id":"way/1474195304","properties":{"building":"residential"},"geometry":{"type":"Polygon","coordinates":[[[125.278551,43.825013],[125.279316,43.825014],[125.279317,43.824852],[125.278551,43.824851],[125.278551,43.825013]]]}},{"type":"Feature","id":"way/1474195307","properties":{"building":"commercial"},"geometry":{"type":"Polygon","coordinates":[[[125.278578,43.828731],[125.278577,43.829284],[125.278716,43.829284],[125.278716,43.829259],[125.279113,43.82885],[125.279183,43.82885],[125.279183,43.828815],[125.279595,43.828816],[125.279594,43.82897],[125.280281,43.828972],[125.280282,43.828775],[125.279614,43.828773],[125.279614,43.828688],[125.279179,43.828674],[125.278667,43.828674],[125.278578,43.828731]]]}},{"type":"Feature","id":"way/1474195308","properties":{"building":"commercial"},"geometry":{"type":"Polygon","coordinates":[[[125.279605,43.829152],[125.27992,43.829154],[125.279921,43.829105],[125.279862,43.829104],[125.279863,43.829054],[125.279554,43.829053],[125.279554,43.829103],[125.279605,43.829103],[125.279605,43.829152]]]}},{"type":"Feature","id":"way/1474195309","properties":{"building":"commercial"},"geometry":{"type":"Polygon","coordinates":[[[125.280755,43.829276],[125.280758,43.828938],[125.280463,43.828937],[125.280461,43.829195],[125.280544,43.829275],[125.280755,43.829276]]]}},{"type":"Feature","id":"way/1474195310","properties":{"building":"commercial"},"geometry":{"type":"Polygon","coordinates":[[[125.279973,43.829154],[125.280299,43.829156],[125.2803,43.829057],[125.280019,43.829055],[125.280019,43.829104],[125.279974,43.829104],[125.279973,43.829154]]]}},{"type":"Feature","id":"way/1474195311","properties":{"building":"commercial"},"geometry":{"type":"Polygon","coordinates":[[[125.279178,43.82899],[125.279178,43.829048],[125.279097,43.829048],[125.279096,43.82915],[125.2795,43.829152],[125.279501,43.828991],[125.279178,43.82899]]]}},{"type":"Feature","id":"way/1474195312","properties":{"building":"commercial"},"geometry":{"type":"Polygon","coordinates":[[[125.279007,43.829223],[125.278902,43.829339],[125.278902,43.829402],[125.280457,43.829408],[125.280457,43.829366],[125.280324,43.829228],[125.279007,43.829223]]]}},{"type":"Feature","id":"way/1474195313","properties":{"building":"commercial"},"geometry":{"type":"Polygon","coordinates":[[[125.280879,43.828417],[125.280558,43.828334],[125.280395,43.828652],[125.280429,43.828686],[125.280709,43.828761],[125.280879,43.828417]]]}},{"type":"Feature","id":"way/1474195329","properties":{"building":"residential"},"geometry":{"type":"Polygon","coordinates":[[[125.277242,43.826711],[125.277173,43.826796],[125.278075,43.827176],[125.278144,43.827091],[125.277242,43.826711]]]}},{"type":"Feature","id":"way/1474195330","properties":{"building":"residential"},"geometry":{"type":"Polygon","coordinates":[[[125.276949,43.827062],[125.276878,43.827151],[125.277781,43.827527],[125.277852,43.827438],[125.276949,43.827062]]]}},{"type":"Feature","id":"way/1474195331","properties":{"building":"residential"},"geometry":{"type":"Polygon","coordinates":[[[125.27666,43.827412],[125.27659,43.827497],[125.277493,43.827881],[125.277562,43.827796],[125.27666,43.827412]]]}},{"type":"Feature","id":"way/1474195332","properties":{"building":"residential"},"geometry":{"type":"Polygon","coordinates":[[[125.276371,43.827767],[125.276292,43.827866],[125.277173,43.828236],[125.277253,43.828137],[125.276371,43.827767]]]}},{"type":"Feature","id":"way/1474195333","properties":{"building":"residential"},"geometry":{"type":"Polygon","coordinates":[[[125.274749,43.827076],[125.274668,43.827175],[125.276059,43.827765],[125.276139,43.827667],[125.274749,43.827076]]]}},{"type":"Feature","id":"way/1474195334","properties":{"building":"residential"},"geometry":{"type":"Polygon","coordinates":[[[125.275104,43.826746],[125.275022,43.826848],[125.276352,43.827402],[125.276434,43.827299],[125.275104,43.826746]]]}},{"type":"Feature","id":"way/1474195335","properties":{"building":"residential"},"geometry":{"type":"Polygon","coordinates":[[[125.27539,43.82639],[125.275309,43.82649],[125.276642,43.827053],[125.276723,43.826954],[125.27539,43.82639]]]}},{"type":"Feature","id":"way/1474195336","properties":{"building":"yes"},"geometry":{"type":"Polygon","coordinates":[[[125.271601,43.829301],[125.271128,43.829099],[125.271045,43.829199],[125.271554,43.829432],[125.272072,43.829527],[125.272633,43.829541],[125.27264,43.829411],[125.272119,43.829397],[125.271601,43.829301]]]}},{"type":"Feature","id":"way/1474195337","properties":{"building":"residential"},"geometry":{"type":"Polygon","coordinates":[[[125.271265,43.828755],[125.271183,43.828848],[125.271656,43.829063],[125.271738,43.82897],[125.271265,43.828755]]]}},{"type":"Feature","id":"way/1474195338","properties":{"building":"residential"},"geometry":{"type":"Polygon","coordinates":[[[125.272553,43.829066],[125.272033,43.82905],[125.272026,43.829166],[125.272547,43.829182],[125.272553,43.829066]]]}},{"type":"Feature","id":"way/1474195339","properties":{"building":"residential"},"geometry":{"type":"Polygon","coordinates":[[[125.272062,43.828702],[125.272055,43.828822],[125.272614,43.82884],[125.272622,43.82872],[125.272062,43.828702]]]}},{"type":"Feature","id":"way/1474195340","properties":{"building":"residential"},"geometry":{"type":"Polygon","coordinates":[[[125.27151,43.82845],[125.271419,43.828556],[125.271914,43.828776],[125.272005,43.828671],[125.27151,43.82845]]]}},{"type":"Feature","id":"way/1474195341","properties":{"building":"residential"},"geometry":{"type":"Polygon","coordinates":[[[125.271727,43.828153],[125.271675,43.828276],[125.272605,43.82848],[125.272656,43.828357],[125.271727,43.828153]]]}},{"type":"Feature","id":"way/1474195342","properties":{"building":"residential"},"geometry":{"type":"Polygon","coordinates":[[[125.271745,43.827854],[125.271751,43.827739],[125.271034,43.827717],[125.270634,43.827459],[125.270532,43.827542],[125.270982,43.827831],[125.271745,43.827854]]]}},{"type":"Feature","id":"way/1474195343","properties":{"building":"residential"},"geometry":{"type":"Polygon","coordinates":[[[125.271863,43.827752],[125.271854,43.827864],[125.272674,43.827896],[125.272682,43.827784],[125.271863,43.827752]]]}},{"type":"Feature","id":"way/1474195344","properties":{"building":"residential"},"geometry":{"type":"Polygon","coordinates":[[[125.270861,43.827224],[125.271118,43.827382],[125.271239,43.827388],[125.271234,43.827447],[125.271777,43.827471],[125.271787,43.827356],[125.271244,43.827332],[125.271248,43.827281],[125.271185,43.827278],[125.270961,43.82714],[125.270861,43.827224]]]}},{"type":"Feature","id":"way/1474195345","properties":{"building":"residential"},"geometry":{"type":"Polygon","coordinates":[[[125.271896,43.827365],[125.271888,43.827475],[125.272698,43.827506],[125.272706,43.827396],[125.271896,43.827365]]]}},{"type":"Feature","id":"way/1474195346","properties":{"building":"residential"},"geometry":{"type":"Polygon","coordinates":[[[125.273217,43.828577],[125.273208,43.828696],[125.274178,43.828735],[125.274187,43.828616],[125.273217,43.828577]]]}},{"type":"Feature","id":"way/1474195347","properties":{"building":"residential"},"geometry":{"type":"Polygon","coordinates":[[[125.273057,43.828169],[125.273046,43.828302],[125.274756,43.828372],[125.274767,43.828239],[125.273057,43.828169]]]}},{"type":"Feature","id":"way/1474195348","properties":{"building":"residential"},"geometry":{"type":"Polygon","coordinates":[[[125.274095,43.827814],[125.274086,43.827938],[125.274965,43.827969],[125.274973,43.827845],[125.274095,43.827814]]]}},{"type":"Feature","id":"way/1474195349","properties":{"building":"residential"},"geometry":{"type":"Polygon","coordinates":[[[125.273092,43.82777],[125.273082,43.827898],[125.273968,43.827934],[125.273978,43.827806],[125.273092,43.82777]]]}},{"type":"Feature","id":"way/1474195350","properties":{"building":"residential"},"geometry":{"type":"Polygon","coordinates":[[[125.274135,43.827427],[125.274126,43.82754],[125.274703,43.827564],[125.274712,43.827451],[125.274135,43.827427]]]}},{"type":"Feature","id":"way/1474195351","properties":{"building":"residential"},"geometry":{"type":"Polygon","coordinates":[[[125.273131,43.827384],[125.273122,43.827498],[125.273997,43.827531],[125.274005,43.827416],[125.273131,43.827384]]]}},{"type":"Feature","id":"way/1474195352","properties":{"building":"residential"},"geometry":{"type":"Polygon","coordinates":[[[125.273162,43.826987],[125.273153,43.827094],[125.274516,43.827148],[125.274524,43.827041],[125.273162,43.826987]]]}},{"type":"Feature","id":"way/1474195353","properties":{"building":"yes"},"geometry":{"type":"Polygon","coordinates":[[[125.272718,43.826366],[125.272531,43.826358],[125.272525,43.826434],[125.272468,43.826431],[125.272458,43.826546],[125.272515,43.826548],[125.272508,43.826631],[125.272134,43.826615],[125.272126,43.826713],[125.272499,43.82673],[125.272482,43.826936],[125.271817,43.826906],[125.271808,43.827014],[125.272659,43.827052],[125.272718,43.826366]]]}},{"type":"Feature","id":"way/1474195354","properties":{"building":"yes"},"geometry":{"type":"Polygon","coordinates":[[[125.272799,43.825566],[125.272792,43.825453],[125.272701,43.825442],[125.272622,43.825525],[125.272604,43.825699],[125.272571,43.825698],[125.272524,43.826248],[125.27274,43.826258],[125.272799,43.825566]]]}},{"type":"Feature","id":"way/1474195355","properties":{"building":"residential"},"geometry":{"type":"Polygon","coordinates":[[[125.274163,43.826499],[125.274155,43.826611],[125.27496,43.826639],[125.274967,43.826527],[125.274163,43.826499]]]}},{"type":"Feature","id":"way/1474195356","properties":{"building":"yes"},"geometry":{"type":"Polygon","coordinates":[[[125.273308,43.826277],[125.273281,43.826646],[125.274041,43.826659],[125.274049,43.826546],[125.273552,43.82653],[125.27357,43.826287],[125.273308,43.826277]]]}},{"type":"Feature","id":"way/1474195357","properties":{"building":"yes"},"geometry":{"type":"Polygon","coordinates":[[[125.273373,43.825205],[125.273321,43.826161],[125.273546,43.826167],[125.273552,43.826054],[125.274087,43.826068],[125.274092,43.825963],[125.273558,43.825948],[125.273591,43.825324],[125.273654,43.825326],[125.274023,43.825485],[125.274099,43.825394],[125.273681,43.825214],[125.273373,43.825205]]]}},{"type":"Feature","id":"way/1474195358","properties":{"building":"yes"},"geometry":{"type":"Polygon","coordinates":[[[125.274304,43.825461],[125.274179,43.825613],[125.275379,43.826125],[125.275504,43.825973],[125.274304,43.825461]]]}},{"type":"Feature","id":"way/1474195359","properties":{"building":"yes","name":"吉林大学友谊会馆"},"geometry":{"type":"Polygon","coordinates":[[[125.276156,43.825256],[125.275856,43.825622],[125.276184,43.825762],[125.276208,43.825733],[125.276383,43.825807],[125.276359,43.825837],[125.276522,43.825906],[125.276545,43.825877],[125.2767,43.825943],[125.276676,43.825972],[125.276964,43.826095],[125.277265,43.825729],[125.277141,43.825676],[125.277118,43.825705],[125.276762,43.825553],[125.276818,43.825485],[125.276665,43.82542],[125.276609,43.825488],[125.276236,43.825329],[125.27626,43.8253],[125.276156,43.825256]]]}},{"type":"Feature","id":"way/1474195412","properties":{"building":"yes"},"geometry":{"type":"Polygon","coordinates":[[[125.272495,43.825519],[125.271839,43.825233],[125.271766,43.825321],[125.272421,43.825607],[125.272495,43.825519]]]}},{"type":"Feature","id":"way/1474195413","properties":{"building":"yes"},"geometry":{"type":"Polygon","coordinates":[[[125.270865,43.824863],[125.270899,43.824805],[125.271683,43.825046],[125.271573,43.825233],[125.271763,43.825292],[125.272025,43.824809],[125.272527,43.824963],[125.272347,43.825223],[125.27244,43.825252],[125.272483,43.82518],[125.272455,43.825171],[125.272561,43.824992],[125.272615,43.825008],[125.272654,43.824943],[125.272558,43.824914],[125.272547,43.824934],[125.272043,43.824779],[125.272052,43.824764],[125.27185,43.824702],[125.271871,43.824667],[125.271232,43.82447],[125.271211,43.824505],[125.271106,43.824473],[125.271085,43.824509],[125.271008,43.824486],[125.270752,43.8249],[125.271082,43.825058],[125.271144,43.824982],[125.270865,43.824863]]]}},{"type":"Feature","id":"way/1474195414","properties":{"building":"residential"},"geometry":{"type":"Polygon","coordinates":[[[125.268111,43.823589],[125.268048,43.823696],[125.268506,43.823838],[125.26849,43.823864],[125.268939,43.824004],[125.269001,43.823899],[125.268558,43.823761],[125.268575,43.823734],[125.268111,43.823589]]]}},{"type":"Feature","id":"way/1474195415","properties":{"building":"residential"},"geometry":{"type":"Polygon","coordinates":[[[125.26833,43.82323],[125.268266,43.823337],[125.268779,43.823496],[125.268764,43.823522],[125.269158,43.823645],[125.26922,43.82354],[125.26883,43.823419],[125.268846,43.823391],[125.26833,43.82323]]]}},{"type":"Feature","id":"way/1474195416","properties":{"building":"residential"},"geometry":{"type":"Polygon","coordinates":[[[125.268545,43.822877],[125.268481,43.822983],[125.268986,43.823141],[125.268971,43.823166],[125.269372,43.823291],[125.269435,43.823187],[125.269035,43.823063],[125.269052,43.823035],[125.268545,43.822877]]]}},{"type":"Feature","id":"way/1474195417","properties":{"building":"residential"},"geometry":{"type":"Polygon","coordinates":[[[125.268759,43.822519],[125.268696,43.822625],[125.269209,43.822785],[125.269193,43.822811],[125.269587,43.822933],[125.269649,43.822829],[125.269259,43.822708],[125.269276,43.82268],[125.268759,43.822519]]]}},{"type":"Feature","id":"way/1474195418","properties":{"building":"residential"},"geometry":{"type":"Polygon","coordinates":[[[125.269752,43.822938],[125.269697,43.82303],[125.270306,43.82322],[125.270361,43.823128],[125.269752,43.822938]]]}},{"type":"Feature","id":"way/1474195419","properties":{"building":"residential"},"geometry":{"type":"Polygon","coordinates":[[[125.269496,43.823283],[125.269434,43.823384],[125.270044,43.823575],[125.270105,43.823474],[125.269496,43.823283]]]}},{"type":"Feature","id":"way/1474195420","properties":{"building":"residential"},"geometry":{"type":"Polygon","coordinates":[[[125.269078,43.82399],[125.269023,43.824081],[125.269638,43.824272],[125.269692,43.824182],[125.269078,43.82399]]]}},{"type":"Feature","id":"way/1474195421","properties":{"building":"residential"},"geometry":{"type":"Polygon","coordinates":[[[125.269292,43.823624],[125.26924,43.82371],[125.269854,43.823905],[125.269907,43.823819],[125.269292,43.823624]]]}},{"type":"Feature","id":"way/1474195422","properties":{"building":"residential"},"geometry":{"type":"Polygon","coordinates":[[[125.269816,43.824281],[125.269761,43.824374],[125.270314,43.824545],[125.270369,43.824452],[125.269816,43.824281]]]}},{"type":"Feature","id":"way/1474195423","properties":{"building":"residential"},"geometry":{"type":"Polygon","coordinates":[[[125.270033,43.823903],[125.269963,43.824014],[125.271017,43.82436],[125.271087,43.824248],[125.270033,43.823903]]]}},{"type":"Feature","id":"way/1474195424","properties":{"building":"residential"},"geometry":{"type":"Polygon","coordinates":[[[125.270482,43.823228],[125.270426,43.823321],[125.270996,43.8235],[125.271052,43.823407],[125.270482,43.823228]]]}},{"type":"Feature","id":"way/1474195425","properties":{"building":"residential"},"geometry":{"type":"Polygon","coordinates":[[[125.270945,43.823798],[125.270896,43.823881],[125.271417,43.824042],[125.271466,43.823959],[125.270945,43.823798]]]}},{"type":"Feature","id":"way/1474195426","properties":{"building":"residential"},"geometry":{"type":"Polygon","coordinates":[[[125.271617,43.823664],[125.271148,43.823514],[125.271095,43.823602],[125.271563,43.823752],[125.271617,43.823664]]]}},{"type":"Feature","id":"way/1474195427","properties":{"building":"yes"},"geometry":{"type":"Polygon","coordinates":[[[125.271776,43.824239],[125.271732,43.824314],[125.272104,43.824427],[125.272148,43.824352],[125.271776,43.824239]]]}},{"type":"Feature","id":"way/1474195428","properties":{"building":"residential"},"geometry":{"type":"Polygon","coordinates":[[[125.271915,43.823904],[125.271862,43.823994],[125.272439,43.824172],[125.272492,43.824083],[125.271915,43.823904]]]}},{"type":"Feature","id":"way/1474195429","properties":{"building":"residential"},"geometry":{"type":"Polygon","coordinates":[[[125.27255,43.824303],[125.273112,43.824476],[125.273211,43.82431],[125.272648,43.824137],[125.27255,43.824303]]]}},{"type":"Feature","id":"way/1474195430","properties":{"building":"kiosk","name":"吉大商座"},"geometry":{"type":"Polygon","coordinates":[[[125.27309,43.82458],[125.27279,43.824487],[125.272803,43.824465],[125.272706,43.824435],[125.272693,43.824457],[125.272653,43.824445],[125.272645,43.824459],[125.272554,43.824431],[125.272403,43.824686],[125.272932,43.824848],[125.27309,43.82458]]]}},{"type":"Feature","id":"way/1474195434","properties":{"building":"yes"},"geometry":{"type":"Polygon","coordinates":[[[125.273921,43.824618],[125.27382,43.824577],[125.27379,43.824585],[125.273671,43.824767],[125.273683,43.824787],[125.274243,43.825043],[125.274307,43.824964],[125.274482,43.825039],[125.274592,43.824905],[125.273921,43.824618]]]}},{"type":"Feature","id":"way/1474195435","properties":{"building":"yes"},"geometry":{"type":"Polygon","coordinates":[[[125.275279,43.825505],[125.275468,43.825582],[125.275694,43.825295],[125.275651,43.825277],[125.275676,43.825246],[125.275583,43.825208],[125.275558,43.82524],[125.275505,43.825218],[125.275279,43.825505]]]}},{"type":"Feature","id":"way/1474195436","properties":{"landuse":"grass"},"geometry":{"type":"Polygon","coordinates":[[[125.274853,43.825158],[125.275118,43.825273],[125.275137,43.825237],[125.275165,43.825249],[125.275314,43.82507],[125.275029,43.824946],[125.274853,43.825158]]]}},{"type":"Feature","id":"way/1474472019","properties":{"building":"yes"},"geometry":{"type":"Polygon","coordinates":[[[125.252439,43.81429],[125.25251,43.81429],[125.25251,43.814189],[125.252439,43.814189],[125.252439,43.81429]]]}},{"type":"Feature","id":"way/1474472020","properties":{"building":"residential"},"geometry":{"type":"Polygon","coordinates":[[[125.25348,43.814147],[125.252601,43.814147],[125.252559,43.814181],[125.252559,43.814283],[125.25348,43.814283],[125.25348,43.814147]]]}},{"type":"Feature","id":"way/1474472021","properties":{"building":"residential"},"geometry":{"type":"Polygon","coordinates":[[[125.251019,43.814146],[125.251019,43.814281],[125.25238,43.814281],[125.25238,43.814177],[125.252332,43.814146],[125.251019,43.814146]]]}},{"type":"Feature","id":"way/1474472022","properties":{"building":"yes"},"geometry":{"type":"Polygon","coordinates":[[[125.251012,43.814782],[125.251281,43.814782],[125.251281,43.814376],[125.251012,43.814376],[125.251012,43.814782]]]}},{"type":"Feature","id":"way/1474472023","properties":{"building":"residential"},"geometry":{"type":"Polygon","coordinates":[[[125.252887,43.814874],[125.252602,43.814872],[125.2526,43.814966],[125.253451,43.814987],[125.253453,43.814822],[125.253189,43.81482],[125.253189,43.81484],[125.253015,43.814819],[125.253015,43.814836],[125.252887,43.814874]]]}},{"type":"Feature","id":"way/1474472024","properties":{"building":"residential"},"geometry":{"type":"Polygon","coordinates":[[[125.251902,43.814836],[125.251901,43.814924],[125.252405,43.814926],[125.252406,43.814838],[125.251902,43.814836]]]}},{"type":"Feature","id":"way/1474472025","properties":{"building":"residential"},"geometry":{"type":"Polygon","coordinates":[[[125.251003,43.814948],[125.251722,43.814948],[125.251722,43.814851],[125.251003,43.81485],[125.251003,43.814948]]]}},{"type":"Feature","id":"way/1474472026","properties":{"building":"yes","name":"栖乐荟购物广场"},"geometry":{"type":"Polygon","coordinates":[[[125.251041,43.815763],[125.25124,43.815856],[125.25344,43.815863],[125.253443,43.815194],[125.252391,43.815192],[125.252391,43.815153],[125.25228,43.815152],[125.25228,43.815191],[125.251628,43.81519],[125.251289,43.815373],[125.250811,43.814912],[125.250811,43.814822],[125.250787,43.814822],[125.250787,43.814226],[125.250253,43.814226],[125.250253,43.814284],[125.250158,43.814284],[125.250176,43.814988],[125.250235,43.815074],[125.250415,43.815201],[125.250363,43.815229],[125.250743,43.815596],[125.250824,43.815553],[125.251041,43.815763]]]}},{"type":"Feature","id":"way/1474472027","properties":{"landuse":"grass"},"geometry":{"type":"Polygon","coordinates":[[[125.25618,43.815095],[125.256329,43.815119],[125.25639,43.815069],[125.256399,43.815005],[125.256296,43.81495],[125.256226,43.814953],[125.256177,43.81499],[125.25618,43.815095]]]}},{"type":"Feature","id":"way/1474472028","properties":{"landuse":"grass"},"geometry":{"type":"Polygon","coordinates":[[[125.256513,43.815266],[125.256407,43.815172],[125.256413,43.815098],[125.256458,43.815057],[125.256617,43.815177],[125.256513,43.815266]]]}},{"type":"Feature","id":"way/1474472029","properties":{"landuse":"grass"},"geometry":{"type":"Polygon","coordinates":[[[125.256215,43.815428],[125.256285,43.815428],[125.256422,43.815331],[125.256367,43.815217],[125.256264,43.815169],[125.256175,43.815187],[125.256173,43.815404],[125.256215,43.815428]]]}},{"type":"Feature","id":"way/1474472031","properties":{"landuse":"grass"},"geometry":{"type":"Polygon","coordinates":[[[125.256638,43.814582],[125.257094,43.814581],[125.257093,43.814315],[125.256637,43.814316],[125.256638,43.814582]]]}},{"type":"Feature","id":"way/1474472036","properties":{"landuse":"grass"},"geometry":{"type":"Polygon","coordinates":[[[125.255429,43.815496],[125.255886,43.815497],[125.255887,43.815229],[125.25543,43.815228],[125.255429,43.815496]]]}},{"type":"Feature","id":"way/1474472037","properties":{"landuse":"grass"},"geometry":{"type":"Polygon","coordinates":[[[125.255431,43.815874],[125.255885,43.815873],[125.255884,43.81561],[125.25543,43.815611],[125.255431,43.815874]]]}},{"type":"Feature","id":"way/1474472039","properties":{"building":"yes","amenity":"public_bath","name":"大学城浴池"},"geometry":{"type":"Polygon","coordinates":[[[125.256095,43.815965],[125.256415,43.815963],[125.256413,43.815715],[125.256092,43.815717],[125.256095,43.815965]]]}},{"type":"Feature","id":"way/1474472040","properties":{"building":"dormitory","name":"大学城一公寓"},"geometry":{"type":"Polygon","coordinates":[[[125.25644,43.815937],[125.256555,43.815937],[125.256555,43.815972],[125.257113,43.815972],[125.257113,43.815937],[125.257224,43.815937],[125.257224,43.815246],[125.257066,43.815246],[125.257066,43.815873],[125.256968,43.815873],[125.256968,43.815856],[125.256597,43.815873],[125.256597,43.815516],[125.256809,43.815363],[125.256697,43.815283],[125.25644,43.815469],[125.25644,43.815937]]]}},{"type":"Feature","id":"way/1474472041","properties":{"amenity":"university","name":"吉大大学城"},"geometry":{"type":"Polygon","coordinates":[[[125.255098,43.814098],[125.25736,43.8141],[125.257357,43.816053],[125.255094,43.816051],[125.255098,43.814098]]]}},{"type":"Feature","id":"way/1474472053","properties":{"building":"yes"},"geometry":{"type":"Polygon","coordinates":[[[125.258061,43.819513],[125.258119,43.81955],[125.2581,43.819565],[125.258402,43.819758],[125.258692,43.819522],[125.258333,43.819292],[125.258061,43.819513]]]}},{"type":"Feature","id":"way/1474472054","properties":{"building":"yes"},"geometry":{"type":"Polygon","coordinates":[[[125.256418,43.820554],[125.256877,43.820413],[125.256848,43.820364],[125.257029,43.820308],[125.256935,43.820148],[125.257044,43.820115],[125.256989,43.820022],[125.25624,43.820251],[125.256218,43.820319],[125.25634,43.820525],[125.256418,43.820554]]]}},{"type":"Feature","id":"way/1474472055","properties":{"building":"yes"},"geometry":{"type":"Polygon","coordinates":[[[125.25697,43.820851],[125.258203,43.819842],[125.258169,43.81982],[125.258192,43.8198],[125.258074,43.819725],[125.258051,43.819745],[125.257978,43.819699],[125.257788,43.819854],[125.25771,43.819796],[125.257131,43.81998],[125.257217,43.820131],[125.257348,43.820215],[125.256818,43.820649],[125.255494,43.820596],[125.255492,43.820622],[125.255436,43.82062],[125.255431,43.820682],[125.255358,43.820679],[125.25535,43.820785],[125.25697,43.820851]]]}},{"type":"Feature","id":"way/1474472183","properties":{"natural":"water"},"geometry":{"type":"Polygon","coordinates":[[[125.242779,43.827455],[125.243163,43.827224],[125.243789,43.826915],[125.244059,43.82681],[125.244411,43.826729],[125.24549,43.826558],[125.246567,43.826333],[125.247287,43.826118],[125.247811,43.825921],[125.24831,43.825709],[125.248936,43.825402],[125.249516,43.825049],[125.24995,43.82474],[125.250606,43.824182],[125.250963,43.82381],[125.251577,43.823021],[125.251759,43.82271],[125.252013,43.822176],[125.252229,43.821867],[125.25247,43.821573],[125.252701,43.821396],[125.252983,43.821214],[125.253889,43.821093],[125.254018,43.821016],[125.254049,43.820918],[125.254568,43.820625],[125.254672,43.820628],[125.254884,43.820508],[125.255248,43.820146],[125.255466,43.820049],[125.258372,43.819171],[125.258705,43.819033],[125.259008,43.818816],[125.259239,43.818561],[125.259381,43.818245],[125.259421,43.818009],[125.259398,43.817793],[125.259294,43.817517],[125.259142,43.817301],[125.258693,43.816863],[125.258595,43.816735],[125.258527,43.816605],[125.258511,43.81635],[125.258544,43.816221],[125.258637,43.816062],[125.25936,43.815063],[125.259196,43.814998],[125.258454,43.816037],[125.258327,43.816309],[125.258315,43.816496],[125.25834,43.816638],[125.25843,43.816809],[125.25898,43.817356],[125.259107,43.817531],[125.259208,43.817788],[125.259221,43.818128],[125.259166,43.818304],[125.259083,43.81849],[125.258975,43.818636],[125.258823,43.818779],[125.258634,43.818909],[125.258356,43.819041],[125.257085,43.819401],[125.25491,43.820081],[125.254411,43.820167],[125.253664,43.820591],[125.252571,43.821315],[125.252309,43.821518],[125.252038,43.821823],[125.251844,43.822136],[125.251582,43.822672],[125.251172,43.823307],[125.250803,43.823758],[125.250455,43.824107],[125.249811,43.82465],[125.249407,43.82494],[125.248837,43.825286],[125.248227,43.825601],[125.247736,43.825809],[125.246516,43.826213],[125.246014,43.826332],[125.244375,43.8266],[125.243993,43.826687],[125.24369,43.826807],[125.242666,43.827355],[125.242779,43.827455]]]}},{"type":"Feature","id":"way/1474472197","properties":{"building":"residential"},"geometry":{"type":"Polygon","coordinates":[[[125.259744,43.817122],[125.259746,43.817236],[125.26041,43.817232],[125.260408,43.817118],[125.259744,43.817122]]]}},{"type":"Feature","id":"way/1474472198","properties":{"building":"residential"},"geometry":{"type":"Polygon","coordinates":[[[125.259225,43.816581],[125.259226,43.816701],[125.260011,43.816696],[125.26001,43.816576],[125.259225,43.816581]]]}},{"type":"Feature","id":"way/1474472199","properties":{"building":"residential"},"geometry":{"type":"Polygon","coordinates":[[[125.259282,43.816038],[125.259284,43.81615],[125.26008,43.816145],[125.260078,43.816033],[125.259282,43.816038]]]}},{"type":"Feature","id":"way/1474472200","properties":{"building":"residential"},"geometry":{"type":"Polygon","coordinates":[[[125.260077,43.816306],[125.260078,43.816407],[125.260656,43.816403],[125.260655,43.816303],[125.260077,43.816306]]]}},{"type":"Feature","id":"way/1474472201","properties":{"building":"residential"},"geometry":{"type":"Polygon","coordinates":[[[125.260672,43.816582],[125.260674,43.816686],[125.261241,43.816683],[125.26124,43.816579],[125.260672,43.816582]]]}},{"type":"Feature","id":"way/1474472202","properties":{"building":"residential"},"geometry":{"type":"Polygon","coordinates":[[[125.261315,43.816814],[125.261316,43.816913],[125.261717,43.81691],[125.261715,43.816812],[125.261315,43.816814]]]}},{"type":"Feature","id":"way/1474472203","properties":{"building":"residential"},"geometry":{"type":"Polygon","coordinates":[[[125.260858,43.817171],[125.260859,43.817273],[125.26128,43.81727],[125.261279,43.817169],[125.260858,43.817171]]]}},{"type":"Feature","id":"way/1474472204","properties":{"building":"residential"},"geometry":{"type":"Polygon","coordinates":[[[125.260435,43.817529],[125.260436,43.817632],[125.260857,43.817629],[125.260856,43.817527],[125.260435,43.817529]]]}},{"type":"Feature","id":"way/1474472205","properties":{"building":"yes"},"geometry":{"type":"Polygon","coordinates":[[[125.259397,43.818548],[125.25968,43.818722],[125.259769,43.818646],[125.259486,43.818473],[125.259397,43.818548]]]}},{"type":"Feature","id":"way/1474472206","properties":{"building":"residential"},"geometry":{"type":"Polygon","coordinates":[[[125.259962,43.817902],[125.259963,43.818243],[125.260075,43.818243],[125.260176,43.81816],[125.260176,43.818041],[125.260428,43.818041],[125.260427,43.817901],[125.259962,43.817902]]]}},{"type":"Feature","id":"way/1474610577","properties":{"building":"yes"},"geometry":{"type":"Polygon","coordinates":[[[125.283244,43.817947],[125.283586,43.818048],[125.283355,43.818454],[125.283668,43.818547],[125.283981,43.817999],[125.283326,43.817804],[125.283244,43.817947]]]}},{"type":"Feature","id":"way/1474610579","properties":{"landuse":"brownfield"},"geometry":{"type":"Polygon","coordinates":[[[125.285648,43.821016],[125.288035,43.821047],[125.288164,43.821019],[125.288183,43.820043],[125.288083,43.819989],[125.286552,43.819954],[125.286525,43.820579],[125.285658,43.820562],[125.285648,43.821016]]]}},{"type":"Feature","id":"way/1474610580","properties":{"landuse":"residential","name":"剑桥园（西区）"},"geometry":{"type":"Polygon","coordinates":[[[125.272746,43.826296],[125.272663,43.82725],[125.271647,43.827203],[125.271684,43.826777],[125.272081,43.826588],[125.27221,43.826481],[125.272266,43.826089],[125.272446,43.825764],[125.272367,43.825739],[125.272615,43.825389],[125.272693,43.825314],[125.272831,43.825251],[125.272746,43.826296]]]}},{"type":"Feature","id":"way/1474610581","properties":{"landuse":"residential","name":"剑桥园（东区）"},"geometry":{"type":"Polygon","coordinates":[[[125.273256,43.82686],[125.274887,43.826926],[125.27562,43.826012],[125.273732,43.825208],[125.273359,43.825197],[125.273256,43.82686]]]}},{"type":"Feature","id":"way/1474610582","properties":{"landuse":"residential","name":"康达小区"},"geometry":{"type":"Polygon","coordinates":[[[125.285594,43.824064],[125.286904,43.824083],[125.287087,43.824041],[125.28793,43.824047],[125.287959,43.822363],[125.288148,43.822353],[125.28818,43.82128],[125.285591,43.821249],[125.285563,43.82331],[125.285598,43.823524],[125.285594,43.824064]]]}},{"type":"Feature","id":"way/1474610583","properties":{"landuse":"brownfield"},"geometry":{"type":"Polygon","coordinates":[[[125.291149,43.824229],[125.292589,43.824239],[125.292603,43.823797],[125.293617,43.823811],[125.293627,43.823358],[125.295505,43.823391],[125.295593,43.819354],[125.294196,43.818936],[125.29392,43.819004],[125.293917,43.819399],[125.292643,43.819377],[125.292455,43.820229],[125.291237,43.820204],[125.291149,43.824229]]]}},{"type":"Feature","id":"way/1474610584","properties":{"building":"yes"},"geometry":{"type":"Polygon","coordinates":[[[125.291896,43.820017],[125.292155,43.82002],[125.292156,43.819951],[125.291898,43.819948],[125.291896,43.820017]]]}},{"type":"Feature","id":"way/1474610585","properties":{"building":"yes"},"geometry":{"type":"Polygon","coordinates":[[[125.291963,43.819899],[125.292175,43.819901],[125.292178,43.8198],[125.291965,43.819798],[125.291963,43.819899]]]}},{"type":"Feature","id":"way/1474610586","properties":{"building":"yes"},"geometry":{"type":"Polygon","coordinates":[[[125.291415,43.820159],[125.291498,43.82016],[125.291499,43.820105],[125.291416,43.820104],[125.291415,43.820159]]]}},{"type":"Feature","id":"way/1474610587","properties":{"building":"yes"},"geometry":{"type":"Polygon","coordinates":[[[125.29144,43.819972],[125.291439,43.820028],[125.291822,43.820032],[125.291824,43.819963],[125.29167,43.819961],[125.291671,43.819919],[125.291839,43.819921],[125.291845,43.819673],[125.291809,43.819673],[125.291812,43.819527],[125.291433,43.819522],[125.29144,43.819972]]]}},{"type":"Feature","id":"way/1474610589","properties":{"landuse":"commercial","name":"高新·海容广场"},"geometry":{"type":"Polygon","coordinates":[[[125.285932,43.816757],[125.287863,43.81732],[125.288276,43.817196],[125.288217,43.81976],[125.288168,43.8198],[125.286961,43.819786],[125.286773,43.819462],[125.286705,43.819438],[125.286546,43.819155],[125.286568,43.819091],[125.286309,43.81861],[125.286112,43.81859],[125.285034,43.818286],[125.285229,43.817829],[125.285651,43.817134],[125.285932,43.816757]]]}},{"type":"Feature","id":"way/1474610590","properties":{"building":"commercial"},"geometry":{"type":"Polygon","coordinates":[[[125.286837,43.819003],[125.286817,43.819041],[125.286919,43.819438],[125.287055,43.819665],[125.287621,43.81967],[125.287634,43.819632],[125.287455,43.819279],[125.2875,43.819226],[125.287941,43.819084],[125.287942,43.818854],[125.287921,43.818832],[125.287888,43.818818],[125.287426,43.818825],[125.286837,43.819003]]]}},{"type":"Feature","id":"way/1474610591","properties":{"building":"commercial"},"geometry":{"type":"Polygon","coordinates":[[[125.287485,43.818066],[125.287538,43.818096],[125.287576,43.818092],[125.287946,43.817968],[125.288003,43.817915],[125.28801,43.817832],[125.287861,43.817574],[125.2878,43.817534],[125.287405,43.81765],[125.287334,43.817714],[125.28733,43.817801],[125.287485,43.818066]]]}},{"type":"Feature","id":"way/1474610592","properties":{"building":"yes"},"geometry":{"type":"Polygon","coordinates":[[[125.290491,43.818148],[125.290485,43.818394],[125.290887,43.818399],[125.290886,43.818416],[125.290983,43.818417],[125.290989,43.818125],[125.290492,43.817975],[125.290443,43.818134],[125.290491,43.818148]]]}},{"type":"Feature","id":"way/1474610593","properties":{"building":"yes"},"geometry":{"type":"Polygon","coordinates":[[[125.288928,43.818859],[125.289603,43.818867],[125.289607,43.818683],[125.288932,43.818675],[125.288928,43.818859]]]}},{"type":"Feature","id":"way/1474610594","properties":{"building":"yes"},"geometry":{"type":"Polygon","coordinates":[[[125.289711,43.819308],[125.289719,43.818967],[125.289623,43.818966],[125.289619,43.819144],[125.289453,43.819142],[125.289457,43.818991],[125.289302,43.818989],[125.289299,43.81914],[125.28918,43.819139],[125.289184,43.818923],[125.288965,43.818921],[125.288962,43.819044],[125.288842,43.819043],[125.288862,43.819299],[125.288994,43.8193],[125.288991,43.819411],[125.289709,43.81942],[125.289711,43.819308]]]}},{"type":"Feature","id":"way/1474610595","properties":{"building":"yes"},"geometry":{"type":"Polygon","coordinates":[[[125.28857,43.819206],[125.288781,43.819209],[125.288787,43.818917],[125.288577,43.818914],[125.28857,43.819206]]]}},{"type":"Feature","id":"way/1474610596","properties":{"building":"yes"},"geometry":{"type":"Polygon","coordinates":[[[125.289711,43.819605],[125.289907,43.819607],[125.289911,43.819404],[125.289716,43.819402],[125.289711,43.819605]]]}},{"type":"Feature","id":"way/1474610597","properties":{"building":"yes"},"geometry":{"type":"Polygon","coordinates":[[[125.28956,43.81954],[125.288723,43.81953],[125.288727,43.819331],[125.288611,43.81933],[125.288603,43.819696],[125.289556,43.819708],[125.28956,43.81954]]]}},{"type":"Feature","id":"way/1474610598","properties":{"building":"residential"},"geometry":{"type":"Polygon","coordinates":[[[125.29447,43.823536],[125.295404,43.823547],[125.295407,43.823428],[125.294472,43.823417],[125.29447,43.823536]]]}},{"type":"Feature","id":"way/1474610599","properties":{"building":"residential"},"geometry":{"type":"Polygon","coordinates":[[[125.2938,43.823526],[125.294357,43.823533],[125.29436,43.823415],[125.293803,43.823409],[125.2938,43.823526]]]}},{"type":"Feature","id":"way/1474610600","properties":{"building":"residential"},"geometry":{"type":"Polygon","coordinates":[[[125.29446,43.823905],[125.295416,43.823916],[125.295419,43.823792],[125.294463,43.82378],[125.29446,43.823905]]]}},{"type":"Feature","id":"way/1474610601","properties":{"building":"residential"},"geometry":{"type":"Polygon","coordinates":[[[125.293802,43.823904],[125.294351,43.82391],[125.294354,43.82378],[125.293805,43.823774],[125.293802,43.823904]]]}},{"type":"Feature","id":"way/1474610602","properties":{"building":"residential"},"geometry":{"type":"Polygon","coordinates":[[[125.294457,43.824272],[125.295411,43.824283],[125.295414,43.824163],[125.29446,43.824152],[125.294457,43.824272]]]}},{"type":"Feature","id":"way/1474610603","properties":{"building":"residential"},"geometry":{"type":"Polygon","coordinates":[[[125.293409,43.824264],[125.29435,43.824275],[125.294353,43.824159],[125.293411,43.824148],[125.293409,43.824264]]]}},{"type":"Feature","id":"way/1474610604","properties":{"building":"residential"},"geometry":{"type":"Polygon","coordinates":[[[125.294457,43.824608],[125.295406,43.824619],[125.295408,43.824507],[125.29446,43.824496],[125.294457,43.824608]]]}},{"type":"Feature","id":"way/1474610605","properties":{"building":"residential"},"geometry":{"type":"Polygon","coordinates":[[[125.293406,43.824605],[125.294352,43.824616],[125.294354,43.824496],[125.293409,43.824485],[125.293406,43.824605]]]}},{"type":"Feature","id":"way/1474610606","properties":{"building":"yes"},"geometry":{"type":"Polygon","coordinates":[[[125.289722,43.820325],[125.289713,43.820728],[125.290119,43.820733],[125.290128,43.820329],[125.289722,43.820325]]]}},{"type":"Feature","id":"way/1474610607","properties":{"building":"yes"},"geometry":{"type":"Polygon","coordinates":[[[125.290265,43.820167],[125.29025,43.820828],[125.290835,43.820835],[125.29085,43.820174],[125.290265,43.820167]]]}},{"type":"Feature","id":"way/1474610608","properties":{"building":"yes"},"geometry":{"type":"Polygon","coordinates":[[[125.289847,43.820914],[125.290019,43.820916],[125.290023,43.820767],[125.28985,43.820765],[125.289847,43.820914]]]}},{"type":"Feature","id":"way/1474610609","properties":{"building":"yes"},"geometry":{"type":"Polygon","coordinates":[[[125.288684,43.820895],[125.289234,43.820901],[125.289253,43.820076],[125.288703,43.82007],[125.288684,43.820895]]]}},{"type":"Feature","id":"way/1474610610","properties":{"building":"yes"},"geometry":{"type":"Polygon","coordinates":[[[125.290799,43.821624],[125.290902,43.821625],[125.290905,43.821472],[125.290802,43.821471],[125.290799,43.821624]]]}},{"type":"Feature","id":"way/1474610611","properties":{"building":"yes"},"geometry":{"type":"Polygon","coordinates":[[[125.290414,43.822236],[125.290601,43.822238],[125.290605,43.822077],[125.290418,43.822075],[125.290414,43.822236]]]}},{"type":"Feature","id":"way/1474610612","properties":{"building":"yes"},"geometry":{"type":"Polygon","coordinates":[[[125.290043,43.82223],[125.290246,43.822232],[125.290261,43.821584],[125.290515,43.821586],[125.290517,43.821507],[125.290059,43.821502],[125.290043,43.82223]]]}},{"type":"Feature","id":"way/1474610613","properties":{"building":"yes"},"geometry":{"type":"Polygon","coordinates":[[[125.289744,43.821503],[125.289877,43.821505],[125.28988,43.821344],[125.289747,43.821342],[125.289744,43.821503]]]}},{"type":"Feature","id":"way/1474610614","properties":{"building":"yes"},"geometry":{"type":"Polygon","coordinates":[[[125.289725,43.822233],[125.289861,43.822234],[125.289876,43.821561],[125.28974,43.82156],[125.289725,43.822233]]]}},{"type":"Feature","id":"way/1474610615","properties":{"building":"yes"},"geometry":{"type":"Polygon","coordinates":[[[125.289454,43.821833],[125.289609,43.821835],[125.289619,43.821385],[125.289464,43.821383],[125.289454,43.821833]]]}},{"type":"Feature","id":"way/1474610616","properties":{"building":"yes"},"geometry":{"type":"Polygon","coordinates":[[[125.288492,43.821615],[125.289188,43.821623],[125.289195,43.821296],[125.2885,43.821288],[125.288492,43.821615]]]}},{"type":"Feature","id":"way/1474610617","properties":{"building":"yes"},"geometry":{"type":"Polygon","coordinates":[[[125.289073,43.822208],[125.289602,43.822214],[125.289604,43.822099],[125.289117,43.822094],[125.289116,43.822132],[125.289075,43.822131],[125.289073,43.822208]]]}},{"type":"Feature","id":"way/1474610618","properties":{"building":"yes"},"geometry":{"type":"Polygon","coordinates":[[[125.2885,43.822212],[125.288998,43.822217],[125.289001,43.822101],[125.288503,43.822095],[125.2885,43.822212]]]}},{"type":"Feature","id":"way/1474610619","properties":{"building":"yes"},"geometry":{"type":"Polygon","coordinates":[[[125.288661,43.822406],[125.288487,43.822404],[125.288483,43.822606],[125.288672,43.822608],[125.288673,43.822549],[125.289385,43.822557],[125.289389,43.822415],[125.288661,43.822406]]]}},{"type":"Feature","id":"way/1474610620","properties":{"building":"yes"},"geometry":{"type":"Polygon","coordinates":[[[125.28912,43.822983],[125.289566,43.822988],[125.289568,43.82289],[125.289122,43.822885],[125.28912,43.822983]]]}},{"type":"Feature","id":"way/1474610621","properties":{"building":"yes"},"geometry":{"type":"Polygon","coordinates":[[[125.288477,43.822838],[125.289509,43.822849],[125.289513,43.822697],[125.288481,43.822685],[125.288477,43.822838]]]}},{"type":"Feature","id":"way/1474610622","properties":{"building":"yes"},"geometry":{"type":"Polygon","coordinates":[[[125.28846,43.823237],[125.289465,43.823249],[125.289469,43.823102],[125.288463,43.82309],[125.28846,43.823237]]]}},{"type":"Feature","id":"way/1474610623","properties":{"building":"yes"},"geometry":{"type":"Polygon","coordinates":[[[125.291203,43.824567],[125.292488,43.824582],[125.292491,43.824429],[125.291206,43.824414],[125.291203,43.824567]]]}},{"type":"Feature","id":"way/1474610624","properties":{"building":"yes"},"geometry":{"type":"Polygon","coordinates":[[[125.289711,43.823732],[125.289715,43.82356],[125.288661,43.823548],[125.288588,43.823599],[125.288579,43.823996],[125.2888,43.823999],[125.288801,43.823966],[125.289172,43.823971],[125.289176,43.823793],[125.288805,43.823789],[125.288806,43.823721],[125.289711,43.823732]]]}},{"type":"Feature","id":"way/1474610625","properties":{"building":"yes"},"geometry":{"type":"Polygon","coordinates":[[[125.290221,43.824352],[125.290791,43.824359],[125.290796,43.824131],[125.290226,43.824124],[125.290221,43.824352]]]}},{"type":"Feature","id":"way/1474610626","properties":{"building":"yes"},"geometry":{"type":"Polygon","coordinates":[[[125.28904,43.824277],[125.290222,43.824291],[125.290226,43.824124],[125.289044,43.82411],[125.28904,43.824277]]]}},{"type":"Feature","id":"way/1474610627","properties":{"building":"yes"},"geometry":{"type":"Polygon","coordinates":[[[125.288589,43.824192],[125.288918,43.824196],[125.28892,43.824092],[125.288591,43.824089],[125.288589,43.824192]]]}},{"type":"Feature","id":"way/1474610628","properties":{"building":"yes"},"geometry":{"type":"Polygon","coordinates":[[[125.289843,43.82463],[125.290847,43.824641],[125.290851,43.824425],[125.289848,43.824414],[125.289843,43.82463]]]}},{"type":"Feature","id":"way/1474610629","properties":{"building":"yes"},"geometry":{"type":"Polygon","coordinates":[[[125.288432,43.824614],[125.289766,43.82463],[125.28977,43.824415],[125.288437,43.824399],[125.288432,43.824614]]]}},{"type":"Feature","id":"way/1474610630","properties":{"building":"residential"},"geometry":{"type":"Polygon","coordinates":[[[125.287081,43.822182],[125.288106,43.822194],[125.288109,43.822078],[125.287084,43.822066],[125.287081,43.822182]]]}},{"type":"Feature","id":"way/1474610631","properties":{"building":"residential"},"geometry":{"type":"Polygon","coordinates":[[[125.288117,43.821689],[125.287087,43.821677],[125.287084,43.821793],[125.288114,43.821805],[125.288117,43.821689]]]}},{"type":"Feature","id":"way/1474610632","properties":{"building":"residential"},"geometry":{"type":"Polygon","coordinates":[[[125.2871,43.821454],[125.288126,43.821466],[125.288129,43.821349],[125.287103,43.821337],[125.2871,43.821454]]]}},{"type":"Feature","id":"way/1474610633","properties":{"building":"residential"},"geometry":{"type":"Polygon","coordinates":[[[125.285667,43.821435],[125.286919,43.821449],[125.286922,43.821329],[125.285669,43.821314],[125.285667,43.821435]]]}},{"type":"Feature","id":"way/1474610634","properties":{"building":"residential"},"geometry":{"type":"Polygon","coordinates":[[[125.286336,43.821746],[125.286867,43.821752],[125.28687,43.821636],[125.286338,43.82163],[125.286336,43.821746]]]}},{"type":"Feature","id":"way/1474610635","properties":{"building":"residential"},"geometry":{"type":"Polygon","coordinates":[[[125.28566,43.82174],[125.286194,43.821747],[125.286196,43.821629],[125.285663,43.821623],[125.28566,43.82174]]]}},{"type":"Feature","id":"way/1474610636","properties":{"building":"residential"},"geometry":{"type":"Polygon","coordinates":[[[125.286343,43.822145],[125.286581,43.822147],[125.28658,43.822189],[125.286631,43.82219],[125.286631,43.822148],[125.286862,43.822151],[125.286865,43.822035],[125.286346,43.822028],[125.286343,43.822145]]]}},{"type":"Feature","id":"way/1474610637","properties":{"building":"residential"},"geometry":{"type":"Polygon","coordinates":[[[125.285653,43.822141],[125.285891,43.822144],[125.28589,43.822185],[125.285941,43.822186],[125.285942,43.822144],[125.286172,43.822147],[125.286175,43.822031],[125.285656,43.822024],[125.285653,43.822141]]]}},{"type":"Feature","id":"way/1474610638","properties":{"building":"residential"},"geometry":{"type":"Polygon","coordinates":[[[125.286734,43.822705],[125.286732,43.822761],[125.286369,43.822757],[125.286406,43.822645],[125.286703,43.822649],[125.286708,43.822419],[125.286795,43.82242],[125.286796,43.822391],[125.286867,43.822392],[125.286861,43.822659],[125.286788,43.822658],[125.286787,43.822705],[125.286734,43.822705]]]}},{"type":"Feature","id":"way/1474610639","properties":{"building":"residential"},"geometry":{"type":"Polygon","coordinates":[[[125.28577,43.822707],[125.285769,43.822764],[125.286132,43.822768],[125.286134,43.822718],[125.286098,43.822717],[125.2861,43.822656],[125.285804,43.822652],[125.285809,43.822423],[125.285722,43.822421],[125.285723,43.822392],[125.285651,43.822391],[125.285645,43.822659],[125.285718,43.822659],[125.285717,43.822707],[125.28577,43.822707]]]}},{"type":"Feature","id":"way/1474610640","properties":{"building":"residential"},"geometry":{"type":"Polygon","coordinates":[[[125.286856,43.823391],[125.2867,43.823414],[125.286702,43.823166],[125.286369,43.823164],[125.28637,43.823114],[125.286404,43.823114],[125.286404,43.823052],[125.286704,43.823054],[125.286703,43.823109],[125.286776,43.82311],[125.286775,43.823173],[125.286859,43.823174],[125.286856,43.823391]]]}},{"type":"Feature","id":"way/1474610641","properties":{"building":"residential"},"geometry":{"type":"Polygon","coordinates":[[[125.285616,43.823385],[125.285771,43.823411],[125.285777,43.823162],[125.28611,43.823166],[125.286079,43.823054],[125.28578,43.82305],[125.285778,43.823106],[125.285706,43.823105],[125.285704,43.823169],[125.28562,43.823168],[125.285616,43.823385]]]}},{"type":"Feature","id":"way/1474610642","properties":{"building":"residential"},"geometry":{"type":"Polygon","coordinates":[[[125.286344,43.82362],[125.286499,43.823621],[125.286498,43.82366],[125.286538,43.823661],[125.286539,43.823622],[125.286687,43.823624],[125.28669,43.82351],[125.286346,43.823506],[125.286344,43.82362]]]}},{"type":"Feature","id":"way/1474610643","properties":{"building":"residential"},"geometry":{"type":"Polygon","coordinates":[[[125.285757,43.823618],[125.285912,43.82362],[125.285911,43.823659],[125.285951,43.823659],[125.285952,43.82362],[125.286101,43.823622],[125.286103,43.823509],[125.28576,43.823505],[125.285757,43.823618]]]}},{"type":"Feature","id":"way/1474610644","properties":{"building":"yes"},"geometry":{"type":"Polygon","coordinates":[[[125.28798,43.822766],[125.288111,43.822767],[125.288118,43.822429],[125.287988,43.822428],[125.28798,43.822766]]]}},{"type":"Feature","id":"way/1474610645","properties":{"building":"yes"},"geometry":{"type":"Polygon","coordinates":[[[125.287071,43.822695],[125.28785,43.822705],[125.287857,43.822423],[125.287077,43.822413],[125.287075,43.822513],[125.287039,43.822512],[125.287037,43.822584],[125.287073,43.822584],[125.287071,43.822695]]]}},{"type":"Feature","id":"way/1474610646","properties":{"building":"yes"},"geometry":{"type":"Polygon","coordinates":[[[125.287096,43.82314],[125.287875,43.823149],[125.287881,43.822916],[125.287817,43.822916],[125.287818,43.822866],[125.287103,43.822857],[125.2871,43.822957],[125.287064,43.822956],[125.287063,43.823028],[125.287099,43.823028],[125.287096,43.82314]]]}},{"type":"Feature","id":"way/1474610647","properties":{"building":"yes"},"geometry":{"type":"Polygon","coordinates":[[[125.287086,43.823577],[125.287865,43.823586],[125.28787,43.823354],[125.287806,43.823353],[125.287807,43.823303],[125.287092,43.823295],[125.287089,43.823397],[125.287054,43.823397],[125.287052,43.823469],[125.287088,43.82347],[125.287086,43.823577]]]}},{"type":"Feature","id":"way/1474610648","properties":{"building":"yes"},"geometry":{"type":"Polygon","coordinates":[[[125.287959,43.824031],[125.288095,43.824033],[125.288122,43.822826],[125.287986,43.822824],[125.287959,43.824031]]]}},{"type":"Feature","id":"way/1474610649","properties":{"building":"yes"},"geometry":{"type":"Polygon","coordinates":[[[125.287076,43.824014],[125.287855,43.824023],[125.28786,43.823791],[125.287796,43.82379],[125.287798,43.82374],[125.287082,43.823732],[125.28708,43.823831],[125.287044,43.823831],[125.287043,43.823902],[125.287079,43.823903],[125.287076,43.824014]]]}},{"type":"Feature","id":"way/1474610650","properties":{"building":"yes"},"geometry":{"type":"Polygon","coordinates":[[[125.287063,43.824268],[125.28798,43.824278],[125.287984,43.824115],[125.287066,43.824104],[125.287063,43.824268]]]}},{"type":"Feature","id":"way/1474610651","properties":{"building":"yes"},"geometry":{"type":"Polygon","coordinates":[[[125.287071,43.824512],[125.287241,43.824514],[125.287244,43.824402],[125.287073,43.8244],[125.287071,43.824512]]]}},{"type":"Feature","id":"way/1474610652","properties":{"building":"yes"},"geometry":{"type":"Polygon","coordinates":[[[125.287296,43.824515],[125.287987,43.824523],[125.287989,43.824437],[125.287298,43.824429],[125.287296,43.824515]]]}},{"type":"Feature","id":"way/1474610653","properties":{"building":"residential"},"geometry":{"type":"Polygon","coordinates":[[[125.285616,43.824487],[125.287034,43.824504],[125.287036,43.824408],[125.285618,43.824391],[125.285616,43.824487]]]}},{"type":"Feature","id":"way/1474610654","properties":{"building":"yes"},"geometry":{"type":"Polygon","coordinates":[[[125.285625,43.824247],[125.286857,43.824262],[125.286859,43.824188],[125.285627,43.824174],[125.285625,43.824247]]]}},{"type":"Feature","id":"way/1474610655","properties":{"building":"residential"},"geometry":{"type":"Polygon","coordinates":[[[125.285602,43.823908],[125.2856,43.824021],[125.286844,43.824036],[125.286847,43.823922],[125.285602,43.823908]]]}},{"type":"Feature","id":"way/1474610656","properties":{"building":"yes","name":"华能大厦"},"geometry":{"type":"Polygon","coordinates":[[[125.285614,43.820401],[125.286407,43.820411],[125.286428,43.820142],[125.285602,43.820132],[125.285614,43.820401]]]}},{"type":"Feature","id":"way/1474610657","properties":{"building":"yes"},"geometry":{"type":"Polygon","coordinates":[[[125.285171,43.820743],[125.285296,43.820744],[125.285273,43.820538],[125.285176,43.820536],[125.285171,43.820743]]]}},{"type":"Feature","id":"way/1474610658","properties":{"building":"yes"},"geometry":{"type":"Polygon","coordinates":[[[125.284268,43.821198],[125.284441,43.821201],[125.284451,43.820804],[125.284935,43.82081],[125.284942,43.820486],[125.284839,43.820485],[125.284841,43.820364],[125.284885,43.820254],[125.28482,43.820245],[125.28482,43.820222],[125.284688,43.820207],[125.284688,43.820191],[125.284499,43.820189],[125.284498,43.820205],[125.284414,43.820203],[125.284366,43.820216],[125.284366,43.820239],[125.284289,43.820248],[125.284315,43.820278],[125.284313,43.820358],[125.284393,43.820358],[125.28439,43.82048],[125.284285,43.820478],[125.284268,43.821198]]]}},{"type":"Feature","id":"way/1474610659","properties":{"building":"yes"},"geometry":{"type":"Polygon","coordinates":[[[125.285186,43.822092],[125.285348,43.822094],[125.285366,43.821307],[125.285205,43.821305],[125.285186,43.822092]]]}},{"type":"Feature","id":"way/1474610660","properties":{"building":"yes"},"geometry":{"type":"Polygon","coordinates":[[[125.285176,43.822867],[125.285326,43.822868],[125.285342,43.822177],[125.285192,43.822175],[125.285176,43.822867]]]}},{"type":"Feature","id":"way/1474610661","properties":{"building":"yes"},"geometry":{"type":"Polygon","coordinates":[[[125.284767,43.822918],[125.285063,43.822921],[125.28507,43.822607],[125.28496,43.822606],[125.284954,43.822855],[125.284768,43.822852],[125.284767,43.822918]]]}},{"type":"Feature","id":"way/1474610662","properties":{"building":"yes","name":"长春市财政局"},"geometry":{"type":"Polygon","coordinates":[[[125.284261,43.822836],[125.284344,43.822837],[125.284342,43.822883],[125.284532,43.822885],[125.284533,43.822839],[125.284611,43.82284],[125.284624,43.822274],[125.284666,43.822274],[125.284661,43.822488],[125.284825,43.82249],[125.284826,43.822451],[125.284947,43.822452],[125.284964,43.821706],[125.284851,43.821705],[125.284852,43.821675],[125.284683,43.821673],[125.284678,43.821884],[125.284632,43.821884],[125.284645,43.821328],[125.284565,43.821328],[125.284566,43.821282],[125.284391,43.82128],[125.28439,43.821326],[125.284296,43.821324],[125.284284,43.821875],[125.28424,43.821874],[125.284237,43.822004],[125.284385,43.822005],[125.284382,43.822169],[125.284233,43.822167],[125.28423,43.822295],[125.284274,43.822296],[125.284261,43.822836]]]}},{"type":"Feature","id":"way/1474610663","properties":{"building":"yes"},"geometry":{"type":"Polygon","coordinates":[[[125.285514,43.823985],[125.28552,43.823531],[125.285431,43.82353],[125.285424,43.823985],[125.285514,43.823985]]]}},{"type":"Feature","id":"way/1474610664","properties":{"building":"yes"},"geometry":{"type":"Polygon","coordinates":[[[125.285373,43.823448],[125.28538,43.822957],[125.285172,43.822956],[125.285171,43.823019],[125.285291,43.823019],[125.285286,43.823448],[125.285373,43.823448]]]}},{"type":"Feature","id":"way/1474610665","properties":{"building":"yes"},"geometry":{"type":"Polygon","coordinates":[[[125.284623,43.823428],[125.284756,43.823429],[125.284763,43.822949],[125.284441,43.822947],[125.284441,43.82301],[125.284629,43.823012],[125.284623,43.823428]]]}},{"type":"Feature","id":"way/1474610666","properties":{"building":"yes"},"geometry":{"type":"Polygon","coordinates":[[[125.284776,43.823444],[125.285119,43.823447],[125.285125,43.823006],[125.284782,43.823004],[125.284776,43.823444]]]}},{"type":"Feature","id":"way/1474610667","properties":{"building":"yes"},"geometry":{"type":"Polygon","coordinates":[[[125.284112,43.823395],[125.284182,43.823395],[125.284182,43.823434],[125.284299,43.823435],[125.284306,43.822941],[125.284196,43.82294],[125.284195,43.822973],[125.284118,43.822973],[125.284112,43.823395]]]}},{"type":"Feature","id":"way/1474610668","properties":{"building":"yes"},"geometry":{"type":"Polygon","coordinates":[[[125.284002,43.823605],[125.284807,43.823611],[125.284809,43.823467],[125.284004,43.823461],[125.284002,43.823605]]]}},{"type":"Feature","id":"way/1474610669","properties":{"building":"yes"},"geometry":{"type":"Polygon","coordinates":[[[125.284131,43.824481],[125.28416,43.82451],[125.284308,43.824511],[125.284342,43.824482],[125.284347,43.824138],[125.284633,43.82414],[125.284638,43.823799],[125.284139,43.823796],[125.284131,43.824481]]]}},{"type":"Feature","id":"way/1474610670","properties":{"building":"yes"},"geometry":{"type":"Polygon","coordinates":[[[125.28496,43.824206],[125.284385,43.824202],[125.284381,43.824502],[125.284956,43.824506],[125.28496,43.824206]]]}},{"type":"Feature","id":"way/1474610671","properties":{"building":"yes"},"geometry":{"type":"Polygon","coordinates":[[[125.284826,43.824128],[125.285014,43.824132],[125.285023,43.823853],[125.284835,43.823849],[125.284826,43.824128]]]}},{"type":"Feature","id":"way/1474610672","properties":{"building":"yes"},"geometry":{"type":"Polygon","coordinates":[[[125.285319,43.823798],[125.285168,43.823796],[125.28515,43.824334],[125.285042,43.824333],[125.285037,43.82448],[125.285296,43.824484],[125.285319,43.823798]]]}},{"type":"Feature","id":"way/1474610673","properties":{"building":"yes"},"geometry":{"type":"Polygon","coordinates":[[[125.262744,43.81583],[125.262471,43.815905],[125.262623,43.816192],[125.262722,43.816165],[125.262646,43.816021],[125.262873,43.815969],[125.263137,43.815769],[125.262962,43.815656],[125.262744,43.81583]]]}},{"type":"Feature","id":"way/1474610674","properties":{"building":"yes"},"geometry":{"type":"Polygon","coordinates":[[[125.271903,43.813887],[125.271684,43.814252],[125.271875,43.814312],[125.272094,43.813946],[125.271903,43.813887]]]}},{"type":"Feature","id":"way/1474610675","properties":{"building":"yes"},"geometry":{"type":"Polygon","coordinates":[[[125.271499,43.814111],[125.271651,43.814158],[125.271792,43.813924],[125.27164,43.813876],[125.271499,43.814111]]]}},{"type":"Feature","id":"way/1474610676","properties":{"building":"yes"},"geometry":{"type":"Polygon","coordinates":[[[125.272264,43.81397],[125.272994,43.814198],[125.273074,43.814066],[125.272954,43.814028],[125.272933,43.814063],[125.272447,43.813912],[125.272468,43.813877],[125.272343,43.813838],[125.272264,43.81397]]]}},{"type":"Feature","id":"way/1474610677","properties":{"building":"yes"},"geometry":{"type":"Polygon","coordinates":[[[125.272028,43.814403],[125.271955,43.814524],[125.272575,43.814718],[125.272376,43.81505],[125.272267,43.815016],[125.272284,43.814987],[125.272042,43.814911],[125.272059,43.814882],[125.271941,43.814845],[125.271963,43.814808],[125.271813,43.814762],[125.271739,43.814885],[125.271988,43.814963],[125.271968,43.814996],[125.272224,43.815075],[125.272203,43.815111],[125.272439,43.815184],[125.272769,43.814635],[125.272028,43.814403]]]}},{"type":"Feature","id":"way/1474610678","properties":{"building":"yes"},"geometry":{"type":"Polygon","coordinates":[[[125.272132,43.815867],[125.272282,43.815913],[125.272469,43.815601],[125.272319,43.815555],[125.272132,43.815867]]]}},{"type":"Feature","id":"way/1474610679","properties":{"building":"yes"},"geometry":{"type":"Polygon","coordinates":[[[125.277393,43.818074],[125.277258,43.818018],[125.277118,43.818188],[125.277881,43.818514],[125.278021,43.818344],[125.277865,43.818277],[125.278021,43.818057],[125.277935,43.818021],[125.278032,43.817903],[125.277837,43.81782],[125.277868,43.817782],[125.277698,43.817709],[125.277393,43.818074]]]}},{"type":"Feature","id":"way/1474610680","properties":{"building":"yes"},"geometry":{"type":"Polygon","coordinates":[[[125.277279,43.817786],[125.277383,43.81783],[125.277495,43.817692],[125.27666,43.817336],[125.276547,43.817473],[125.277064,43.817694],[125.276894,43.817901],[125.276379,43.817681],[125.27628,43.817802],[125.27701,43.818114],[125.277279,43.817786]]]}},{"type":"Feature","id":"way/1474610681","properties":{"building":"yes"},"geometry":{"type":"Polygon","coordinates":[[[125.27594,43.816943],[125.27562,43.817481],[125.276065,43.817674],[125.276401,43.81708],[125.27594,43.816943]]]}},{"type":"Feature","id":"way/1474610682","properties":{"building":"yes"},"geometry":{"type":"Polygon","coordinates":[[[125.275333,43.817343],[125.275608,43.817425],[125.275893,43.816927],[125.275618,43.816845],[125.275333,43.817343]]]}},{"type":"Feature","id":"way/1474610683","properties":{"building":"yes"},"geometry":{"type":"Polygon","coordinates":[[[125.275489,43.817599],[125.275536,43.817546],[125.275451,43.817507],[125.275404,43.81756],[125.275489,43.817599]]]}},{"type":"Feature","id":"way/1474610684","properties":{"building":"yes"},"geometry":{"type":"Polygon","coordinates":[[[125.275311,43.817543],[125.275374,43.817472],[125.275086,43.81734],[125.275024,43.817411],[125.275311,43.817543]]]}},{"type":"Feature","id":"way/1474610685","properties":{"building":"yes"},"geometry":{"type":"Polygon","coordinates":[[[125.27643,43.818042],[125.276482,43.817985],[125.275623,43.817586],[125.275572,43.817644],[125.27643,43.818042]]]}},{"type":"Feature","id":"way/1474610688","properties":{"building":"yes"},"geometry":{"type":"Polygon","coordinates":[[[125.273,43.8128],[125.273698,43.813005],[125.273772,43.812874],[125.273074,43.812668],[125.273,43.8128]]]}},{"type":"Feature","id":"way/1474610689","properties":{"building":"yes"},"geometry":{"type":"Polygon","coordinates":[[[125.272825,43.813106],[125.273526,43.813312],[125.273597,43.813187],[125.272896,43.812981],[125.272825,43.813106]]]}},{"type":"Feature","id":"way/1474610690","properties":{"building":"yes"},"geometry":{"type":"Polygon","coordinates":[[[125.272644,43.8134],[125.273373,43.813614],[125.273438,43.813498],[125.27271,43.813284],[125.272644,43.8134]]]}},{"type":"Feature","id":"way/1474610691","properties":{"building":"yes"},"geometry":{"type":"Polygon","coordinates":[[[125.272619,43.816004],[125.272909,43.816095],[125.272889,43.816129],[125.273174,43.816218],[125.273156,43.816248],[125.273483,43.81635],[125.273702,43.815984],[125.273565,43.815915],[125.273395,43.816198],[125.273246,43.816151],[125.273265,43.816119],[125.272986,43.816032],[125.273005,43.815999],[125.27283,43.815945],[125.272985,43.815688],[125.272917,43.815666],[125.272931,43.815642],[125.272851,43.815617],[125.272619,43.816004]]]}},{"type":"Feature","id":"way/1474610692","properties":{"building":"yes"},"geometry":{"type":"Polygon","coordinates":[[[125.273396,43.815223],[125.2732,43.81557],[125.274011,43.81593],[125.274265,43.815479],[125.273396,43.815223]]]}},{"type":"Feature","id":"way/1474610693","properties":{"building":"yes"},"geometry":{"type":"Polygon","coordinates":[[[125.274033,43.816142],[125.274231,43.8162],[125.274218,43.816222],[125.274382,43.81627],[125.274367,43.816297],[125.274525,43.816344],[125.274863,43.815746],[125.274342,43.815593],[125.274282,43.815699],[125.274647,43.815806],[125.274462,43.816134],[125.274097,43.816027],[125.274033,43.816142]]]}},{"type":"Feature","id":"way/1474610694","properties":{"building":"yes"},"geometry":{"type":"Polygon","coordinates":[[[125.274391,43.815526],[125.274915,43.81568],[125.275099,43.815355],[125.274962,43.815315],[125.274924,43.815383],[125.274535,43.815269],[125.274391,43.815526]]]}},{"type":"Feature","id":"way/1474610695","properties":{"building":"yes"},"geometry":{"type":"Polygon","coordinates":[[[125.275516,43.813755],[125.275929,43.813876],[125.276025,43.813706],[125.275612,43.813584],[125.275516,43.813755]]]}},{"type":"Feature","id":"way/1474610696","properties":{"building":"yes"},"geometry":{"type":"Polygon","coordinates":[[[125.274295,43.814675],[125.274542,43.814748],[125.274612,43.814625],[125.274365,43.814552],[125.274295,43.814675]]]}},{"type":"Feature","id":"way/1474610697","properties":{"building":"yes"},"geometry":{"type":"Polygon","coordinates":[[[125.275002,43.814768],[125.275337,43.814867],[125.275623,43.81436],[125.275288,43.814262],[125.275002,43.814768]]]}},{"type":"Feature","id":"way/1474610698","properties":{"building":"yes"},"geometry":{"type":"Polygon","coordinates":[[[125.273921,43.813772],[125.275346,43.81419],[125.275501,43.813915],[125.274076,43.813496],[125.273921,43.813772]]]}},{"type":"Feature","id":"way/1474610699","properties":{"building":"yes"},"geometry":{"type":"Polygon","coordinates":[[[125.275769,43.816707],[125.27657,43.816942],[125.277175,43.815871],[125.276374,43.815635],[125.275769,43.816707]]]}},{"type":"Feature","id":"way/1474610700","properties":{"building":"yes"},"geometry":{"type":"Polygon","coordinates":[[[125.275718,43.814968],[125.275923,43.815028],[125.276047,43.814808],[125.275842,43.814748],[125.275718,43.814968]]]}},{"type":"Feature","id":"way/1474610701","properties":{"building":"yes"},"geometry":{"type":"Polygon","coordinates":[[[125.276068,43.815082],[125.277249,43.815429],[125.277412,43.81514],[125.276231,43.814793],[125.276068,43.815082]]]}},{"type":"Feature","id":"way/1474610702","properties":{"building":"yes"},"geometry":{"type":"Polygon","coordinates":[[[125.277216,43.814686],[125.27757,43.81479],[125.277632,43.81468],[125.277278,43.814576],[125.277216,43.814686]]]}},{"type":"Feature","id":"way/1474610703","properties":{"building":"yes"},"geometry":{"type":"Polygon","coordinates":[[[125.277535,43.814953],[125.277615,43.814977],[125.277996,43.814302],[125.277916,43.814279],[125.277535,43.814953]]]}},{"type":"Feature","id":"way/1474610704","properties":{"building":"yes"},"geometry":{"type":"Polygon","coordinates":[[[125.275938,43.814564],[125.27752,43.815029],[125.27755,43.814975],[125.275968,43.814511],[125.275938,43.814564]]]}},{"type":"Feature","id":"way/1474610705","properties":{"building":"yes"},"geometry":{"type":"Polygon","coordinates":[[[125.276138,43.814415],[125.277021,43.814674],[125.27711,43.814516],[125.276228,43.814256],[125.276138,43.814415]]]}},{"type":"Feature","id":"way/1474610706","properties":{"building":"yes"},"geometry":{"type":"Polygon","coordinates":[[[125.27712,43.817309],[125.277191,43.817329],[125.277238,43.817245],[125.277168,43.817224],[125.27712,43.817309]]]}},{"type":"Feature","id":"way/1474610707","properties":{"building":"yes"},"geometry":{"type":"Polygon","coordinates":[[[125.276719,43.817199],[125.276799,43.817222],[125.276824,43.81718],[125.276979,43.817225],[125.277008,43.817174],[125.276772,43.817104],[125.276719,43.817199]]]}},{"type":"Feature","id":"way/1474610708","properties":{"building":"yes"},"geometry":{"type":"Polygon","coordinates":[[[125.277434,43.816123],[125.27756,43.816159],[125.277629,43.816038],[125.277503,43.816001],[125.277434,43.816123]]]}},{"type":"Feature","id":"way/1474610709","properties":{"building":"yes"},"geometry":{"type":"Polygon","coordinates":[[[125.279161,43.814938],[125.279674,43.815088],[125.279762,43.814933],[125.279249,43.814782],[125.279161,43.814938]]]}},{"type":"Feature","id":"way/1474610710","properties":{"building":"yes"},"geometry":{"type":"Polygon","coordinates":[[[125.278504,43.814736],[125.279002,43.814883],[125.279089,43.81473],[125.27859,43.814583],[125.278504,43.814736]]]}},{"type":"Feature","id":"way/1474610711","properties":{"building":"yes"},"geometry":{"type":"Polygon","coordinates":[[[125.27821,43.814602],[125.27842,43.814663],[125.278488,43.814543],[125.278278,43.814481],[125.27821,43.814602]]]}},{"type":"Feature","id":"way/1474610712","properties":{"building":"yes"},"geometry":{"type":"Polygon","coordinates":[[[125.278265,43.814928],[125.278613,43.81503],[125.278674,43.814921],[125.278326,43.814819],[125.278265,43.814928]]]}},{"type":"Feature","id":"way/1474610713","properties":{"building":"yes"},"geometry":{"type":"Polygon","coordinates":[[[125.278371,43.815956],[125.278571,43.816014],[125.278588,43.815983],[125.278389,43.815924],[125.278371,43.815956]]]}},{"type":"Feature","id":"way/1474610714","properties":{"building":"yes"},"geometry":{"type":"Polygon","coordinates":[[[125.279043,43.815987],[125.279135,43.816014],[125.279244,43.815821],[125.279151,43.815794],[125.279043,43.815987]]]}},{"type":"Feature","id":"way/1474610715","properties":{"building":"yes"},"geometry":{"type":"Polygon","coordinates":[[[125.278709,43.815439],[125.279361,43.81563],[125.279605,43.815199],[125.278952,43.815007],[125.278709,43.815439]]]}},{"type":"Feature","id":"way/1474610716","properties":{"building":"yes"},"geometry":{"type":"Polygon","coordinates":[[[125.27767,43.815614],[125.278207,43.815772],[125.278552,43.815161],[125.278014,43.815003],[125.27767,43.815614]]]}},{"type":"Feature","id":"way/1474610717","properties":{"building":"yes"},"geometry":{"type":"Polygon","coordinates":[[[125.28102,43.815289],[125.280315,43.815082],[125.280232,43.81523],[125.280343,43.815262],[125.280373,43.815209],[125.280631,43.815285],[125.28061,43.815322],[125.280698,43.815348],[125.280681,43.815377],[125.280929,43.81545],[125.28102,43.815289]]]}},{"type":"Feature","id":"way/1474610718","properties":{"building":"yes"},"geometry":{"type":"Polygon","coordinates":[[[125.281088,43.815507],[125.281565,43.815647],[125.281654,43.815489],[125.281177,43.815349],[125.281088,43.815507]]]}},{"type":"Feature","id":"way/1474610719","properties":{"building":"yes"},"geometry":{"type":"Polygon","coordinates":[[[125.281233,43.816287],[125.281385,43.816331],[125.281517,43.816097],[125.281365,43.816052],[125.281233,43.816287]]]}},{"type":"Feature","id":"way/1474610720","properties":{"building":"yes"},"geometry":{"type":"Polygon","coordinates":[[[125.280739,43.816118],[125.281106,43.816226],[125.281372,43.815754],[125.281005,43.815647],[125.280739,43.816118]]]}},{"type":"Feature","id":"way/1474610721","properties":{"building":"yes"},"geometry":{"type":"Polygon","coordinates":[[[125.279873,43.815867],[125.280167,43.815953],[125.280415,43.815512],[125.280121,43.815426],[125.279873,43.815867]]]}},{"type":"Feature","id":"way/1474610722","properties":{"building":"yes"},"geometry":{"type":"Polygon","coordinates":[[[125.279744,43.8162],[125.280828,43.816518],[125.28094,43.816318],[125.279857,43.815999],[125.279744,43.8162]]]}},{"type":"Feature","id":"way/1474610723","properties":{"building":"yes"},"geometry":{"type":"Polygon","coordinates":[[[125.277957,43.817462],[125.277817,43.81771],[125.278225,43.81783],[125.278365,43.817582],[125.277957,43.817462]]]}},{"type":"Feature","id":"way/1474610724","properties":{"building":"yes"},"geometry":{"type":"Polygon","coordinates":[[[125.27773,43.817597],[125.277847,43.817389],[125.277397,43.817257],[125.27728,43.817465],[125.27773,43.817597]]]}},{"type":"Feature","id":"way/1474610725","properties":{"building":"yes"},"geometry":{"type":"Polygon","coordinates":[[[125.278245,43.81732],[125.278586,43.816716],[125.278547,43.816704],[125.278576,43.816654],[125.27853,43.81664],[125.278557,43.816592],[125.277614,43.816315],[125.277587,43.816364],[125.277538,43.816349],[125.27751,43.8164],[125.277462,43.816385],[125.277272,43.816722],[125.27717,43.816692],[125.277049,43.816906],[125.277151,43.816936],[125.277121,43.81699],[125.278245,43.81732]]]}},{"type":"Feature","id":"way/1474610726","properties":{"building":"yes"},"geometry":{"type":"Polygon","coordinates":[[[125.278953,43.817283],[125.279955,43.817578],[125.280152,43.817228],[125.279884,43.817149],[125.279782,43.817329],[125.2793,43.817187],[125.279537,43.816768],[125.279989,43.816901],[125.280021,43.816845],[125.280331,43.816936],[125.280377,43.816854],[125.279363,43.816556],[125.278953,43.817283]]]}},{"type":"Feature","id":"way/1474610727","properties":{"building":"yes"},"geometry":{"type":"Polygon","coordinates":[[[125.27891,43.817406],[125.278754,43.817684],[125.278932,43.817736],[125.279015,43.817589],[125.279805,43.817806],[125.279871,43.817688],[125.27891,43.817406]]]}},{"type":"Feature","id":"way/1474610728","properties":{"building":"yes"},"geometry":{"type":"Polygon","coordinates":[[[125.279493,43.818352],[125.279757,43.817883],[125.279583,43.817832],[125.27939,43.818175],[125.278792,43.817999],[125.278878,43.817847],[125.278699,43.817795],[125.278562,43.818038],[125.278582,43.818073],[125.279493,43.818352]]]}},{"type":"Feature","id":"way/1474610729","properties":{"building":"yes"},"geometry":{"type":"Polygon","coordinates":[[[125.280126,43.817664],[125.280532,43.817783],[125.280957,43.81703],[125.280467,43.816886],[125.280398,43.817009],[125.280687,43.817093],[125.280424,43.817561],[125.280111,43.817469],[125.280036,43.817601],[125.280144,43.817633],[125.280126,43.817664]]]}},{"type":"Feature","id":"way/1474610730","properties":{"building":"yes"},"geometry":{"type":"Polygon","coordinates":[[[125.279477,43.818526],[125.279604,43.818563],[125.279781,43.81825],[125.280187,43.818369],[125.28024,43.818275],[125.279707,43.818118],[125.279477,43.818526]]]}},{"type":"Feature","id":"way/1474610731","properties":{"building":"yes"},"geometry":{"type":"Polygon","coordinates":[[[125.279739,43.818048],[125.280272,43.818204],[125.280458,43.817876],[125.280269,43.81782],[125.280163,43.818007],[125.279819,43.817905],[125.279739,43.818048]]]}},{"type":"Feature","id":"way/1474610732","properties":{"building":"yes"},"geometry":{"type":"Polygon","coordinates":[[[125.279834,43.81864],[125.279974,43.818681],[125.280105,43.818448],[125.279965,43.818407],[125.279834,43.81864]]]}},{"type":"Feature","id":"way/1474610733","properties":{"building":"yes"},"geometry":{"type":"Polygon","coordinates":[[[125.281859,43.818309],[125.282027,43.818012],[125.281965,43.817994],[125.281797,43.818291],[125.281859,43.818309]]]}},{"type":"Feature","id":"way/1474610734","properties":{"building":"yes"},"geometry":{"type":"Polygon","coordinates":[[[125.281822,43.817806],[125.281992,43.817856],[125.282051,43.817752],[125.28188,43.817702],[125.281822,43.817806]]]}},{"type":"Feature","id":"way/1474610735","properties":{"building":"yes"},"geometry":{"type":"Polygon","coordinates":[[[125.281826,43.817591],[125.282111,43.817675],[125.282253,43.817423],[125.281968,43.817339],[125.281826,43.817591]]]}},{"type":"Feature","id":"way/1474610736","properties":{"building":"yes"},"geometry":{"type":"Polygon","coordinates":[[[125.281186,43.817383],[125.281695,43.817533],[125.281828,43.817297],[125.281319,43.817147],[125.281186,43.817383]]]}},{"type":"Feature","id":"way/1474610737","properties":{"building":"yes"},"geometry":{"type":"Polygon","coordinates":[[[125.281025,43.817642],[125.281548,43.817796],[125.281625,43.817661],[125.281101,43.817507],[125.281025,43.817642]]]}},{"type":"Feature","id":"way/1474610738","properties":{"building":"yes"},"geometry":{"type":"Polygon","coordinates":[[[125.281445,43.818863],[125.281661,43.818445],[125.281486,43.818393],[125.28141,43.818529],[125.281459,43.818543],[125.281302,43.818822],[125.281445,43.818863]]]}},{"type":"Feature","id":"way/1474610739","properties":{"building":"yes"},"geometry":{"type":"Polygon","coordinates":[[[125.280396,43.818766],[125.281066,43.818963],[125.281563,43.818083],[125.280892,43.817886],[125.280608,43.81839],[125.280821,43.818453],[125.280698,43.818671],[125.280485,43.818608],[125.280396,43.818766]]]}},{"type":"Feature","id":"way/1474610740","properties":{"building":"yes"},"geometry":{"type":"Polygon","coordinates":[[[125.282888,43.816465],[125.283414,43.816619],[125.283674,43.816159],[125.283147,43.816004],[125.282888,43.816465]]]}},{"type":"Feature","id":"way/1474610741","properties":{"building":"yes"},"geometry":{"type":"Polygon","coordinates":[[[125.28362,43.816672],[125.284154,43.816829],[125.284409,43.816378],[125.283874,43.816221],[125.28362,43.816672]]]}},{"type":"Feature","id":"way/1474610742","properties":{"building":"yes"},"geometry":{"type":"Polygon","coordinates":[[[125.284556,43.816513],[125.284913,43.816617],[125.284749,43.816907],[125.284824,43.81693],[125.284809,43.816956],[125.284908,43.816985],[125.285157,43.816544],[125.284627,43.816388],[125.284556,43.816513]]]}},{"type":"Feature","id":"way/1474610743","properties":{"building":"yes"},"geometry":{"type":"Polygon","coordinates":[[[125.284232,43.817217],[125.284426,43.817274],[125.284759,43.816683],[125.284565,43.816626],[125.284232,43.817217]]]}},{"type":"Feature","id":"way/1474610744","properties":{"building":"yes"},"geometry":{"type":"Polygon","coordinates":[[[125.283406,43.816842],[125.284172,43.817067],[125.284242,43.816942],[125.283476,43.816717],[125.283406,43.816842]]]}},{"type":"Feature","id":"way/1474610745","properties":{"building":"yes"},"geometry":{"type":"Polygon","coordinates":[[[125.28395,43.817422],[125.284056,43.817233],[125.283967,43.817207],[125.283861,43.817396],[125.283785,43.817373],[125.283741,43.817452],[125.283906,43.8175],[125.28395,43.817422]]]}},{"type":"Feature","id":"way/1474610746","properties":{"building":"yes"},"geometry":{"type":"Polygon","coordinates":[[[125.283175,43.817278],[125.283362,43.817333],[125.283503,43.817083],[125.283316,43.817028],[125.283175,43.817278]]]}},{"type":"Feature","id":"way/1474610763","properties":{"building":"yes"},"geometry":{"type":"Polygon","coordinates":[[[125.283261,43.81862],[125.28335,43.818646],[125.283371,43.818611],[125.283502,43.81865],[125.283482,43.818685],[125.283575,43.818713],[125.283668,43.818547],[125.283355,43.818454],[125.283261,43.81862]]]}},{"type":"Feature","id":"way/1474610765","properties":{"building":"university","name":"吉林大学正新楼"},"geometry":{"type":"Polygon","coordinates":[[[125.282432,43.818543],[125.282283,43.818795],[125.282422,43.818903],[125.282442,43.818944],[125.282902,43.818708],[125.282911,43.81869],[125.282846,43.81867],[125.28301,43.818393],[125.282919,43.818365],[125.282958,43.8183],[125.282803,43.818252],[125.282764,43.818318],[125.282661,43.818286],[125.282497,43.818563],[125.282432,43.818543]]]}},{"type":"Feature","id":"way/1474610766","properties":{"building":"yes"},"geometry":{"type":"Polygon","coordinates":[[[125.28192,43.818687],[125.282096,43.81874],[125.282167,43.818654],[125.282401,43.818226],[125.282327,43.818179],[125.282222,43.818171],[125.28192,43.818687]]]}},{"type":"Feature","id":"way/1474610767","properties":{"building":"yes"},"geometry":{"type":"Polygon","coordinates":[[[125.28228,43.818048],[125.282457,43.8181],[125.282673,43.817722],[125.282932,43.817799],[125.283001,43.817678],[125.282575,43.817531],[125.28228,43.818048]]]}},{"type":"Feature","id":"way/1474610768","properties":{"building":"yes"},"geometry":{"type":"Polygon","coordinates":[[[125.295016,43.828618],[125.294823,43.828617],[125.294821,43.828793],[125.294851,43.828793],[125.294851,43.828843],[125.294807,43.828843],[125.294778,43.829137],[125.294942,43.829138],[125.294939,43.829401],[125.295203,43.829403],[125.295213,43.82862],[125.295188,43.828619],[125.295188,43.828566],[125.295017,43.828564],[125.295016,43.828618]]]}},{"type":"Feature","id":"way/1474610769","properties":{"building":"yes"},"geometry":{"type":"Polygon","coordinates":[[[125.294499,43.8296],[125.295058,43.829618],[125.295119,43.829604],[125.29512,43.829477],[125.294501,43.829473],[125.294499,43.8296]]]}},{"type":"Feature","id":"way/1474610770","properties":{"building":"yes"},"geometry":{"type":"Polygon","coordinates":[[[125.29037,43.828011],[125.290177,43.828008],[125.290174,43.828116],[125.290585,43.828109],[125.290588,43.827988],[125.29037,43.827985],[125.29037,43.828011]]]}},{"type":"Feature","id":"way/1474610771","properties":{"building":"yes"},"geometry":{"type":"Polygon","coordinates":[[[125.290472,43.827797],[125.290823,43.827802],[125.290826,43.8277],[125.290474,43.827696],[125.290472,43.827797]]]}},{"type":"Feature","id":"way/1474610772","properties":{"building":"yes"},"geometry":{"type":"Polygon","coordinates":[[[125.289347,43.828128],[125.289706,43.828133],[125.289714,43.827803],[125.289355,43.827798],[125.289347,43.828128]]]}},{"type":"Feature","id":"way/1474610773","properties":{"building":"yes"},"geometry":{"type":"Polygon","coordinates":[[[125.28998,43.827763],[125.290374,43.827768],[125.290376,43.827676],[125.289982,43.827671],[125.28998,43.827763]]]}},{"type":"Feature","id":"way/1474610774","properties":{"building":"yes"},"geometry":{"type":"Polygon","coordinates":[[[125.289375,43.827745],[125.28989,43.827752],[125.289892,43.827648],[125.289377,43.827641],[125.289375,43.827745]]]}},{"type":"Feature","id":"way/1474610775","properties":{"building":"college","name":"长春大学办公楼"},"geometry":{"type":"Polygon","coordinates":[[[125.289349,43.828451],[125.290384,43.828456],[125.290386,43.828284],[125.290206,43.828283],[125.290206,43.828312],[125.289566,43.828309],[125.289567,43.828258],[125.289351,43.828257],[125.289349,43.828451]]]}},{"type":"Feature","id":"way/1474610776","properties":{"building":"yes"},"geometry":{"type":"Polygon","coordinates":[[[125.290416,43.829433],[125.290417,43.829347],[125.290176,43.829345],[125.290175,43.829396],[125.290217,43.829397],[125.290216,43.829518],[125.290173,43.829518],[125.290172,43.829586],[125.29038,43.829588],[125.290379,43.829638],[125.290657,43.829642],[125.290662,43.8294],[125.290454,43.829398],[125.290454,43.829433],[125.290416,43.829433]]]}},{"type":"Feature","id":"way/1474610777","properties":{"building":"college","name":"长春大学教学楼"},"geometry":{"type":"Polygon","coordinates":[[[125.29322,43.82943],[125.293665,43.829457],[125.294229,43.829459],[125.294229,43.829306],[125.294097,43.829306],[125.294097,43.829369],[125.293659,43.829367],[125.293659,43.829305],[125.29334,43.829304],[125.29334,43.829283],[125.293221,43.829283],[125.29322,43.82943]]]}},{"type":"Feature","id":"way/1474610778","properties":{"building":"yes"},"geometry":{"type":"Polygon","coordinates":[[[125.295025,43.827166],[125.295391,43.827169],[125.295393,43.827041],[125.295027,43.827038],[125.295025,43.827166]]]}},{"type":"Feature","id":"way/1474610779","properties":{"leisure":"pitch"},"geometry":{"type":"Polygon","coordinates":[[[125.293811,43.82909],[125.294273,43.829091],[125.294278,43.828405],[125.293815,43.828403],[125.293811,43.82909]]]}},{"type":"Feature","id":"way/1474610780","properties":{"building":"yes"},"geometry":{"type":"Polygon","coordinates":[[[125.292969,43.828662],[125.293526,43.828661],[125.293525,43.828486],[125.292968,43.828487],[125.292969,43.828662]]]}},{"type":"Feature","id":"way/1474610781","properties":{"building":"college","name":"长春大学办公楼"},"geometry":{"type":"Polygon","coordinates":[[[125.29114,43.828669],[125.291693,43.828687],[125.291693,43.828393],[125.291532,43.828392],[125.291532,43.828449],[125.291573,43.828449],[125.291573,43.828586],[125.291268,43.828585],[125.291268,43.828382],[125.291317,43.828382],[125.291317,43.828339],[125.291141,43.828339],[125.29114,43.828669]]]}},{"type":"Feature","id":"way/1474610782","properties":{"building":"yes"},"geometry":{"type":"Polygon","coordinates":[[[125.291079,43.8281],[125.291775,43.828105],[125.291777,43.82801],[125.291081,43.828005],[125.291079,43.8281]]]}},{"type":"Feature","id":"way/1474610783","properties":{"building":"yes"},"geometry":{"type":"Polygon","coordinates":[[[125.293076,43.828161],[125.293336,43.82817],[125.293338,43.828002],[125.293189,43.828001],[125.293189,43.827924],[125.292967,43.827923],[125.292964,43.828161],[125.293076,43.828161]]]}},{"type":"Feature","id":"way/1474610784","properties":{"building":"yes"},"geometry":{"type":"Polygon","coordinates":[[[125.293351,43.828168],[125.293509,43.828169],[125.293511,43.82793],[125.293353,43.827929],[125.293351,43.828168]]]}},{"type":"Feature","id":"way/1474610785","properties":{"building":"university","name":"实验楼"},"geometry":{"type":"Polygon","coordinates":[[[125.291881,43.828086],[125.292243,43.828087],[125.29229,43.828112],[125.292366,43.828112],[125.292398,43.828087],[125.29254,43.828087],[125.29258,43.828058],[125.292642,43.828058],[125.292643,43.82795],[125.292248,43.827981],[125.291982,43.827967],[125.291983,43.827928],[125.291882,43.827928],[125.291881,43.828086]]]}},{"type":"Feature","id":"way/1474610786","properties":{"building":"residential"},"geometry":{"type":"Polygon","coordinates":[[[125.293834,43.82812],[125.294874,43.828126],[125.294875,43.828022],[125.293835,43.828016],[125.293834,43.82812]]]}},{"type":"Feature","id":"way/1474610787","properties":{"building":"residential"},"geometry":{"type":"Polygon","coordinates":[[[125.293767,43.827762],[125.294906,43.827768],[125.294907,43.827682],[125.293768,43.827676],[125.293767,43.827762]]]}},{"type":"Feature","id":"way/1474610788","properties":{"building":"residential"},"geometry":{"type":"Polygon","coordinates":[[[125.293779,43.827445],[125.294895,43.827451],[125.294896,43.82734],[125.29378,43.827334],[125.293779,43.827445]]]}},{"type":"Feature","id":"way/1474610789","properties":{"building":"residential"},"geometry":{"type":"Polygon","coordinates":[[[125.294893,43.827134],[125.294894,43.827041],[125.293761,43.827035],[125.29376,43.827129],[125.294893,43.827134]]]}},{"type":"Feature","id":"way/1474610790","properties":{"building":"residential"},"geometry":{"type":"Polygon","coordinates":[[[125.291154,43.827117],[125.291793,43.827121],[125.291794,43.827009],[125.291156,43.827005],[125.291154,43.827117]]]}},{"type":"Feature","id":"way/1474610791","properties":{"building":"residential"},"geometry":{"type":"Polygon","coordinates":[[[125.291153,43.827406],[125.29179,43.82741],[125.291791,43.827297],[125.291154,43.827293],[125.291153,43.827406]]]}},{"type":"Feature","id":"way/1474610792","properties":{"building":"residential"},"geometry":{"type":"Polygon","coordinates":[[[125.29115,43.827701],[125.29179,43.827705],[125.291791,43.827596],[125.291152,43.827592],[125.29115,43.827701]]]}},{"type":"Feature","id":"way/1474610793","properties":{"building":"yes"},"geometry":{"type":"Polygon","coordinates":[[[125.292891,43.82516],[125.293473,43.825166],[125.293476,43.825037],[125.292894,43.825031],[125.292891,43.82516]]]}},{"type":"Feature","id":"way/1474610794","properties":{"building":"yes"},"geometry":{"type":"Polygon","coordinates":[[[125.294842,43.825543],[125.295202,43.825547],[125.295205,43.825418],[125.295101,43.825417],[125.295101,43.825435],[125.294844,43.825414],[125.294842,43.825543]]]}},{"type":"Feature","id":"way/1474610795","properties":{"building":"residential"},"geometry":{"type":"Polygon","coordinates":[[[125.294317,43.825149],[125.295106,43.825157],[125.295108,43.825037],[125.294319,43.825029],[125.294317,43.825149]]]}},{"type":"Feature","id":"way/1474610796","properties":{"building":"residential"},"geometry":{"type":"Polygon","coordinates":[[[125.293655,43.825147],[125.29414,43.825152],[125.294142,43.825036],[125.293658,43.825031],[125.293655,43.825147]]]}},{"type":"Feature","id":"way/1474610797","properties":{"building":"residential"},"geometry":{"type":"Polygon","coordinates":[[[125.293029,43.825505],[125.293402,43.825509],[125.293405,43.825375],[125.293032,43.825372],[125.293029,43.825505]]]}},{"type":"Feature","id":"way/1474610798","properties":{"building":"residential"},"geometry":{"type":"Polygon","coordinates":[[[125.292286,43.825137],[125.292779,43.825143],[125.292781,43.825021],[125.292289,43.825016],[125.292286,43.825137]]]}},{"type":"Feature","id":"way/1474610799","properties":{"building":"residential"},"geometry":{"type":"Polygon","coordinates":[[[125.291303,43.825112],[125.292104,43.825121],[125.292107,43.825002],[125.291306,43.824994],[125.291303,43.825112]]]}},{"type":"Feature","id":"way/1474610800","properties":{"building":"residential"},"geometry":{"type":"Polygon","coordinates":[[[125.291227,43.825785],[125.292092,43.825794],[125.292095,43.825674],[125.291229,43.825665],[125.291227,43.825785]]]}},{"type":"Feature","id":"way/1474610801","properties":{"building":"residential"},"geometry":{"type":"Polygon","coordinates":[[[125.292959,43.826142],[125.293335,43.826146],[125.293338,43.826022],[125.292962,43.826018],[125.292959,43.826142]]]}},{"type":"Feature","id":"way/1474610802","properties":{"building":"residential"},"geometry":{"type":"Polygon","coordinates":[[[125.292267,43.825721],[125.292934,43.825728],[125.292937,43.825603],[125.29227,43.825596],[125.292267,43.825721]]]}},{"type":"Feature","id":"way/1474610803","properties":{"building":"residential"},"geometry":{"type":"Polygon","coordinates":[[[125.293385,43.825733],[125.294049,43.82574],[125.294051,43.825612],[125.293387,43.825605],[125.293385,43.825733]]]}},{"type":"Feature","id":"way/1474610804","properties":{"building":"residential"},"geometry":{"type":"Polygon","coordinates":[[[125.294224,43.825816],[125.295084,43.825825],[125.295086,43.825702],[125.294227,43.825693],[125.294224,43.825816]]]}},{"type":"Feature","id":"way/1474610805","properties":{"building":"residential"},"geometry":{"type":"Polygon","coordinates":[[[125.294492,43.82639],[125.295066,43.826396],[125.295068,43.826288],[125.294495,43.826282],[125.294492,43.82639]]]}},{"type":"Feature","id":"way/1474610806","properties":{"building":"residential"},"geometry":{"type":"Polygon","coordinates":[[[125.294307,43.826455],[125.29431,43.826329],[125.293348,43.826319],[125.293346,43.826445],[125.294307,43.826455]]]}},{"type":"Feature","id":"way/1474610807","properties":{"building":"residential"},"geometry":{"type":"Polygon","coordinates":[[[125.291948,43.826434],[125.292917,43.826444],[125.292919,43.826312],[125.291951,43.826302],[125.291948,43.826434]]]}},{"type":"Feature","id":"way/1474610808","properties":{"building":"residential"},"geometry":{"type":"Polygon","coordinates":[[[125.291217,43.826367],[125.291794,43.826373],[125.291797,43.826251],[125.29122,43.826245],[125.291217,43.826367]]]}},{"type":"Feature","id":"way/1474610809","properties":{"building":"yes"},"geometry":{"type":"Polygon","coordinates":[[[125.293307,43.826777],[125.294993,43.826794],[125.294995,43.826666],[125.293309,43.826648],[125.293307,43.826777]]]}},{"type":"Feature","id":"way/1474610810","properties":{"building":"yes"},"geometry":{"type":"Polygon","coordinates":[[[125.291183,43.826759],[125.292937,43.826777],[125.292939,43.826645],[125.291185,43.826627],[125.291183,43.826759]]]}},{"type":"Feature","id":"way/1474610811","properties":{"landuse":"residential","name":"高新容园二期"},"geometry":{"type":"Polygon","coordinates":[[[125.288495,43.827871],[125.289212,43.827878],[125.289226,43.827326],[125.29083,43.827345],[125.290874,43.82491],[125.290155,43.824903],[125.290118,43.826933],[125.289245,43.826931],[125.28925,43.826548],[125.288518,43.826544],[125.288495,43.827871]]]}},{"type":"Feature","id":"way/1474610812","properties":{"landuse":"residential","name":"工大家属楼"},"geometry":{"type":"Polygon","coordinates":[[[125.288518,43.826544],[125.28925,43.826548],[125.289245,43.826931],[125.290118,43.826933],[125.290155,43.824903],[125.288546,43.824882],[125.288518,43.826544]]]}},{"type":"Feature","id":"way/1474610813","properties":{"building":"residential"},"geometry":{"type":"Polygon","coordinates":[[[125.289439,43.825018],[125.290098,43.825022],[125.290099,43.824925],[125.28944,43.82492],[125.289439,43.825018]]]}},{"type":"Feature","id":"way/1474610814","properties":{"building":"residential"},"geometry":{"type":"Polygon","coordinates":[[[125.288628,43.825021],[125.28927,43.825025],[125.289271,43.824911],[125.288629,43.824907],[125.288628,43.825021]]]}},{"type":"Feature","id":"way/1474610815","properties":{"building":"residential"},"geometry":{"type":"Polygon","coordinates":[[[125.289402,43.825366],[125.290067,43.82537],[125.290068,43.825264],[125.289403,43.82526],[125.289402,43.825366]]]}},{"type":"Feature","id":"way/1474610816","properties":{"building":"residential"},"geometry":{"type":"Polygon","coordinates":[[[125.288606,43.825437],[125.289261,43.825441],[125.289262,43.825318],[125.288608,43.825314],[125.288606,43.825437]]]}},{"type":"Feature","id":"way/1474610817","properties":{"building":"residential"},"geometry":{"type":"Polygon","coordinates":[[[125.28859,43.82582],[125.289254,43.825824],[125.289255,43.825719],[125.288591,43.825715],[125.28859,43.82582]]]}},{"type":"Feature","id":"way/1474610818","properties":{"building":"residential"},"geometry":{"type":"Polygon","coordinates":[[[125.289408,43.825746],[125.290061,43.82575],[125.290063,43.82565],[125.28941,43.825646],[125.289408,43.825746]]]}},{"type":"Feature","id":"way/1474610819","properties":{"building":"residential"},"geometry":{"type":"Polygon","coordinates":[[[125.289402,43.826104],[125.29006,43.826108],[125.290061,43.826011],[125.289403,43.826007],[125.289402,43.826104]]]}},{"type":"Feature","id":"way/1474610820","properties":{"building":"residential"},"geometry":{"type":"Polygon","coordinates":[[[125.28859,43.826224],[125.289242,43.826228],[125.289243,43.826122],[125.288591,43.826118],[125.28859,43.826224]]]}},{"type":"Feature","id":"way/1474610821","properties":{"building":"residential"},"geometry":{"type":"Polygon","coordinates":[[[125.289385,43.826449],[125.290044,43.826453],[125.290045,43.826349],[125.289387,43.826345],[125.289385,43.826449]]]}},{"type":"Feature","id":"way/1474610822","properties":{"building":"yes"},"geometry":{"type":"Polygon","coordinates":[[[125.290265,43.825292],[125.290725,43.825295],[125.290725,43.825225],[125.290685,43.825225],[125.290686,43.825141],[125.290266,43.825139],[125.290265,43.825292]]]}},{"type":"Feature","id":"way/1474610823","properties":{"building":"residential"},"geometry":{"type":"Polygon","coordinates":[[[125.290268,43.825625],[125.290717,43.825628],[125.290718,43.825499],[125.290269,43.825496],[125.290268,43.825625]]]}},{"type":"Feature","id":"way/1474610824","properties":{"building":"residential"},"geometry":{"type":"Polygon","coordinates":[[[125.290257,43.826099],[125.290705,43.826102],[125.290706,43.825979],[125.290259,43.825976],[125.290257,43.826099]]]}},{"type":"Feature","id":"way/1474610825","properties":{"building":"residential"},"geometry":{"type":"Polygon","coordinates":[[[125.290234,43.826661],[125.290685,43.826664],[125.290686,43.826544],[125.290236,43.826541],[125.290234,43.826661]]]}},{"type":"Feature","id":"way/1474610826","properties":{"building":"residential"},"geometry":{"type":"Polygon","coordinates":[[[125.289387,43.826816],[125.290043,43.82682],[125.290044,43.826728],[125.289388,43.826724],[125.289387,43.826816]]]}},{"type":"Feature","id":"way/1474610827","properties":{"building":"residential"},"geometry":{"type":"Polygon","coordinates":[[[125.288639,43.826734],[125.289194,43.826737],[125.289195,43.826631],[125.28864,43.826628],[125.288639,43.826734]]]}},{"type":"Feature","id":"way/1474610828","properties":{"building":"residential"},"geometry":{"type":"Polygon","coordinates":[[[125.289937,43.827278],[125.290574,43.827282],[125.290576,43.827155],[125.289939,43.827151],[125.289937,43.827278]]]}},{"type":"Feature","id":"way/1474610829","properties":{"building":"residential"},"geometry":{"type":"Polygon","coordinates":[[[125.289208,43.827266],[125.289843,43.82727],[125.289844,43.827148],[125.28921,43.827144],[125.289208,43.827266]]]}},{"type":"Feature","id":"way/1474610830","properties":{"building":"residential"},"geometry":{"type":"Polygon","coordinates":[[[125.288614,43.827133],[125.289118,43.827136],[125.289119,43.827064],[125.288615,43.827061],[125.288614,43.827133]]]}},{"type":"Feature","id":"way/1474610831","properties":{"building":"residential"},"geometry":{"type":"Polygon","coordinates":[[[125.288613,43.827377],[125.289125,43.82738],[125.289126,43.827309],[125.288614,43.827305],[125.288613,43.827377]]]}},{"type":"Feature","id":"way/1474610832","properties":{"building":"residential"},"geometry":{"type":"Polygon","coordinates":[[[125.288643,43.82765],[125.289111,43.827653],[125.289112,43.827553],[125.288644,43.82755],[125.288643,43.82765]]]}},{"type":"Feature","id":"way/1474610833","properties":{"building":"residential"},"geometry":{"type":"Polygon","coordinates":[[[125.28804,43.828036],[125.288987,43.828051],[125.289045,43.828096],[125.289192,43.828097],[125.289186,43.827987],[125.288991,43.827913],[125.288044,43.827898],[125.28804,43.828036]]]}},{"type":"Feature","id":"way/1474610834","properties":{"building":"yes"},"geometry":{"type":"Polygon","coordinates":[[[125.288068,43.829499],[125.288938,43.829513],[125.288942,43.829399],[125.288072,43.829386],[125.288068,43.829499]]]}},{"type":"Feature","id":"way/1474610835","properties":{"building":"residential"},"geometry":{"type":"Polygon","coordinates":[[[125.288015,43.829168],[125.289135,43.829186],[125.289139,43.829046],[125.288019,43.829029],[125.288015,43.829168]]]}},{"type":"Feature","id":"way/1474610836","properties":{"building":"residential"},"geometry":{"type":"Polygon","coordinates":[[[125.28897,43.828786],[125.289027,43.828838],[125.289163,43.82884],[125.289169,43.828741],[125.289102,43.828694],[125.288974,43.828664],[125.288036,43.828649],[125.288032,43.828772],[125.28897,43.828786]]]}},{"type":"Feature","id":"way/1474610837","properties":{"building":"residential"},"geometry":{"type":"Polygon","coordinates":[[[125.288977,43.828415],[125.289035,43.828474],[125.289184,43.828471],[125.28918,43.828367],[125.289111,43.82832],[125.28898,43.828291],[125.288042,43.828276],[125.288038,43.8284],[125.288977,43.828415]]]}},{"type":"Feature","id":"way/1474610838","properties":{"building":"yes"},"geometry":{"type":"Polygon","coordinates":[[[125.286985,43.829507],[125.287869,43.829525],[125.28788,43.829231],[125.286997,43.829213],[125.286985,43.829507]]]}},{"type":"Feature","id":"way/1474610839","properties":{"building":"yes"},"geometry":{"type":"Polygon","coordinates":[[[125.287006,43.828881],[125.287852,43.828894],[125.287854,43.828823],[125.287008,43.828809],[125.287006,43.828881]]]}},{"type":"Feature","id":"way/1474610840","properties":{"building":"residential"},"geometry":{"type":"Polygon","coordinates":[[[125.287002,43.829],[125.287606,43.829009],[125.287605,43.829042],[125.28787,43.829047],[125.287874,43.828926],[125.287005,43.828913],[125.287002,43.829]]]}},{"type":"Feature","id":"way/1474610841","properties":{"building":"residential"},"geometry":{"type":"Polygon","coordinates":[[[125.287009,43.828666],[125.287815,43.828679],[125.287818,43.828576],[125.287012,43.828563],[125.287009,43.828666]]]}},{"type":"Feature","id":"way/1474610842","properties":{"building":"residential"},"geometry":{"type":"Polygon","coordinates":[[[125.286992,43.828311],[125.287921,43.828325],[125.287924,43.828223],[125.286995,43.828208],[125.286992,43.828311]]]}},{"type":"Feature","id":"way/1474610843","properties":{"building":"residential"},"geometry":{"type":"Polygon","coordinates":[[[125.287005,43.828015],[125.287929,43.828029],[125.287933,43.827894],[125.287009,43.82788],[125.287005,43.828015]]]}},{"type":"Feature","id":"way/1474610844","properties":{"building":"yes"},"geometry":{"type":"Polygon","coordinates":[[[125.286945,43.828019],[125.286949,43.827908],[125.285753,43.827884],[125.285748,43.827995],[125.286945,43.828019]]]}},{"type":"Feature","id":"way/1474610845","properties":{"landuse":"residential","name":"林园小区"},"geometry":{"type":"Polygon","coordinates":[[[125.288495,43.827871],[125.285824,43.827859],[125.285825,43.827757],[125.285935,43.827755],[125.286039,43.824865],[125.288546,43.824882],[125.288495,43.827871]]]}},{"type":"Feature","id":"way/1474610846","properties":{"building":"residential"},"geometry":{"type":"Polygon","coordinates":[[[125.287807,43.824989],[125.288455,43.824992],[125.288456,43.824896],[125.287808,43.824892],[125.287807,43.824989]]]}},{"type":"Feature","id":"way/1474610847","properties":{"building":"yes"},"geometry":{"type":"Polygon","coordinates":[[[125.287804,43.825153],[125.288454,43.825157],[125.288455,43.825082],[125.287805,43.825078],[125.287804,43.825153]]]}},{"type":"Feature","id":"way/1474610848","properties":{"building":"residential"},"geometry":{"type":"Polygon","coordinates":[[[125.287802,43.825352],[125.288444,43.825356],[125.288445,43.825258],[125.287803,43.825255],[125.287802,43.825352]]]}},{"type":"Feature","id":"way/1474610849","properties":{"building":"yes"},"geometry":{"type":"Polygon","coordinates":[[[125.287792,43.825517],[125.288447,43.825521],[125.288448,43.82545],[125.287793,43.825446],[125.287792,43.825517]]]}},{"type":"Feature","id":"way/1474610850","properties":{"building":"residential"},"geometry":{"type":"Polygon","coordinates":[[[125.287795,43.825725],[125.288431,43.825728],[125.288432,43.825624],[125.287796,43.82562],[125.287795,43.825725]]]}},{"type":"Feature","id":"way/1474610851","properties":{"building":"yes"},"geometry":{"type":"Polygon","coordinates":[[[125.287787,43.825888],[125.288434,43.825892],[125.288435,43.825815],[125.287788,43.825811],[125.287787,43.825888]]]}},{"type":"Feature","id":"way/1474610852","properties":{"building":"residential"},"geometry":{"type":"Polygon","coordinates":[[[125.287787,43.826067],[125.28842,43.826071],[125.288421,43.825972],[125.287788,43.825969],[125.287787,43.826067]]]}},{"type":"Feature","id":"way/1474610853","properties":{"building":"yes"},"geometry":{"type":"Polygon","coordinates":[[[125.287779,43.826263],[125.288416,43.826266],[125.288417,43.826202],[125.287779,43.826198],[125.287779,43.826263]]]}},{"type":"Feature","id":"way/1474610854","properties":{"building":"residential"},"geometry":{"type":"Polygon","coordinates":[[[125.287771,43.826454],[125.288419,43.826458],[125.28842,43.826351],[125.287772,43.826347],[125.287771,43.826454]]]}},{"type":"Feature","id":"way/1474610855","properties":{"building":"yes"},"geometry":{"type":"Polygon","coordinates":[[[125.287759,43.826638],[125.288431,43.826642],[125.288432,43.826579],[125.287759,43.826575],[125.287759,43.826638]]]}},{"type":"Feature","id":"way/1474610856","properties":{"building":"residential"},"geometry":{"type":"Polygon","coordinates":[[[125.287753,43.826839],[125.288412,43.826843],[125.288413,43.826748],[125.287754,43.826745],[125.287753,43.826839]]]}},{"type":"Feature","id":"way/1474610857","properties":{"building":"residential"},"geometry":{"type":"Polygon","coordinates":[[[125.287745,43.827153],[125.288401,43.827157],[125.288402,43.827058],[125.287746,43.827054],[125.287745,43.827153]]]}},{"type":"Feature","id":"way/1474610858","properties":{"building":"residential"},"geometry":{"type":"Polygon","coordinates":[[[125.28774,43.827469],[125.288392,43.827473],[125.288393,43.827369],[125.287741,43.827365],[125.28774,43.827469]]]}},{"type":"Feature","id":"way/1474610859","properties":{"building":"residential"},"geometry":{"type":"Polygon","coordinates":[[[125.287729,43.827761],[125.288391,43.827765],[125.288392,43.827662],[125.28773,43.827658],[125.287729,43.827761]]]}},{"type":"Feature","id":"way/1474610860","properties":{"building":"residential"},"geometry":{"type":"Polygon","coordinates":[[[125.286056,43.824978],[125.286863,43.824982],[125.286864,43.824877],[125.286057,43.824872],[125.286056,43.824978]]]}},{"type":"Feature","id":"way/1474610861","properties":{"building":"residential"},"geometry":{"type":"Polygon","coordinates":[[[125.287008,43.82498],[125.287621,43.824983],[125.287622,43.824891],[125.287009,43.824887],[125.287008,43.82498]]]}},{"type":"Feature","id":"way/1474610862","properties":{"building":"yes"},"geometry":{"type":"Polygon","coordinates":[[[125.287006,43.82515],[125.287621,43.825154],[125.287622,43.825072],[125.287007,43.825068],[125.287006,43.82515]]]}},{"type":"Feature","id":"way/1474610863","properties":{"building":"yes"},"geometry":{"type":"Polygon","coordinates":[[[125.286056,43.825171],[125.28689,43.825176],[125.286891,43.825095],[125.286056,43.82509],[125.286056,43.825171]]]}},{"type":"Feature","id":"way/1474610864","properties":{"building":"residential"},"geometry":{"type":"Polygon","coordinates":[[[125.286046,43.825322],[125.28686,43.825327],[125.286862,43.825231],[125.286047,43.825227],[125.286046,43.825322]]]}},{"type":"Feature","id":"way/1474610865","properties":{"building":"residential"},"geometry":{"type":"Polygon","coordinates":[[[125.286993,43.825336],[125.28761,43.825339],[125.287611,43.825244],[125.286994,43.82524],[125.286993,43.825336]]]}},{"type":"Feature","id":"way/1474610866","properties":{"building":"yes"},"geometry":{"type":"Polygon","coordinates":[[[125.286985,43.825511],[125.287621,43.825515],[125.287622,43.82544],[125.286986,43.825437],[125.286985,43.825511]]]}},{"type":"Feature","id":"way/1474610867","properties":{"building":"yes"},"geometry":{"type":"Polygon","coordinates":[[[125.28605,43.825546],[125.286864,43.82555],[125.286866,43.825443],[125.286051,43.825438],[125.28605,43.825546]]]}},{"type":"Feature","id":"way/1474610868","properties":{"building":"residential"},"geometry":{"type":"Polygon","coordinates":[[[125.286051,43.825698],[125.286866,43.825702],[125.286867,43.825605],[125.286053,43.8256],[125.286051,43.825698]]]}},{"type":"Feature","id":"way/1474610869","properties":{"building":"residential"},"geometry":{"type":"Polygon","coordinates":[[[125.286974,43.825723],[125.287602,43.825727],[125.287603,43.82562],[125.286975,43.825617],[125.286974,43.825723]]]}},{"type":"Feature","id":"way/1474610870","properties":{"building":"yes"},"geometry":{"type":"Polygon","coordinates":[[[125.286963,43.825831],[125.286963,43.825903],[125.287611,43.825907],[125.287612,43.825835],[125.286963,43.825831]]]}},{"type":"Feature","id":"way/1474610871","properties":{"building":"yes"},"geometry":{"type":"Polygon","coordinates":[[[125.286035,43.82591],[125.286963,43.825916],[125.286963,43.825831],[125.286036,43.825826],[125.286035,43.82591]]]}},{"type":"Feature","id":"way/1474610872","properties":{"building":"yes"},"geometry":{"type":"Polygon","coordinates":[[[125.286906,43.826246],[125.287603,43.82625],[125.287603,43.826192],[125.286906,43.826188],[125.286906,43.826246]]]}},{"type":"Feature","id":"way/1474610873","properties":{"building":"residential"},"geometry":{"type":"Polygon","coordinates":[[[125.286942,43.826051],[125.28759,43.826055],[125.287591,43.82594],[125.286943,43.825936],[125.286942,43.826051]]]}},{"type":"Feature","id":"way/1474610874","properties":{"building":"residential"},"geometry":{"type":"Polygon","coordinates":[[[125.286035,43.82611],[125.286835,43.826115],[125.286836,43.826012],[125.286036,43.826008],[125.286035,43.82611]]]}},{"type":"Feature","id":"way/1474610875","properties":{"building":"yes"},"geometry":{"type":"Polygon","coordinates":[[[125.286851,43.826312],[125.286852,43.826227],[125.286026,43.826222],[125.286025,43.826307],[125.286851,43.826312]]]}},{"type":"Feature","id":"way/1474610876","properties":{"building":"residential"},"geometry":{"type":"Polygon","coordinates":[[[125.28692,43.826423],[125.28759,43.826427],[125.287591,43.826334],[125.286922,43.82633],[125.28692,43.826423]]]}},{"type":"Feature","id":"way/1474610877","properties":{"building":"residential"},"geometry":{"type":"Polygon","coordinates":[[[125.286018,43.826509],[125.286839,43.826514],[125.28684,43.826404],[125.286019,43.826399],[125.286018,43.826509]]]}},{"type":"Feature","id":"way/1474610878","properties":{"building":"yes"},"geometry":{"type":"Polygon","coordinates":[[[125.286915,43.826621],[125.287596,43.826625],[125.287596,43.826557],[125.286916,43.826553],[125.286915,43.826621]]]}},{"type":"Feature","id":"way/1474610879","properties":{"building":"yes"},"geometry":{"type":"Polygon","coordinates":[[[125.286002,43.826842],[125.286759,43.826847],[125.286761,43.826703],[125.286004,43.826698],[125.286002,43.826842]]]}},{"type":"Feature","id":"way/1474610880","properties":{"building":"residential"},"geometry":{"type":"Polygon","coordinates":[[[125.286898,43.826816],[125.287575,43.82682],[125.287576,43.826729],[125.286899,43.826725],[125.286898,43.826816]]]}},{"type":"Feature","id":"way/1474610881","properties":{"building":"residential"},"geometry":{"type":"Polygon","coordinates":[[[125.286912,43.827142],[125.287563,43.827146],[125.287564,43.827039],[125.286914,43.827035],[125.286912,43.827142]]]}},{"type":"Feature","id":"way/1474610882","properties":{"building":"residential"},"geometry":{"type":"Polygon","coordinates":[[[125.286003,43.82702],[125.286764,43.827025],[125.286765,43.826905],[125.286005,43.826901],[125.286003,43.82702]]]}},{"type":"Feature","id":"way/1474610883","properties":{"building":"residential"},"geometry":{"type":"Polygon","coordinates":[[[125.286904,43.827453],[125.287554,43.827456],[125.287555,43.827351],[125.286906,43.827347],[125.286904,43.827453]]]}},{"type":"Feature","id":"way/1474610884","properties":{"building":"residential"},"geometry":{"type":"Polygon","coordinates":[[[125.286888,43.827744],[125.287542,43.827748],[125.287543,43.827641],[125.28689,43.827638],[125.286888,43.827744]]]}},{"type":"Feature","id":"way/1474610885","properties":{"building":"residential"},"geometry":{"type":"Polygon","coordinates":[[[125.286001,43.827377],[125.286762,43.827382],[125.286764,43.827268],[125.286002,43.827264],[125.286001,43.827377]]]}},{"type":"Feature","id":"way/1474610886","properties":{"building":"yes"},"geometry":{"type":"Polygon","coordinates":[[[125.285561,43.826971],[125.285751,43.826972],[125.285757,43.826381],[125.285566,43.82638],[125.285561,43.826971]]]}},{"type":"Feature","id":"way/1474610887","properties":{"building":"yes"},"geometry":{"type":"Polygon","coordinates":[[[125.28562,43.826275],[125.285763,43.826278],[125.285788,43.825535],[125.285922,43.825538],[125.285925,43.825445],[125.285762,43.825442],[125.285764,43.825391],[125.285676,43.825389],[125.28562,43.826275]]]}},{"type":"Feature","id":"way/1474610888","properties":{"building":"yes","name":"吉林省冶金研究院"},"geometry":{"type":"Polygon","coordinates":[[[125.284449,43.825375],[125.284251,43.825374],[125.284249,43.825611],[125.284216,43.825702],[125.284248,43.825778],[125.284324,43.825798],[125.284322,43.826122],[125.284346,43.826122],[125.284345,43.826152],[125.284719,43.826154],[125.28472,43.825978],[125.284527,43.825977],[125.284528,43.825799],[125.284459,43.825799],[125.284459,43.825724],[125.284492,43.825724],[125.284493,43.825665],[125.284447,43.825664],[125.284449,43.825375]]]}},{"type":"Feature","id":"way/1474610889","properties":{"building":"yes"},"geometry":{"type":"Polygon","coordinates":[[[125.285079,43.825255],[125.285079,43.825201],[125.284428,43.825198],[125.284427,43.825252],[125.285079,43.825255]]]}},{"type":"Feature","id":"way/1474610890","properties":{"building":"yes"},"geometry":{"type":"Polygon","coordinates":[[[125.285782,43.825332],[125.285786,43.824924],[125.285915,43.824925],[125.285916,43.824836],[125.285787,43.824835],[125.285787,43.824858],[125.285031,43.824854],[125.285029,43.825008],[125.2851,43.825008],[125.285097,43.825328],[125.285782,43.825332]]]}},{"type":"Feature","id":"way/1474610891","properties":{"building":"yes"},"geometry":{"type":"Polygon","coordinates":[[[125.284547,43.824851],[125.284546,43.824988],[125.285029,43.824991],[125.285031,43.824854],[125.284547,43.824851]]]}},{"type":"Feature","id":"way/1474610892","properties":{"building":"commercial","name":"长春服务外包大厦"},"geometry":{"type":"Polygon","coordinates":[[[125.284099,43.824849],[125.284093,43.825251],[125.284395,43.825253],[125.2844,43.824851],[125.284099,43.824849]]]}},{"type":"Feature","id":"way/1474610904","properties":{"building":"greenhouse"},"geometry":{"type":"Polygon","coordinates":[[[125.275526,43.810873],[125.276075,43.810906],[125.276086,43.810812],[125.275537,43.810779],[125.275526,43.810873]]]}},{"type":"Feature","id":"way/1474610905","properties":{"landuse":"plant_nursery","name":"百木园"},"geometry":{"type":"Polygon","coordinates":[[[125.288339,43.808909],[125.288343,43.808647],[125.287692,43.808489],[125.287032,43.808297],[125.286018,43.808173],[125.282912,43.807472],[125.279667,43.806628],[125.279164,43.806536],[125.278006,43.806561],[125.278014,43.806952],[125.277196,43.810107],[125.277557,43.810269],[125.277869,43.810357],[125.277003,43.811866],[125.276488,43.812906],[125.285235,43.815559],[125.285417,43.815593],[125.285589,43.815554],[125.286514,43.813645],[125.287947,43.811196],[125.288401,43.810374],[125.288609,43.809913],[125.28875,43.809521],[125.288747,43.809416],[125.288689,43.809328],[125.288382,43.809067],[125.288339,43.808909]]]}},{"type":"Feature","id":"way/1474610906","properties":{"landuse":"education","name":"吉林省大学生创新企业孵化基地"},"geometry":{"type":"Polygon","coordinates":[[[125.272434,43.813615],[125.271491,43.813346],[125.269779,43.813634],[125.269493,43.813595],[125.269361,43.813521],[125.269265,43.81341],[125.26923,43.813296],[125.269258,43.813179],[125.269352,43.813076],[125.269245,43.812625],[125.268928,43.812592],[125.269443,43.812191],[125.27167,43.812103],[125.27309,43.81253],[125.272434,43.813615]]]}},{"type":"Feature","id":"way/1474610907","properties":{"building":"yes"},"geometry":{"type":"Polygon","coordinates":[[[125.270602,43.812922],[125.270239,43.812772],[125.270137,43.812899],[125.270191,43.813049],[125.270425,43.813145],[125.270602,43.812922]]]}},{"type":"Feature","id":"way/1474610908","properties":{"building":"yes"},"geometry":{"type":"Polygon","coordinates":[[[125.27037,43.813191],[125.270095,43.813076],[125.27,43.812803],[125.270127,43.812652],[125.270697,43.812894],[125.270652,43.812977],[125.270702,43.812995],[125.27059,43.813136],[125.270591,43.813355],[125.271018,43.813353],[125.271018,43.813228],[125.271248,43.813065],[125.271615,43.813065],[125.271616,43.812717],[125.270939,43.812716],[125.270938,43.812487],[125.270499,43.812489],[125.270182,43.812356],[125.270052,43.812334],[125.269855,43.812334],[125.269843,43.812366],[125.269662,43.812375],[125.269611,43.812472],[125.269662,43.812524],[125.269982,43.812659],[125.26991,43.812757],[125.269851,43.81279],[125.269702,43.812779],[125.269481,43.812818],[125.269659,43.813271],[125.269796,43.813381],[125.270112,43.813515],[125.27037,43.813191]]]}},{"type":"Feature","id":"way/1474610909","properties":{"building":"terrace"},"geometry":{"type":"Polygon","coordinates":[[[125.266043,43.810497],[125.266132,43.810823],[125.266884,43.810717],[125.266911,43.810669],[125.266565,43.810564],[125.266197,43.810612],[125.266161,43.810481],[125.26619,43.810434],[125.266088,43.810398],[125.266043,43.810497]]]}},{"type":"Feature","id":"way/1474610910","properties":{"building":"terrace"},"geometry":{"type":"Polygon","coordinates":[[[125.264258,43.81212],[125.264662,43.812063],[125.264621,43.811908],[125.264217,43.811964],[125.264258,43.81212]]]}},{"type":"Feature","id":"way/1474610911","properties":{"building":"terrace"},"geometry":{"type":"Polygon","coordinates":[[[125.263805,43.812182],[125.264215,43.812125],[125.264174,43.811971],[125.263764,43.812029],[125.263805,43.812182]]]}},{"type":"Feature","id":"way/1474610912","properties":{"building":"terrace"},"geometry":{"type":"Polygon","coordinates":[[[125.264188,43.811827],[125.264594,43.811771],[125.264554,43.81162],[125.264147,43.811677],[125.264188,43.811827]]]}},{"type":"Feature","id":"way/1474610913","properties":{"building":"terrace"},"geometry":{"type":"Polygon","coordinates":[[[125.263729,43.811888],[125.264132,43.811832],[125.264091,43.811679],[125.263688,43.811736],[125.263729,43.811888]]]}},{"type":"Feature","id":"way/1474610914","properties":{"building":"terrace"},"geometry":{"type":"Polygon","coordinates":[[[125.26529,43.811535],[125.265748,43.811471],[125.265708,43.811324],[125.26525,43.811388],[125.26529,43.811535]]]}},{"type":"Feature","id":"way/1474610915","properties":{"building":"terrace"},"geometry":{"type":"Polygon","coordinates":[[[125.264728,43.811608],[125.265243,43.811536],[125.265203,43.811387],[125.264688,43.811459],[125.264728,43.811608]]]}},{"type":"Feature","id":"way/1474610916","properties":{"building":"terrace"},"geometry":{"type":"Polygon","coordinates":[[[125.265348,43.811831],[125.265831,43.811764],[125.265789,43.811608],[125.265306,43.811675],[125.265348,43.811831]]]}},{"type":"Feature","id":"way/1474610917","properties":{"building":"terrace"},"geometry":{"type":"Polygon","coordinates":[[[125.264798,43.811895],[125.265295,43.811826],[125.265256,43.811682],[125.264759,43.811752],[125.264798,43.811895]]]}},{"type":"Feature","id":"way/1474610918","properties":{"building":"terrace"},"geometry":{"type":"Polygon","coordinates":[[[125.265428,43.812117],[125.265904,43.81205],[125.265869,43.811919],[125.265393,43.811986],[125.265428,43.812117]]]}},{"type":"Feature","id":"way/1474610919","properties":{"building":"terrace"},"geometry":{"type":"Polygon","coordinates":[[[125.264881,43.812189],[125.265371,43.812121],[125.265338,43.811997],[125.264848,43.812065],[125.264881,43.812189]]]}},{"type":"Feature","id":"way/1474610920","properties":{"building":"terrace"},"geometry":{"type":"Polygon","coordinates":[[[125.265499,43.812403],[125.265969,43.812338],[125.265929,43.812192],[125.26546,43.812258],[125.265499,43.812403]]]}},{"type":"Feature","id":"way/1474610921","properties":{"building":"terrace"},"geometry":{"type":"Polygon","coordinates":[[[125.264952,43.812476],[125.265441,43.812407],[125.2654,43.812252],[125.26491,43.812321],[125.264952,43.812476]]]}},{"type":"Feature","id":"way/1474610922","properties":{"building":"terrace"},"geometry":{"type":"Polygon","coordinates":[[[125.266779,43.81224],[125.267409,43.812151],[125.267374,43.812021],[125.266743,43.812109],[125.266779,43.81224]]]}},{"type":"Feature","id":"way/1474610923","properties":{"building":"terrace"},"geometry":{"type":"Polygon","coordinates":[[[125.266085,43.812344],[125.26671,43.812257],[125.26667,43.812108],[125.266045,43.812195],[125.266085,43.812344]]]}},{"type":"Feature","id":"way/1474610924","properties":{"building":"terrace"},"geometry":{"type":"Polygon","coordinates":[[[125.266919,43.811929],[125.267399,43.811862],[125.267363,43.811727],[125.266883,43.811794],[125.266919,43.811929]]]}},{"type":"Feature","id":"way/1474610925","properties":{"building":"terrace"},"geometry":{"type":"Polygon","coordinates":[[[125.26641,43.811998],[125.266884,43.811932],[125.266847,43.811794],[125.266373,43.811861],[125.26641,43.811998]]]}},{"type":"Feature","id":"way/1474610926","properties":{"building":"terrace"},"geometry":{"type":"Polygon","coordinates":[[[125.266038,43.812059],[125.266358,43.812014],[125.266317,43.811863],[125.265998,43.811908],[125.266038,43.812059]]]}},{"type":"Feature","id":"way/1474610927","properties":{"building":"terrace"},"geometry":{"type":"Polygon","coordinates":[[[125.266921,43.811634],[125.267362,43.811572],[125.267323,43.811427],[125.266882,43.811488],[125.266921,43.811634]]]}},{"type":"Feature","id":"way/1474610928","properties":{"building":"terrace"},"geometry":{"type":"Polygon","coordinates":[[[125.266412,43.811711],[125.266864,43.811648],[125.266824,43.811499],[125.266372,43.811562],[125.266412,43.811711]]]}},{"type":"Feature","id":"way/1474610929","properties":{"building":"terrace"},"geometry":{"type":"Polygon","coordinates":[[[125.265964,43.811766],[125.266356,43.811712],[125.266318,43.811572],[125.265927,43.811627],[125.265964,43.811766]]]}},{"type":"Feature","id":"way/1474610930","properties":{"building":"terrace"},"geometry":{"type":"Polygon","coordinates":[[[125.266328,43.811427],[125.266794,43.811361],[125.266756,43.811218],[125.266289,43.811283],[125.266328,43.811427]]]}},{"type":"Feature","id":"way/1474610931","properties":{"building":"terrace"},"geometry":{"type":"Polygon","coordinates":[[[125.265895,43.811491],[125.266273,43.811438],[125.266233,43.811285],[125.265854,43.811338],[125.265895,43.811491]]]}},{"type":"Feature","id":"way/1474610932","properties":{"building":"terrace"},"geometry":{"type":"Polygon","coordinates":[[[125.266846,43.811349],[125.267322,43.811283],[125.267283,43.811136],[125.266806,43.811203],[125.266846,43.811349]]]}},{"type":"Feature","id":"way/1474610933","properties":{"building":"terrace"},"geometry":{"type":"Polygon","coordinates":[[[125.266843,43.811059],[125.267199,43.811009],[125.267158,43.810856],[125.266802,43.810905],[125.266843,43.811059]]]}},{"type":"Feature","id":"way/1474610934","properties":{"building":"terrace"},"geometry":{"type":"Polygon","coordinates":[[[125.265813,43.811201],[125.266804,43.811063],[125.266762,43.810907],[125.265771,43.811045],[125.265813,43.811201]]]}},{"type":"Feature","id":"way/1474610935","properties":{"building":"terrace"},"geometry":{"type":"Polygon","coordinates":[[[125.265184,43.811268],[125.265681,43.811199],[125.265641,43.811051],[125.265144,43.811121],[125.265184,43.811268]]]}},{"type":"Feature","id":"way/1474610936","properties":{"building":"terrace"},"geometry":{"type":"Polygon","coordinates":[[[125.264672,43.811327],[125.265147,43.811261],[125.26511,43.811124],[125.264635,43.81119],[125.264672,43.811327]]]}},{"type":"Feature","id":"way/1474610937","properties":{"building":"terrace"},"geometry":{"type":"Polygon","coordinates":[[[125.264127,43.811531],[125.264536,43.811474],[125.264492,43.81131],[125.264083,43.811367],[125.264127,43.811531]]]}},{"type":"Feature","id":"way/1474610938","properties":{"building":"terrace"},"geometry":{"type":"Polygon","coordinates":[[[125.263565,43.811501],[125.263992,43.811442],[125.26395,43.811285],[125.263523,43.811345],[125.263565,43.811501]]]}},{"type":"Feature","id":"way/1474610939","properties":{"building":"terrace"},"geometry":{"type":"Polygon","coordinates":[[[125.265204,43.810381],[125.265531,43.810336],[125.265495,43.810201],[125.265168,43.810246],[125.265204,43.810381]]]}},{"type":"Feature","id":"way/1474610940","properties":{"building":"terrace"},"geometry":{"type":"Polygon","coordinates":[[[125.264689,43.810449],[125.265169,43.810382],[125.265133,43.810246],[125.264652,43.810313],[125.264689,43.810449]]]}},{"type":"Feature","id":"way/1474610941","properties":{"building":"terrace"},"geometry":{"type":"Polygon","coordinates":[[[125.263593,43.810312],[125.263925,43.810266],[125.26389,43.810133],[125.263558,43.810179],[125.263593,43.810312]]]}},{"type":"Feature","id":"way/1474610942","properties":{"building":"terrace"},"geometry":{"type":"Polygon","coordinates":[[[125.263489,43.810616],[125.263943,43.810552],[125.263906,43.810415],[125.263452,43.810478],[125.263489,43.810616]]]}},{"type":"Feature","id":"way/1474610943","properties":{"building":"terrace"},"geometry":{"type":"Polygon","coordinates":[[[125.265406,43.810644],[125.265866,43.81058],[125.265824,43.810422],[125.265364,43.810486],[125.265406,43.810644]]]}},{"type":"Feature","id":"way/1474610944","properties":{"building":"terrace"},"geometry":{"type":"Polygon","coordinates":[[[125.264733,43.810734],[125.265368,43.810645],[125.265327,43.810494],[125.264693,43.810582],[125.264733,43.810734]]]}},{"type":"Feature","id":"way/1474610945","properties":{"building":"terrace"},"geometry":{"type":"Polygon","coordinates":[[[125.264079,43.810827],[125.264692,43.810741],[125.264653,43.810595],[125.26404,43.810681],[125.264079,43.810827]]]}},{"type":"Feature","id":"way/1474610946","properties":{"building":"terrace"},"geometry":{"type":"Polygon","coordinates":[[[125.265475,43.810916],[125.265941,43.810851],[125.265905,43.810717],[125.265439,43.810783],[125.265475,43.810916]]]}},{"type":"Feature","id":"way/1474610947","properties":{"building":"terrace"},"geometry":{"type":"Polygon","coordinates":[[[125.264816,43.81101],[125.265422,43.810925],[125.265386,43.810792],[125.264781,43.810876],[125.264816,43.81101]]]}},{"type":"Feature","id":"way/1474610948","properties":{"building":"terrace"},"geometry":{"type":"Polygon","coordinates":[[[125.264153,43.811104],[125.264767,43.811018],[125.264732,43.810886],[125.264117,43.810972],[125.264153,43.811104]]]}},{"type":"Feature","id":"way/1474610949","properties":{"building":"terrace"},"geometry":{"type":"Polygon","coordinates":[[[125.263406,43.81091],[125.263935,43.810836],[125.263899,43.810703],[125.26337,43.810777],[125.263406,43.81091]]]}},{"type":"Feature","id":"way/1474610950","properties":{"building":"terrace"},"geometry":{"type":"Polygon","coordinates":[[[125.263477,43.811194],[125.264012,43.811119],[125.263976,43.810983],[125.26344,43.811058],[125.263477,43.811194]]]}},{"type":"Feature","id":"way/1474610951","properties":{"building":"terrace"},"geometry":{"type":"Polygon","coordinates":[[[125.262956,43.811406],[125.263352,43.811351],[125.263314,43.811209],[125.262918,43.811264],[125.262956,43.811406]]]}},{"type":"Feature","id":"way/1474610952","properties":{"building":"terrace"},"geometry":{"type":"Polygon","coordinates":[[[125.26249,43.811756],[125.263391,43.81163],[125.263352,43.811485],[125.262451,43.811611],[125.26249,43.811756]]]}},{"type":"Feature","id":"way/1474610953","properties":{"building":"terrace"},"geometry":{"type":"Polygon","coordinates":[[[125.262255,43.812073],[125.262867,43.811988],[125.262834,43.811865],[125.262222,43.811951],[125.262255,43.812073]]]}},{"type":"Feature","id":"way/1474610954","properties":{"building":"terrace"},"geometry":{"type":"Polygon","coordinates":[[[125.263148,43.811958],[125.263472,43.811913],[125.263436,43.81178],[125.263113,43.811825],[125.263148,43.811958]]]}},{"type":"Feature","id":"way/1474610955","properties":{"building":"terrace"},"geometry":{"type":"Polygon","coordinates":[[[125.263086,43.81226],[125.263551,43.812195],[125.263516,43.812064],[125.263051,43.812128],[125.263086,43.81226]]]}},{"type":"Feature","id":"way/1474610956","properties":{"building":"terrace"},"geometry":{"type":"Polygon","coordinates":[[[125.262529,43.812322],[125.263025,43.812253],[125.262991,43.812128],[125.262495,43.812198],[125.262529,43.812322]]]}},{"type":"Feature","id":"way/1474610957","properties":{"building":"terrace"},"geometry":{"type":"Polygon","coordinates":[[[125.262047,43.812392],[125.262491,43.81233],[125.262457,43.812206],[125.262014,43.812268],[125.262047,43.812392]]]}},{"type":"Feature","id":"way/1474610958","properties":{"building":"terrace"},"geometry":{"type":"Polygon","coordinates":[[[125.264312,43.812288],[125.264347,43.812416],[125.264719,43.812365],[125.264684,43.812236],[125.264312,43.812288]]]}},{"type":"Feature","id":"way/1474610959","properties":{"building":"terrace"},"geometry":{"type":"Polygon","coordinates":[[[125.263856,43.812343],[125.263893,43.81248],[125.264263,43.812428],[125.264226,43.812292],[125.263856,43.812343]]]}},{"type":"Feature","id":"way/1474610960","properties":{"building":"terrace"},"geometry":{"type":"Polygon","coordinates":[[[125.264382,43.812587],[125.264415,43.81271],[125.264784,43.812659],[125.264751,43.812535],[125.264382,43.812587]]]}},{"type":"Feature","id":"way/1474610961","properties":{"building":"terrace"},"geometry":{"type":"Polygon","coordinates":[[[125.263931,43.812643],[125.263965,43.81277],[125.264331,43.812719],[125.264297,43.812592],[125.263931,43.812643]]]}},{"type":"Feature","id":"way/1474610962","properties":{"building":"terrace"},"geometry":{"type":"Polygon","coordinates":[[[125.263002,43.812488],[125.263032,43.8126],[125.263577,43.812524],[125.263547,43.812412],[125.263002,43.812488]]]}},{"type":"Feature","id":"way/1474610963","properties":{"building":"terrace"},"geometry":{"type":"Polygon","coordinates":[[[125.262553,43.812529],[125.262587,43.812657],[125.262958,43.812605],[125.262923,43.812477],[125.262553,43.812529]]]}},{"type":"Feature","id":"way/1474610964","properties":{"building":"terrace"},"geometry":{"type":"Polygon","coordinates":[[[125.261808,43.812627],[125.261845,43.812762],[125.262526,43.812667],[125.262489,43.812532],[125.261808,43.812627]]]}},{"type":"Feature","id":"way/1474610965","properties":{"building":"terrace"},"geometry":{"type":"Polygon","coordinates":[[[125.263064,43.812754],[125.263097,43.812878],[125.263666,43.812799],[125.263632,43.812675],[125.263064,43.812754]]]}},{"type":"Feature","id":"way/1474610966","properties":{"building":"terrace"},"geometry":{"type":"Polygon","coordinates":[[[125.262632,43.812812],[125.262667,43.812942],[125.263042,43.81289],[125.263007,43.81276],[125.262632,43.812812]]]}},{"type":"Feature","id":"way/1474610967","properties":{"building":"terrace"},"geometry":{"type":"Polygon","coordinates":[[[125.262184,43.812876],[125.262218,43.813005],[125.262594,43.812953],[125.26256,43.812824],[125.262184,43.812876]]]}},{"type":"Feature","id":"way/1474610968","properties":{"building":"terrace"},"geometry":{"type":"Polygon","coordinates":[[[125.26167,43.812942],[125.261708,43.813084],[125.262146,43.813023],[125.262108,43.812881],[125.26167,43.812942]]]}},{"type":"Feature","id":"way/1474610969","properties":{"building":"terrace"},"geometry":{"type":"Polygon","coordinates":[[[125.264907,43.81399],[125.264538,43.814036],[125.264569,43.814162],[125.264937,43.814116],[125.264907,43.81399]]]}},{"type":"Feature","id":"way/1474610970","properties":{"building":"terrace"},"geometry":{"type":"Polygon","coordinates":[[[125.264492,43.813861],[125.264888,43.81381],[125.264856,43.813683],[125.264461,43.813734],[125.264492,43.813861]]]}},{"type":"Feature","id":"way/1474610971","properties":{"building":"terrace"},"geometry":{"type":"Polygon","coordinates":[[[125.263609,43.813976],[125.26443,43.813869],[125.264397,43.813735],[125.263576,43.813842],[125.263609,43.813976]]]}},{"type":"Feature","id":"way/1474610972","properties":{"building":"terrace"},"geometry":{"type":"Polygon","coordinates":[[[125.263683,43.814278],[125.2645,43.814169],[125.264468,43.814045],[125.263652,43.814154],[125.263683,43.814278]]]}},{"type":"Feature","id":"way/1474610973","properties":{"building":"terrace"},"geometry":{"type":"Polygon","coordinates":[[[125.263072,43.814359],[125.263604,43.814293],[125.263572,43.814159],[125.26304,43.814225],[125.263072,43.814359]]]}},{"type":"Feature","id":"way/1474610974","properties":{"building":"terrace"},"geometry":{"type":"Polygon","coordinates":[[[125.262992,43.814058],[125.263552,43.813991],[125.263518,43.813842],[125.262958,43.813909],[125.262992,43.814058]]]}},{"type":"Feature","id":"way/1474610975","properties":{"building":"terrace"},"geometry":{"type":"Polygon","coordinates":[[[125.262734,43.813866],[125.262145,43.813949],[125.262173,43.814053],[125.262544,43.814002],[125.262581,43.81414],[125.262521,43.814148],[125.262551,43.814257],[125.262828,43.814219],[125.262798,43.814107],[125.262688,43.814123],[125.262651,43.813986],[125.262762,43.813971],[125.262734,43.813866]]]}},{"type":"Feature","id":"way/1474610976","properties":{"landuse":"residential","name":"观澜湖别墅"},"geometry":{"type":"Polygon","coordinates":[[[125.26742,43.812313],[125.264949,43.8126],[125.264938,43.81272],[125.265153,43.81386],[125.265309,43.813952],[125.265357,43.814064],[125.265023,43.814315],[125.264941,43.81435],[125.263173,43.814582],[125.261559,43.813867],[125.261418,43.813729],[125.26136,43.813558],[125.261352,43.81328],[125.262235,43.811711],[125.263275,43.810875],[125.263266,43.810721],[125.263329,43.810327],[125.263423,43.81012],[125.263766,43.809732],[125.263886,43.809664],[125.26395,43.810529],[125.264625,43.810478],[125.264603,43.81007],[125.265102,43.810082],[125.265107,43.809973],[125.26837,43.811032],[125.26837,43.811262],[125.268386,43.811347],[125.26847,43.811465],[125.268476,43.81165],[125.267722,43.812259],[125.26742,43.812313]]]}},{"type":"Feature","id":"way/1474610977","properties":{"building":"apartments"},"geometry":{"type":"Polygon","coordinates":[[[125.261603,43.809838],[125.261609,43.809932],[125.262345,43.80991],[125.262339,43.809815],[125.261603,43.809838]]]}},{"type":"Feature","id":"way/1474610978","properties":{"building":"apartments"},"geometry":{"type":"Polygon","coordinates":[[[125.260881,43.809872],[125.260886,43.810012],[125.261339,43.810004],[125.261334,43.809863],[125.260881,43.809872]]]}},{"type":"Feature","id":"way/1474610979","properties":{"building":"apartments"},"geometry":{"type":"Polygon","coordinates":[[[125.25946,43.810526],[125.26012,43.810516],[125.260117,43.810417],[125.259457,43.810427],[125.25946,43.810526]]]}},{"type":"Feature","id":"way/1474610980","properties":{"building":"apartments"},"geometry":{"type":"Polygon","coordinates":[[[125.260937,43.81063],[125.260992,43.810738],[125.261518,43.810598],[125.261462,43.81049],[125.260937,43.81063]]]}},{"type":"Feature","id":"way/1474610981","properties":{"building":"apartments"},"geometry":{"type":"Polygon","coordinates":[[[125.260235,43.810693],[125.260233,43.810807],[125.260795,43.810812],[125.260797,43.810698],[125.260235,43.810693]]]}},{"type":"Feature","id":"way/1474610982","properties":{"building":"apartments"},"geometry":{"type":"Polygon","coordinates":[[[125.259612,43.811051],[125.259612,43.811165],[125.26017,43.811165],[125.26017,43.811051],[125.259612,43.811051]]]}},{"type":"Feature","id":"way/1474610983","properties":{"building":"apartments"},"geometry":{"type":"Polygon","coordinates":[[[125.258714,43.810936],[125.258714,43.811044],[125.259453,43.811045],[125.259453,43.810937],[125.258714,43.810936]]]}},{"type":"Feature","id":"way/1474610984","properties":{"building":"apartments"},"geometry":{"type":"Polygon","coordinates":[[[125.257829,43.811223],[125.257829,43.811326],[125.258558,43.811329],[125.258559,43.811226],[125.257829,43.811223]]]}},{"type":"Feature","id":"way/1474610985","properties":{"building":"apartments"},"geometry":{"type":"Polygon","coordinates":[[[125.257828,43.811654],[125.257827,43.811791],[125.258455,43.811793],[125.258456,43.811656],[125.257828,43.811654]]]}},{"type":"Feature","id":"way/1474610986","properties":{"building":"apartments"},"geometry":{"type":"Polygon","coordinates":[[[125.258621,43.811703],[125.25862,43.8118],[125.259553,43.811803],[125.259554,43.811705],[125.258621,43.811703]]]}},{"type":"Feature","id":"way/1474610989","properties":{"building":"yes"},"geometry":{"type":"Polygon","coordinates":[[[125.249372,43.813116],[125.249585,43.813115],[125.249579,43.812424],[125.249664,43.812423],[125.249664,43.812175],[125.249622,43.812122],[125.249525,43.812097],[125.249524,43.811971],[125.249338,43.811971],[125.24934,43.812189],[125.249364,43.812189],[125.249372,43.813116]]]}},{"type":"Feature","id":"way/1474610990","properties":{"building":"yes"},"geometry":{"type":"Polygon","coordinates":[[[125.247546,43.812298],[125.248102,43.811986],[125.24795,43.811845],[125.247395,43.812158],[125.247546,43.812298]]]}},{"type":"Feature","id":"way/1474610991","properties":{"building":"yes"},"geometry":{"type":"Polygon","coordinates":[[[125.249602,43.810663],[125.2497,43.810663],[125.2497,43.810285],[125.249602,43.810285],[125.249602,43.810663]]]}},{"type":"Feature","id":"way/1474610992","properties":{"building":"yes"},"geometry":{"type":"Polygon","coordinates":[[[125.248356,43.810897],[125.248478,43.810898],[125.248478,43.810833],[125.248356,43.810832],[125.248356,43.810897]]]}},{"type":"Feature","id":"way/1474610993","properties":{"building":"yes"},"geometry":{"type":"Polygon","coordinates":[[[125.248309,43.810664],[125.248437,43.810664],[125.248438,43.810282],[125.248311,43.810281],[125.248309,43.810664]]]}},{"type":"Feature","id":"way/1474610994","properties":{"building":"yes"},"geometry":{"type":"Polygon","coordinates":[[[125.248275,43.811068],[125.248474,43.811068],[125.248474,43.810963],[125.248275,43.810963],[125.248275,43.811068]]]}},{"type":"Feature","id":"way/1474610997","properties":{"building":"yes"},"geometry":{"type":"Polygon","coordinates":[[[125.24833,43.811782],[125.248596,43.811782],[125.248596,43.81165],[125.24833,43.81165],[125.24833,43.811782]]]}},{"type":"Feature","id":"way/1474610998","properties":{"building":"yes"},"geometry":{"type":"Polygon","coordinates":[[[125.2478,43.811243],[125.2478,43.811653],[125.248018,43.811653],[125.248018,43.811243],[125.2478,43.811243]]]}},{"type":"Feature","id":"way/1474610999","properties":{"building":"yes"},"geometry":{"type":"Polygon","coordinates":[[[125.247357,43.811083],[125.248022,43.811085],[125.248023,43.810936],[125.247357,43.810934],[125.247357,43.811083]]]}},{"type":"Feature","id":"way/1474611000","properties":{"building":"yes"},"geometry":{"type":"Polygon","coordinates":[[[125.24772,43.810935],[125.247874,43.810936],[125.247876,43.810775],[125.248,43.810775],[125.248,43.810672],[125.247585,43.810672],[125.247585,43.810775],[125.24772,43.810775],[125.24772,43.810935]]]}},{"type":"Feature","id":"way/1474611001","properties":{"building":"yes"},"geometry":{"type":"Polygon","coordinates":[[[125.246143,43.810944],[125.246143,43.811135],[125.246992,43.811135],[125.246992,43.810944],[125.246482,43.810944],[125.246533,43.810812],[125.246492,43.810759],[125.246418,43.810731],[125.246309,43.810746],[125.246245,43.810812],[125.24625,43.810871],[125.246315,43.810944],[125.246143,43.810944]]]}},{"type":"Feature","id":"way/1474611002","properties":{"building":"yes"},"geometry":{"type":"Polygon","coordinates":[[[125.246207,43.812342],[125.24662,43.812116],[125.245436,43.810991],[125.245024,43.811217],[125.246207,43.812342]]]}},{"type":"Feature","id":"way/1474611003","properties":{"building":"yes"},"geometry":{"type":"Polygon","coordinates":[[[125.247252,43.812726],[125.24668,43.812183],[125.246609,43.812222],[125.246543,43.812159],[125.246341,43.812269],[125.246409,43.812331],[125.246248,43.812419],[125.24674,43.812887],[125.246906,43.812796],[125.246986,43.812872],[125.247252,43.812726]]]}},{"type":"Feature","id":"way/1474611004","properties":{"building":"yes"},"geometry":{"type":"Polygon","coordinates":[[[125.247404,43.813459],[125.247796,43.813244],[125.247252,43.812726],[125.246859,43.812942],[125.247404,43.813459]]]}},{"type":"Feature","id":"way/1474611005","properties":{"building":"yes"},"geometry":{"type":"Polygon","coordinates":[[[125.247473,43.813506],[125.247822,43.813838],[125.248179,43.813643],[125.24783,43.813311],[125.247473,43.813506]]]}},{"type":"Feature","id":"way/1474611006","properties":{"building":"yes"},"geometry":{"type":"Polygon","coordinates":[[[125.247924,43.813936],[125.24858,43.814559],[125.248934,43.814365],[125.248278,43.813742],[125.247924,43.813936]]]}},{"type":"Feature","id":"way/1474611007","properties":{"building":"yes"},"geometry":{"type":"Polygon","coordinates":[[[125.248751,43.81475],[125.24913,43.815109],[125.249054,43.81515],[125.249249,43.815335],[125.249718,43.815078],[125.249145,43.814534],[125.248751,43.81475]]]}},{"type":"Feature","id":"way/1474611008","properties":{"building":"yes"},"geometry":{"type":"Polygon","coordinates":[[[125.249443,43.815318],[125.249938,43.815788],[125.250276,43.815602],[125.249781,43.815133],[125.249443,43.815318]]]}},{"type":"Feature","id":"way/1474611009","properties":{"building":"yes"},"geometry":{"type":"Polygon","coordinates":[[[125.25005,43.81589],[125.250529,43.816345],[125.250853,43.816168],[125.250373,43.815712],[125.25005,43.81589]]]}},{"type":"Feature","id":"way/1474611010","properties":{"building":"yes"},"geometry":{"type":"Polygon","coordinates":[[[125.25064,43.816414],[125.251344,43.817083],[125.251644,43.816918],[125.25094,43.81625],[125.25064,43.816414]]]}},{"type":"Feature","id":"way/1474611011","properties":{"building":"yes"},"geometry":{"type":"Polygon","coordinates":[[[125.251955,43.817827],[125.2521,43.817748],[125.25216,43.817804],[125.252248,43.817756],[125.252188,43.817699],[125.252359,43.817605],[125.251903,43.817172],[125.251499,43.817394],[125.251955,43.817827]]]}},{"type":"Feature","id":"way/1474611012","properties":{"building":"yes"},"geometry":{"type":"Polygon","coordinates":[[[125.252225,43.818002],[125.252293,43.818066],[125.252182,43.818126],[125.252743,43.818658],[125.253054,43.818488],[125.252863,43.818307],[125.253009,43.818227],[125.252572,43.817812],[125.252225,43.818002]]]}},{"type":"Feature","id":"way/1474611013","properties":{"building":"yes"},"geometry":{"type":"Polygon","coordinates":[[[125.253433,43.819306],[125.253664,43.819179],[125.253145,43.818686],[125.252914,43.818813],[125.253433,43.819306]]]}},{"type":"Feature","id":"way/1474611014","properties":{"building":"yes"},"geometry":{"type":"Polygon","coordinates":[[[125.254124,43.818031],[125.253952,43.818031],[125.25395,43.818388],[125.253982,43.818388],[125.253981,43.818469],[125.253951,43.818471],[125.253906,43.818427],[125.253925,43.818416],[125.253532,43.818033],[125.253448,43.818032],[125.253359,43.81808],[125.253858,43.818565],[125.253963,43.818604],[125.254061,43.818589],[125.254116,43.818538],[125.254124,43.818031]]]}},{"type":"Feature","id":"way/1474611015","properties":{"building":"yes"},"geometry":{"type":"Polygon","coordinates":[[[125.254804,43.818612],[125.254806,43.818135],[125.254754,43.818135],[125.254755,43.818054],[125.254395,43.818053],[125.254372,43.818633],[125.254804,43.818612]]]}},{"type":"Feature","id":"way/1474611016","properties":{"building":"yes"},"geometry":{"type":"Polygon","coordinates":[[[125.253235,43.817955],[125.253747,43.817957],[125.253749,43.817748],[125.253688,43.817704],[125.253679,43.817658],[125.253472,43.817545],[125.252901,43.817539],[125.252899,43.817641],[125.253235,43.817955]]]}},{"type":"Feature","id":"way/1474611017","properties":{"building":"yes"},"geometry":{"type":"Polygon","coordinates":[[[125.252462,43.817218],[125.252538,43.817176],[125.25251,43.817059],[125.252515,43.816464],[125.252605,43.816464],[125.252606,43.816336],[125.251885,43.816335],[125.251869,43.816464],[125.251749,43.816539],[125.252462,43.817218]]]}},{"type":"Feature","id":"way/1474611018","properties":{"building":"yes"},"geometry":{"type":"Polygon","coordinates":[[[125.252689,43.817422],[125.253463,43.817425],[125.253466,43.816935],[125.253276,43.816934],[125.253274,43.817279],[125.252871,43.817277],[125.252874,43.816933],[125.252692,43.816932],[125.252689,43.817422]]]}},{"type":"Feature","id":"way/1474611019","properties":{"building":"yes"},"geometry":{"type":"Polygon","coordinates":[[[125.252689,43.816344],[125.252691,43.816838],[125.252881,43.816838],[125.252879,43.816472],[125.252951,43.816471],[125.252952,43.816545],[125.253193,43.816544],[125.253193,43.816467],[125.25327,43.816467],[125.253272,43.816837],[125.253468,43.816836],[125.253465,43.816342],[125.253267,43.816342],[125.253267,43.816377],[125.253058,43.816342],[125.252921,43.816378],[125.252881,43.816378],[125.252881,43.816343],[125.252689,43.816344]]]}},{"type":"Feature","id":"way/1474611020","properties":{"leisure":"pitch"},"geometry":{"type":"Polygon","coordinates":[[[125.253909,43.817547],[125.253906,43.81785],[125.254755,43.817856],[125.254758,43.817552],[125.253909,43.817547]]]}},{"type":"Feature","id":"way/1474611021","properties":{"leisure":"pitch"},"geometry":{"type":"Polygon","coordinates":[[[125.253704,43.817401],[125.254627,43.817407],[125.254632,43.817005],[125.253709,43.816999],[125.253704,43.817401]]]}},{"type":"Feature","id":"way/1474611023","properties":{"leisure":"pitch"},"geometry":{"type":"Polygon","coordinates":[[[125.256884,43.816446],[125.256733,43.816428],[125.255717,43.816428],[125.255566,43.816446],[125.255564,43.817078],[125.255714,43.817097],[125.256731,43.817097],[125.256881,43.817079],[125.256884,43.816446]]]}},{"type":"Feature","id":"way/1474611024","properties":{"building":"yes"},"geometry":{"type":"Polygon","coordinates":[[[125.25676,43.818719],[125.25673,43.818644],[125.256664,43.818622],[125.256597,43.818718],[125.256121,43.818731],[125.255958,43.818789],[125.255958,43.818849],[125.256236,43.818888],[125.256867,43.81889],[125.256868,43.818833],[125.257059,43.818834],[125.257161,43.818758],[125.257162,43.818616],[125.257283,43.818616],[125.257285,43.818417],[125.25755,43.818418],[125.25755,43.818383],[125.257619,43.818325],[125.25762,43.818278],[125.257551,43.818277],[125.257551,43.818222],[125.257775,43.818223],[125.257776,43.81803],[125.257511,43.818029],[125.257509,43.818222],[125.257238,43.818221],[125.257237,43.818417],[125.256969,43.818416],[125.256968,43.818615],[125.256901,43.818615],[125.256861,43.818642],[125.256861,43.818719],[125.25676,43.818719]]]}},{"type":"Feature","id":"way/1474611025","properties":{"building":"yes"},"geometry":{"type":"Polygon","coordinates":[[[125.25702,43.817476],[125.257017,43.817576],[125.257078,43.817621],[125.257214,43.817623],[125.257212,43.817872],[125.257784,43.817874],[125.257785,43.817625],[125.257419,43.817624],[125.257407,43.817518],[125.257367,43.817451],[125.257269,43.817372],[125.257147,43.817328],[125.255877,43.817311],[125.255876,43.817474],[125.25702,43.817476]]]}},{"type":"Feature","id":"way/1474611026","properties":{"building":"yes"},"geometry":{"type":"Polygon","coordinates":[[[125.254678,43.816828],[125.254678,43.816362],[125.254043,43.816362],[125.254043,43.816828],[125.254678,43.816828]]]}},{"type":"Feature","id":"way/1474611027","properties":{"building":"yes"},"geometry":{"type":"Polygon","coordinates":[[[125.253835,43.814824],[125.253705,43.814824],[125.253705,43.815136],[125.253835,43.815136],[125.253835,43.814824]]]}},{"type":"Feature","id":"way/1474611028","properties":{"building":"yes"},"geometry":{"type":"Polygon","coordinates":[[[125.25393,43.815823],[125.253927,43.815447],[125.253717,43.815447],[125.25372,43.815824],[125.25393,43.815823]]]}},{"type":"Feature","id":"way/1474611029","properties":{"building":"yes"},"geometry":{"type":"Polygon","coordinates":[[[125.254135,43.815936],[125.254813,43.815933],[125.254809,43.815456],[125.25458,43.815457],[125.254583,43.815781],[125.254133,43.815783],[125.25413,43.815446],[125.253927,43.815447],[125.25393,43.815823],[125.254134,43.815822],[125.254135,43.815936]]]}},{"type":"Feature","id":"way/1474611030","properties":{"building":"yes"},"geometry":{"type":"Polygon","coordinates":[[[125.253835,43.815369],[125.254813,43.815369],[125.254813,43.814824],[125.254644,43.814824],[125.254644,43.815261],[125.254413,43.815261],[125.254413,43.814824],[125.254237,43.814824],[125.254237,43.815259],[125.254004,43.815259],[125.254004,43.814824],[125.253835,43.814824],[125.253835,43.815369]]]}},{"type":"Feature","id":"way/1474611031","properties":{"building":"yes"},"geometry":{"type":"Polygon","coordinates":[[[125.25376,43.814163],[125.253761,43.814703],[125.253925,43.814702],[125.253924,43.814235],[125.254187,43.814235],[125.254188,43.814702],[125.254367,43.814702],[125.254366,43.814238],[125.254631,43.814238],[125.254632,43.814702],[125.254795,43.814701],[125.254794,43.814162],[125.25376,43.814163]]]}},{"type":"Feature","id":"way/1474611032","properties":{"landuse":"residential","name":"栖乐荟府"},"geometry":{"type":"Polygon","coordinates":[[[125.250999,43.814135],[125.2535,43.814137],[125.253499,43.81504],[125.25112,43.815031],[125.250995,43.814948],[125.250999,43.814135]]]}},{"type":"Feature","id":"way/1474611033","properties":{"landuse":"construction","name":"中海春和玖章"},"geometry":{"type":"Polygon","coordinates":[[[125.25367,43.812302],[125.253687,43.811206],[125.250003,43.811187],[125.24999,43.81224],[125.250044,43.812292],[125.250095,43.812309],[125.251527,43.812312],[125.251537,43.813884],[125.25271,43.81389],[125.252708,43.812331],[125.253619,43.812331],[125.25367,43.812302]]]}},{"type":"Feature","id":"way/1474611034","properties":{"building":"yes"},"geometry":{"type":"Polygon","coordinates":[[[125.250848,43.810389],[125.250754,43.810345],[125.250678,43.810342],[125.250555,43.810389],[125.250143,43.810389],[125.250143,43.810887],[125.250535,43.810887],[125.250535,43.810848],[125.250864,43.810848],[125.250864,43.810887],[125.251265,43.810887],[125.251265,43.810389],[125.250848,43.810389]]]}},{"type":"Feature","id":"way/1474611035","properties":{"building":"yes"},"geometry":{"type":"Polygon","coordinates":[[[125.252231,43.811177],[125.25263,43.811177],[125.25263,43.811121],[125.252231,43.811121],[125.252231,43.811177]]]}},{"type":"Feature","id":"way/1474611036","properties":{"building":"yes"},"geometry":{"type":"Polygon","coordinates":[[[125.251603,43.811181],[125.252097,43.811184],[125.252098,43.811109],[125.251603,43.811107],[125.251603,43.811181]]]}},{"type":"Feature","id":"way/1474611037","properties":{"building":"yes"},"geometry":{"type":"Polygon","coordinates":[[[125.251404,43.810622],[125.251708,43.810619],[125.251701,43.810212],[125.251397,43.810215],[125.251404,43.810622]]]}},{"type":"Feature","id":"way/1474611038","properties":{"building":"yes"},"geometry":{"type":"Polygon","coordinates":[[[125.25232,43.810547],[125.252626,43.810548],[125.252629,43.810213],[125.252323,43.810212],[125.25232,43.810547]]]}},{"type":"Feature","id":"way/1474611039","properties":{"building":"yes"},"geometry":{"type":"Polygon","coordinates":[[[125.253005,43.810211],[125.252911,43.810211],[125.252913,43.81109],[125.253007,43.81109],[125.253005,43.810211]]]}},{"type":"Feature","id":"way/1474611040","properties":{"building":"yes"},"geometry":{"type":"Polygon","coordinates":[[[125.252447,43.81097],[125.252629,43.810971],[125.252631,43.810619],[125.25245,43.810619],[125.252447,43.81097]]]}},{"type":"Feature","id":"way/1474611041","properties":{"building":"yes"},"geometry":{"type":"Polygon","coordinates":[[[125.251843,43.810518],[125.251843,43.810878],[125.252237,43.810878],[125.252237,43.810518],[125.251843,43.810518]]]}},{"type":"Feature","id":"way/1474611042","properties":{"building":"yes"},"geometry":{"type":"Polygon","coordinates":[[[125.254806,43.810673],[125.254991,43.810674],[125.254994,43.810296],[125.25481,43.810296],[125.254806,43.810673]]]}},{"type":"Feature","id":"way/1474611043","properties":{"building":"yes"},"geometry":{"type":"Polygon","coordinates":[[[125.254262,43.810695],[125.254568,43.810696],[125.254569,43.810565],[125.254263,43.810564],[125.254262,43.810695]]]}},{"type":"Feature","id":"way/1474611044","properties":{"building":"yes"},"geometry":{"type":"Polygon","coordinates":[[[125.253257,43.810336],[125.254598,43.810342],[125.2546,43.810082],[125.25326,43.810076],[125.253257,43.810336]]]}},{"type":"Feature","id":"way/1474611045","properties":{"building":"yes"},"geometry":{"type":"Polygon","coordinates":[[[125.253366,43.810976],[125.254483,43.810981],[125.254484,43.810866],[125.253367,43.810861],[125.253366,43.810976]]]}},{"type":"Feature","id":"way/1474611046","properties":{"building":"yes"},"geometry":{"type":"Polygon","coordinates":[[[125.254922,43.810131],[125.256057,43.810136],[125.256058,43.810046],[125.254923,43.81004],[125.254922,43.810131]]]}},{"type":"Feature","id":"way/1474611047","properties":{"building":"yes"},"geometry":{"type":"Polygon","coordinates":[[[125.256318,43.810092],[125.257151,43.810096],[125.257152,43.809996],[125.256319,43.809992],[125.256318,43.810092]]]}},{"type":"Feature","id":"way/1474611048","properties":{"building":"yes"},"geometry":{"type":"Polygon","coordinates":[[[125.256953,43.810623],[125.257182,43.810625],[125.257186,43.810245],[125.256957,43.810244],[125.256953,43.810623]]]}},{"type":"Feature","id":"way/1474611049","properties":{"building":"yes"},"geometry":{"type":"Polygon","coordinates":[[[125.254742,43.810867],[125.254741,43.810955],[125.255987,43.810961],[125.255987,43.810873],[125.254742,43.810867]]]}},{"type":"Feature","id":"way/1474611050","properties":{"building":"yes"},"geometry":{"type":"Polygon","coordinates":[[[125.256115,43.810974],[125.257162,43.810961],[125.257162,43.810876],[125.256116,43.810871],[125.256115,43.810974]]]}},{"type":"Feature","id":"way/1474611051","properties":{"building":"yes"},"geometry":{"type":"Polygon","coordinates":[[[125.251361,43.812771],[125.251471,43.812773],[125.251473,43.81271],[125.251362,43.812709],[125.251361,43.812771]]]}},{"type":"Feature","id":"way/1474611052","properties":{"building":"yes"},"geometry":{"type":"Polygon","coordinates":[[[125.25027,43.812595],[125.250455,43.812686],[125.25061,43.812729],[125.25061,43.812766],[125.251078,43.812766],[125.251078,43.812727],[125.251397,43.812595],[125.25146,43.812595],[125.25146,43.812451],[125.25127,43.812451],[125.25127,43.812489],[125.251047,43.81259],[125.250705,43.812607],[125.250485,43.812542],[125.250394,43.812489],[125.250394,43.812451],[125.25021,43.812451],[125.25021,43.812595],[125.25027,43.812595]]]}},{"type":"Feature","id":"way/1474611053","properties":{"building":"yes"},"geometry":{"type":"Polygon","coordinates":[[[125.250919,43.812882],[125.250919,43.813389],[125.251462,43.813389],[125.251462,43.812882],[125.250919,43.812882]]]}},{"type":"Feature","id":"way/1474611054","properties":{"building":"yes"},"geometry":{"type":"Polygon","coordinates":[[[125.250193,43.81339],[125.250728,43.813391],[125.25073,43.812875],[125.250195,43.812874],[125.250193,43.81339]]]}},{"type":"Feature","id":"way/1474611055","properties":{"building":"yes"},"geometry":{"type":"Polygon","coordinates":[[[125.250193,43.813761],[125.250256,43.813789],[125.250304,43.813776],[125.250321,43.813745],[125.250378,43.813745],[125.250378,43.813761],[125.251463,43.813762],[125.251464,43.813486],[125.250194,43.813485],[125.250193,43.813761]]]}},{"type":"Feature","id":"way/1474611056","properties":{"building":"yes"},"geometry":{"type":"Polygon","coordinates":[[[125.25389,43.813746],[125.254206,43.813747],[125.254208,43.813348],[125.253893,43.813347],[125.25389,43.813746]]]}},{"type":"Feature","id":"way/1474611057","properties":{"building":"yes","name":"吉林大学汽车风洞实验室"},"geometry":{"type":"Polygon","coordinates":[[[125.253691,43.813325],[125.25353,43.813323],[125.253531,43.813236],[125.253414,43.813147],[125.25293,43.813143],[125.252928,43.813233],[125.253188,43.813234],[125.253186,43.81339],[125.252892,43.813388],[125.252888,43.813691],[125.253569,43.813696],[125.253568,43.813736],[125.253685,43.813737],[125.253691,43.813325]]]}},{"type":"Feature","id":"way/1474611058","properties":{"building":"yes"},"geometry":{"type":"Polygon","coordinates":[[[125.252929,43.812495],[125.252928,43.81255],[125.252885,43.81255],[125.252884,43.812632],[125.252927,43.812632],[125.252926,43.812914],[125.253403,43.812915],[125.253404,43.812807],[125.25304,43.812806],[125.253041,43.812633],[125.253852,43.812636],[125.253853,43.812557],[125.253811,43.812557],[125.253811,43.812498],[125.252929,43.812495]]]}},{"type":"Feature","id":"way/1474611059","properties":{"building":"yes"},"geometry":{"type":"Polygon","coordinates":[[[125.254309,43.813267],[125.254979,43.813267],[125.254979,43.812823],[125.254309,43.812823],[125.254309,43.812989],[125.254878,43.812989],[125.254878,43.8131],[125.254309,43.8131],[125.254309,43.813267]]]}},{"type":"Feature","id":"way/1474611060","properties":{"building":"yes","name":"长春吉大科技园高科技产业孵化大厦"},"geometry":{"type":"Polygon","coordinates":[[[125.256789,43.812428],[125.25722,43.812428],[125.257219,43.81135],[125.256787,43.81135],[125.256789,43.812428]]]}},{"type":"Feature","id":"way/1474611061","properties":{"building":"yes","name":"吉林大学科技园"},"geometry":{"type":"Polygon","coordinates":[[[125.25546,43.813578],[125.255477,43.813427],[125.255606,43.813236],[125.255704,43.813162],[125.25598,43.813034],[125.256119,43.812995],[125.256173,43.813151],[125.256348,43.813137],[125.25635,43.813062],[125.256624,43.81307],[125.25662,43.813148],[125.256777,43.813194],[125.256826,43.813072],[125.256809,43.812939],[125.256666,43.812803],[125.256774,43.812725],[125.256807,43.81275],[125.256837,43.812731],[125.256912,43.812796],[125.256972,43.812879],[125.257011,43.813065],[125.256962,43.813234],[125.256821,43.813407],[125.256613,43.813506],[125.256267,43.813591],[125.255811,43.813605],[125.255811,43.813582],[125.25546,43.813578]]]}},{"type":"Feature","id":"way/1474679078","properties":{"building":"yes","name":"长春水务集团"},"geometry":{"type":"Polygon","coordinates":[[[125.270879,43.806672],[125.271961,43.80667],[125.271959,43.806095],[125.271686,43.806096],[125.271687,43.806482],[125.271138,43.806483],[125.271137,43.806354],[125.270878,43.806354],[125.270879,43.806672]]]}},{"type":"Feature","id":"way/1474679086","properties":{"building":"yes"},"geometry":{"type":"Polygon","coordinates":[[[125.250302,43.817996],[125.250461,43.818146],[125.250604,43.818068],[125.250444,43.817917],[125.250302,43.817996]]]}},{"type":"Feature","id":"way/1474759405","properties":{"building":"yes"},"geometry":{"type":"Polygon","coordinates":[[[125.265255,43.808082],[125.265405,43.808099],[125.265404,43.808005],[125.265254,43.808006],[125.265255,43.808082]]]}},{"type":"Feature","id":"way/1474759407","properties":{"building":"yes"},"geometry":{"type":"Polygon","coordinates":[[[125.265275,43.804548],[125.265413,43.804573],[125.265482,43.804378],[125.265344,43.804353],[125.265275,43.804548]]]}},{"type":"Feature","id":"way/1474759456","properties":{"building":"yes"},"geometry":{"type":"Polygon","coordinates":[[[125.262459,43.805982],[125.262545,43.805982],[125.262545,43.805618],[125.262459,43.805618],[125.262459,43.805982]]]}},{"type":"Feature","id":"way/1474759457","properties":{"building":"yes"},"geometry":{"type":"Polygon","coordinates":[[[125.262488,43.80543],[125.26298,43.80543],[125.26298,43.805341],[125.262488,43.805341],[125.262488,43.80543]]]}},{"type":"Feature","id":"way/1474759458","properties":{"building":"yes"},"geometry":{"type":"Polygon","coordinates":[[[125.263227,43.806872],[125.263414,43.806937],[125.263446,43.806887],[125.26326,43.806823],[125.263227,43.806872]]]}},{"type":"Feature","id":"way/1474759459","properties":{"building":"yes"},"geometry":{"type":"Polygon","coordinates":[[[125.262882,43.806436],[125.263005,43.806386],[125.262901,43.806252],[125.262778,43.806302],[125.262882,43.806436]]]}},{"type":"Feature","id":"way/1474771941","properties":{"building":"yes"},"geometry":{"type":"Polygon","coordinates":[[[125.279153,43.827277],[125.2793,43.827099],[125.279214,43.827062],[125.278811,43.827055],[125.278765,43.827109],[125.279153,43.827277]]]}},{"type":"Feature","id":"way/1474910519","properties":{"building":"yes"},"geometry":{"type":"Polygon","coordinates":[[[125.258104,43.81295],[125.258177,43.813049],[125.258254,43.813019],[125.258212,43.812963],[125.258177,43.812976],[125.258146,43.812934],[125.258104,43.81295]]]}},{"type":"Feature","id":"way/1474910520","properties":{"building":"yes","amenity":"shelter"},"geometry":{"type":"Polygon","coordinates":[[[125.274642,43.810808],[125.274696,43.81081],[125.274698,43.810774],[125.274644,43.810772],[125.274642,43.810808]]]}},{"type":"Feature","id":"way/1474910521","properties":{"building":"yes","amenity":"shelter"},"geometry":{"type":"Polygon","coordinates":[[[125.274777,43.809711],[125.274815,43.809722],[125.27483,43.809694],[125.274792,43.809683],[125.274777,43.809711]]]}},{"type":"Feature","id":"way/1474910523","properties":{"natural":"water"},"geometry":{"type":"Polygon","coordinates":[[[125.274144,43.810632],[125.274182,43.810564],[125.274102,43.810536],[125.274087,43.810501],[125.274112,43.810446],[125.274188,43.810345],[125.274365,43.810214],[125.274495,43.810197],[125.274607,43.810209],[125.274906,43.81031],[125.274983,43.810369],[125.274986,43.810446],[125.274728,43.810558],[125.274444,43.81061],[125.274232,43.810578],[125.274194,43.810648],[125.274321,43.810698],[125.274366,43.810812],[125.274332,43.811074],[125.274291,43.811105],[125.274156,43.811131],[125.273814,43.811079],[125.273628,43.811084],[125.273584,43.811065],[125.27358,43.811004],[125.273833,43.810795],[125.273948,43.810607],[125.274144,43.810632]]]}},{"type":"Feature","id":"way/1474910526","properties":{"building":"yes"},"geometry":{"type":"Polygon","coordinates":[[[125.274105,43.810597],[125.274259,43.81064],[125.274278,43.810605],[125.274124,43.810562],[125.274105,43.810597]]]}},{"type":"Feature","id":"way/1474910529","properties":{"building":"yes","amenity":"toilets"},"geometry":{"type":"Polygon","coordinates":[[[125.27222,43.809736],[125.2724,43.809562],[125.272327,43.809522],[125.272147,43.809697],[125.27222,43.809736]]]}},{"type":"Feature","id":"way/1474910583","properties":{"building":"yes"},"geometry":{"type":"Polygon","coordinates":[[[125.275365,43.812147],[125.275745,43.812261],[125.275832,43.812109],[125.275741,43.812082],[125.275728,43.812105],[125.275686,43.812092],[125.275699,43.812069],[125.275613,43.812043],[125.275599,43.812066],[125.275531,43.812046],[125.275544,43.812023],[125.275452,43.811995],[125.275365,43.812147]]]}},{"type":"Feature","id":"way/1474910584","properties":{"landuse":"plant_nursery"},"geometry":{"type":"Polygon","coordinates":[[[125.286641,43.815935],[125.29292,43.817849],[125.296972,43.811574],[125.291642,43.81001],[125.291232,43.81037],[125.289679,43.809927],[125.289604,43.810376],[125.289491,43.810817],[125.289215,43.8115],[125.287627,43.814254],[125.287284,43.81482],[125.286693,43.815674],[125.286616,43.815867],[125.286641,43.815935]]]}},{"type":"Feature","id":"way/1475635388","properties":{"leisure":"pitch"},"geometry":{"type":"Polygon","coordinates":[[[125.264743,43.819675],[125.265217,43.819172],[125.266298,43.819702],[125.265824,43.820205],[125.264743,43.819675]]]}},{"type":"Feature","id":"way/1475635389","properties":{"leisure":"pitch"},"geometry":{"type":"Polygon","coordinates":[[[125.265931,43.820253],[125.266405,43.819751],[125.267476,43.820278],[125.267002,43.82078],[125.265931,43.820253]]]}},{"type":"Feature","id":"way/1475635390","properties":{"leisure":"pitch"},"geometry":{"type":"Polygon","coordinates":[[[125.26603,43.819292],[125.266227,43.819084],[125.266069,43.819006],[125.265872,43.819214],[125.26603,43.819292]]]}},{"type":"Feature","id":"way/1475635391","properties":{"leisure":"pitch"},"geometry":{"type":"Polygon","coordinates":[[[125.266228,43.819387],[125.266425,43.819178],[125.266267,43.8191],[125.26607,43.819309],[125.266228,43.819387]]]}},{"type":"Feature","id":"way/1475635392","properties":{"leisure":"pitch"},"geometry":{"type":"Polygon","coordinates":[[[125.266418,43.819482],[125.266615,43.819274],[125.266457,43.819196],[125.26626,43.819404],[125.266418,43.819482]]]}},{"type":"Feature","id":"way/1475635393","properties":{"leisure":"pitch"},"geometry":{"type":"Polygon","coordinates":[[[125.266609,43.819577],[125.266806,43.819368],[125.266648,43.81929],[125.266451,43.819499],[125.266609,43.819577]]]}},{"type":"Feature","id":"way/1475635394","properties":{"leisure":"pitch"},"geometry":{"type":"Polygon","coordinates":[[[125.266845,43.81932],[125.267042,43.819111],[125.266884,43.819034],[125.266687,43.819242],[125.266845,43.81932]]]}},{"type":"Feature","id":"way/1475635395","properties":{"leisure":"pitch"},"geometry":{"type":"Polygon","coordinates":[[[125.266654,43.819225],[125.266851,43.819017],[125.266693,43.818939],[125.266496,43.819147],[125.266654,43.819225]]]}},{"type":"Feature","id":"way/1475635396","properties":{"leisure":"pitch"},"geometry":{"type":"Polygon","coordinates":[[[125.266464,43.81913],[125.266661,43.818921],[125.266503,43.818844],[125.266306,43.819052],[125.266464,43.81913]]]}},{"type":"Feature","id":"way/1475635397","properties":{"leisure":"pitch"},"geometry":{"type":"Polygon","coordinates":[[[125.266266,43.819035],[125.266463,43.818827],[125.266305,43.818749],[125.266108,43.818957],[125.266266,43.819035]]]}},{"type":"Feature","id":"way/1475635398","properties":{"leisure":"pitch"},"geometry":{"type":"Polygon","coordinates":[[[125.267182,43.819856],[125.267379,43.819647],[125.267221,43.819569],[125.267024,43.819778],[125.267182,43.819856]]]}},{"type":"Feature","id":"way/1475635399","properties":{"leisure":"pitch"},"geometry":{"type":"Polygon","coordinates":[[[125.266995,43.819763],[125.267192,43.819555],[125.267034,43.819477],[125.266837,43.819685],[125.266995,43.819763]]]}},{"type":"Feature","id":"way/1475635400","properties":{"leisure":"pitch"},"geometry":{"type":"Polygon","coordinates":[[[125.266796,43.819668],[125.266994,43.81946],[125.266835,43.819382],[125.266638,43.81959],[125.266796,43.819668]]]}},{"type":"Feature","id":"way/1475635401","properties":{"leisure":"pitch"},"geometry":{"type":"Polygon","coordinates":[[[125.26742,43.819599],[125.267617,43.819391],[125.267459,43.819313],[125.267262,43.819521],[125.26742,43.819599]]]}},{"type":"Feature","id":"way/1475635402","properties":{"leisure":"pitch"},"geometry":{"type":"Polygon","coordinates":[[[125.267231,43.819506],[125.267428,43.819298],[125.26727,43.81922],[125.267073,43.819429],[125.267231,43.819506]]]}},{"type":"Feature","id":"way/1475635403","properties":{"leisure":"pitch"},"geometry":{"type":"Polygon","coordinates":[[[125.267037,43.819414],[125.267235,43.819205],[125.267076,43.819127],[125.266879,43.819336],[125.267037,43.819414]]]}},{"type":"Feature","id":"way/1475635404","properties":{"leisure":"pitch"},"geometry":{"type":"Polygon","coordinates":[[[125.266362,43.818705],[125.266557,43.818497],[125.266707,43.81857],[125.266512,43.818779],[125.266362,43.818705]]]}},{"type":"Feature","id":"way/1475635405","properties":{"leisure":"pitch"},"geometry":{"type":"Polygon","coordinates":[[[125.26655,43.8188],[125.266745,43.818592],[125.266895,43.818665],[125.266699,43.818873],[125.26655,43.8188]]]}},{"type":"Feature","id":"way/1475635406","properties":{"leisure":"pitch"},"geometry":{"type":"Polygon","coordinates":[[[125.266738,43.818891],[125.266933,43.818683],[125.267083,43.818756],[125.266887,43.818964],[125.266738,43.818891]]]}},{"type":"Feature","id":"way/1475635407","properties":{"leisure":"pitch"},"geometry":{"type":"Polygon","coordinates":[[[125.266931,43.818985],[125.267127,43.818777],[125.267276,43.81885],[125.267081,43.819058],[125.266931,43.818985]]]}},{"type":"Feature","id":"way/1475635408","properties":{"leisure":"pitch"},"geometry":{"type":"Polygon","coordinates":[[[125.267123,43.81908],[125.267318,43.818872],[125.267468,43.818945],[125.267273,43.819153],[125.267123,43.81908]]]}},{"type":"Feature","id":"way/1475635409","properties":{"leisure":"pitch"},"geometry":{"type":"Polygon","coordinates":[[[125.26731,43.81917],[125.267505,43.818962],[125.267655,43.819035],[125.26746,43.819243],[125.26731,43.81917]]]}},{"type":"Feature","id":"way/1475635410","properties":{"leisure":"pitch"},"geometry":{"type":"Polygon","coordinates":[[[125.267497,43.81926],[125.267692,43.819052],[125.267842,43.819125],[125.267646,43.819333],[125.267497,43.81926]]]}},{"type":"Feature","id":"way/1476060018","properties":{"leisure":"pitch"},"geometry":{"type":"Polygon","coordinates":[[[125.2676,43.8214],[125.267775,43.821112],[125.2676,43.821056],[125.267425,43.821344],[125.2676,43.8214]]]}},{"type":"Feature","id":"way/1476060019","properties":{"leisure":"pitch"},"geometry":{"type":"Polygon","coordinates":[[[125.267777,43.821456],[125.267952,43.821168],[125.267775,43.821112],[125.2676,43.8214],[125.267777,43.821456]]]}},{"type":"Feature","id":"way/1476060020","properties":{"leisure":"pitch"},"geometry":{"type":"Polygon","coordinates":[[[125.267981,43.821521],[125.268157,43.821233],[125.267981,43.821177],[125.267806,43.821465],[125.267981,43.821521]]]}},{"type":"Feature","id":"way/1476060021","properties":{"leisure":"pitch"},"geometry":{"type":"Polygon","coordinates":[[[125.268158,43.821577],[125.268334,43.821289],[125.268157,43.821233],[125.267981,43.821521],[125.268158,43.821577]]]}},{"type":"Feature","id":"way/1476060022","properties":{"leisure":"pitch"},"geometry":{"type":"Polygon","coordinates":[[[125.268083,43.821763],[125.268257,43.821818],[125.268396,43.821591],[125.268221,43.821535],[125.268083,43.821763]]]}},{"type":"Feature","id":"way/1476060023","properties":{"leisure":"pitch"},"geometry":{"type":"Polygon","coordinates":[[[125.268257,43.821818],[125.268428,43.821873],[125.268567,43.821645],[125.268396,43.821591],[125.268257,43.821818]]]}},{"type":"Feature","id":"way/1476060024","properties":{"leisure":"pitch"},"geometry":{"type":"Polygon","coordinates":[[[125.268407,43.821572],[125.268579,43.821626],[125.268717,43.821398],[125.268546,43.821344],[125.268407,43.821572]]]}},{"type":"Feature","id":"way/1476060025","properties":{"leisure":"pitch"},"geometry":{"type":"Polygon","coordinates":[[[125.268233,43.821516],[125.268407,43.821572],[125.268546,43.821344],[125.268371,43.821289],[125.268233,43.821516]]]}},{"type":"Feature","id":"way/1476060026","properties":{"leisure":"pitch"},"geometry":{"type":"Polygon","coordinates":[[[125.268605,43.82165],[125.268822,43.821719],[125.268981,43.821459],[125.268764,43.82139],[125.268605,43.82165]]]}},{"type":"Feature","id":"way/1476060027","properties":{"leisure":"pitch"},"geometry":{"type":"Polygon","coordinates":[[[125.268845,43.821727],[125.269062,43.821796],[125.269221,43.821535],[125.269004,43.821466],[125.268845,43.821727]]]}},{"type":"Feature","id":"way/1476060028","properties":{"leisure":"pitch"},"geometry":{"type":"Polygon","coordinates":[[[125.268437,43.82193],[125.268654,43.821998],[125.268812,43.821738],[125.268595,43.821669],[125.268437,43.82193]]]}},{"type":"Feature","id":"way/1476060029","properties":{"leisure":"pitch"},"geometry":{"type":"Polygon","coordinates":[[[125.268677,43.822005],[125.268894,43.822074],[125.269052,43.821814],[125.268835,43.821745],[125.268677,43.822005]]]}},{"type":"Feature","id":"way/1476060030","properties":{"leisure":"pitch"},"geometry":{"type":"Polygon","coordinates":[[[125.269902,43.82175],[125.269744,43.822007],[125.269955,43.822074],[125.270113,43.821817],[125.269902,43.82175]]]}},{"type":"Feature","id":"way/1476060031","properties":{"leisure":"pitch"},"geometry":{"type":"Polygon","coordinates":[[[125.269666,43.821675],[125.269508,43.821933],[125.269719,43.822],[125.269876,43.821742],[125.269666,43.821675]]]}},{"type":"Feature","id":"way/1476060032","properties":{"leisure":"pitch"},"geometry":{"type":"Polygon","coordinates":[[[125.269429,43.821601],[125.269271,43.821858],[125.269482,43.821925],[125.26964,43.821668],[125.269429,43.821601]]]}},{"type":"Feature","id":"way/1476060033","properties":{"leisure":"pitch"},"geometry":{"type":"Polygon","coordinates":[[[125.269261,43.821876],[125.269103,43.822133],[125.269314,43.822201],[125.269472,43.821943],[125.269261,43.821876]]]}},{"type":"Feature","id":"way/1476060034","properties":{"leisure":"pitch"},"geometry":{"type":"Polygon","coordinates":[[[125.269498,43.82195],[125.26934,43.822208],[125.269551,43.822275],[125.269709,43.822018],[125.269498,43.82195]]]}},{"type":"Feature","id":"way/1476060035","properties":{"leisure":"pitch"},"geometry":{"type":"Polygon","coordinates":[[[125.269734,43.822025],[125.269577,43.822282],[125.269787,43.822349],[125.269945,43.822092],[125.269734,43.822025]]]}},{"type":"Feature","id":"way/1476061116","properties":{"natural":"wood"},"geometry":{"type":"Polygon","coordinates":[[[125.267385,43.817524],[125.266356,43.817341],[125.266597,43.816644],[125.267625,43.816838],[125.267666,43.816868],[125.267435,43.817503],[125.267385,43.817524]]]}},{"type":"Feature","id":"way/1476087404","properties":{"landuse":"residential","name":"南湖新村"},"geometry":{"type":"Polygon","coordinates":[[[125.295677,43.837635],[125.295723,43.837597],[125.296691,43.837611],[125.296782,43.837584],[125.297993,43.837598],[125.298004,43.837563],[125.299074,43.837572],[125.29905,43.838876],[125.298712,43.838869],[125.2987,43.8394],[125.297909,43.839396],[125.297681,43.848368],[125.297143,43.848361],[125.297151,43.848149],[125.295362,43.848141],[125.295488,43.845226],[125.295502,43.843495],[125.295566,43.843282],[125.295677,43.837635]]]}},{"type":"Feature","id":"way/1476087512","properties":{"building":"residential","name":"57栋"},"geometry":{"type":"Polygon","coordinates":[[[125.29707,43.838003],[125.29707,43.837976],[125.296842,43.837975],[125.296841,43.838075],[125.297056,43.838077],[125.297055,43.838108],[125.29738,43.83811],[125.297381,43.838005],[125.29707,43.838003]]]}},{"type":"Feature","id":"way/1476087513","properties":{"building":"residential","name":"58栋"},"geometry":{"type":"Polygon","coordinates":[[[125.297075,43.837714],[125.297075,43.837682],[125.296854,43.837681],[125.296853,43.83778],[125.297057,43.837782],[125.297057,43.837808],[125.297378,43.837811],[125.29738,43.837716],[125.297075,43.837714]]]}},{"type":"Feature","id":"way/1476087514","properties":{"building":"residential","name":"59栋"},"geometry":{"type":"Polygon","coordinates":[[[125.295772,43.837732],[125.296676,43.837739],[125.296677,43.837645],[125.295773,43.837638],[125.295772,43.837732]]]}},{"type":"Feature","id":"way/1476087515","properties":{"building":"residential","name":"60栋"},"geometry":{"type":"Polygon","coordinates":[[[125.295803,43.838093],[125.296696,43.8381],[125.296697,43.838003],[125.295804,43.837997],[125.295803,43.838093]]]}},{"type":"Feature","id":"way/1476087529","properties":{"natural":"wood"},"geometry":{"type":"Polygon","coordinates":[[[125.295434,43.837759],[125.295565,43.837764],[125.295541,43.838839],[125.2955,43.838905],[125.295322,43.838905],[125.295301,43.838864],[125.295404,43.838446],[125.295434,43.837759]]]}},{"type":"Feature","id":"way/1476196735","properties":{"building":"yes"},"geometry":{"type":"Polygon","coordinates":[[[125.292141,43.837742],[125.293507,43.837756],[125.293509,43.837636],[125.292144,43.837622],[125.292141,43.837742]]]}},{"type":"Feature","id":"way/1476196736","properties":{"building":"yes"},"geometry":{"type":"Polygon","coordinates":[[[125.292874,43.838085],[125.293503,43.838091],[125.293505,43.837963],[125.292876,43.837957],[125.292874,43.838085]]]}},{"type":"Feature","id":"way/1476196737","properties":{"building":"yes"},"geometry":{"type":"Polygon","coordinates":[[[125.292151,43.838075],[125.292769,43.838081],[125.292772,43.837953],[125.292153,43.837947],[125.292151,43.838075]]]}},{"type":"Feature","id":"way/1476196743","properties":{"landuse":"residential","name":"二二八宿舍"},"geometry":{"type":"Polygon","coordinates":[[[125.288598,43.837515],[125.289702,43.837524],[125.289696,43.838455],[125.288585,43.838447],[125.288598,43.837515]]]}},{"type":"Feature","id":"way/1476196744","properties":{"landuse":"residential","name":"万科铂萃时代"},"geometry":{"type":"Polygon","coordinates":[[[125.287616,43.838439],[125.287618,43.837507],[125.288598,43.837515],[125.288585,43.838447],[125.287616,43.838439]]]}},{"type":"Feature","id":"way/1476196745","properties":{"building":"residential"},"geometry":{"type":"Polygon","coordinates":[[[125.288723,43.837637],[125.28908,43.83764],[125.289079,43.8377],[125.28957,43.837705],[125.289572,43.837609],[125.289081,43.837604],[125.289082,43.837527],[125.288725,43.837523],[125.288723,43.837637]]]}},{"type":"Feature","id":"way/1476196746","properties":{"building":"residential"},"geometry":{"type":"Polygon","coordinates":[[[125.28872,43.838041],[125.289555,43.838049],[125.289557,43.837949],[125.288722,43.837942],[125.28872,43.838041]]]}},{"type":"Feature","id":"way/1476196749","properties":{"building":"yes"},"geometry":{"type":"Polygon","coordinates":[[[125.28768,43.837842],[125.287673,43.838263],[125.287899,43.838265],[125.287907,43.837844],[125.28768,43.837842]]]}},{"type":"Feature","id":"way/1476196750","properties":{"building":"residential"},"geometry":{"type":"Polygon","coordinates":[[[125.287684,43.837652],[125.28768,43.837842],[125.28842,43.837849],[125.288423,43.837659],[125.287684,43.837652]]]}},{"type":"Feature","id":"way/1476196755","properties":{"landuse":"residential","name":"邮电家苑"},"geometry":{"type":"Polygon","coordinates":[[[125.285924,43.838347],[125.285942,43.837456],[125.286844,43.837469],[125.28684,43.838356],[125.285924,43.838347]]]}},{"type":"Feature","id":"way/1476196756","properties":{"building":"residential"},"geometry":{"type":"Polygon","coordinates":[[[125.286021,43.837912],[125.286637,43.837917],[125.286635,43.838032],[125.28678,43.838033],[125.286784,43.837815],[125.286023,43.837808],[125.286021,43.837912]]]}},{"type":"Feature","id":"way/1476196757","properties":{"building":"yes"},"geometry":{"type":"Polygon","coordinates":[[[125.286022,43.837739],[125.286705,43.837746],[125.286706,43.837685],[125.286023,43.837679],[125.286022,43.837739]]]}},{"type":"Feature","id":"way/1476196758","properties":{"building":"yes"},"geometry":{"type":"Polygon","coordinates":[[[125.286068,43.838082],[125.286558,43.838086],[125.28656,43.83799],[125.286069,43.837985],[125.286068,43.838082]]]}},{"type":"Feature","id":"way/1476196760","properties":{"building":"residential"},"geometry":{"type":"Polygon","coordinates":[[[125.286026,43.837614],[125.286797,43.837621],[125.286799,43.837518],[125.286028,43.837511],[125.286026,43.837614]]]}},{"type":"Feature","id":"way/1476196768","properties":{"building":"commercial","name":"力旺广场"},"geometry":{"type":"Polygon","coordinates":[[[125.283946,43.839676],[125.284497,43.839681],[125.284522,43.838285],[125.284724,43.838138],[125.285603,43.838146],[125.28561,43.8378],[125.284739,43.837792],[125.284742,43.837643],[125.283983,43.837636],[125.283946,43.839676]]]}},{"type":"Feature","id":"way/1476196808","properties":{"building":"yes"},"geometry":{"type":"Polygon","coordinates":[[[125.291276,43.838417],[125.291556,43.83842],[125.291565,43.837946],[125.291285,43.837944],[125.291276,43.838417]]]}},{"type":"Feature","id":"way/1478484601","properties":{"building":"yes","name":"长春吉春泉温泉度假酒店"},"geometry":{"type":"Polygon","coordinates":[[[125.296277,43.819806],[125.29641,43.819581],[125.297542,43.819929],[125.297409,43.820154],[125.296277,43.819806]]]}},{"type":"Feature","id":"way/1478484602","properties":{"landuse":"residential","name":"奥威5514小区"},"geometry":{"type":"Polygon","coordinates":[[[125.295807,43.824935],[125.297768,43.824957],[125.297802,43.824334],[125.297116,43.82433],[125.297134,43.823412],[125.297638,43.823409],[125.297844,43.823526],[125.297858,43.823269],[125.299285,43.823307],[125.299423,43.821772],[125.29716,43.821071],[125.29718,43.821047],[125.295915,43.820672],[125.295852,43.820774],[125.295807,43.824935]]]}},{"type":"Feature","id":"way/1478484603","properties":{"landuse":"residential","name":"赏心园"},"geometry":{"type":"Polygon","coordinates":[[[125.295807,43.824935],[125.295817,43.825252],[125.296606,43.825262],[125.296609,43.825294],[125.296787,43.825301],[125.296814,43.824946],[125.295807,43.824935]]]}},{"type":"Feature","id":"way/1478484610","properties":{"landuse":"residential","name":"蔚山家园"},"geometry":{"type":"Polygon","coordinates":[[[125.293217,43.817611],[125.294433,43.815742],[125.296787,43.816455],[125.295895,43.818021],[125.295854,43.818007],[125.295652,43.818345],[125.293217,43.817611]]]}},{"type":"Feature","id":"way/1478740102","properties":{"landuse":"residential","name":"天安第一城"},"geometry":{"type":"Polygon","coordinates":[[[125.275539,43.837065],[125.267524,43.836988],[125.26724,43.836965],[125.265968,43.836295],[125.267819,43.834356],[125.269748,43.832265],[125.270134,43.83187],[125.27048,43.83163],[125.270905,43.831414],[125.270876,43.831387],[125.272814,43.830571],[125.274498,43.830568],[125.274492,43.83028],[125.275713,43.830305],[125.275539,43.837065]]]}},{"type":"Feature","id":"way/1478740107","properties":{"building":"yes"},"geometry":{"type":"Polygon","coordinates":[[[125.277993,43.832577],[125.277973,43.832635],[125.27812,43.832662],[125.278144,43.832593],[125.278073,43.83258],[125.278091,43.832529],[125.277991,43.832512],[125.27797,43.832573],[125.277993,43.832577]]]}},{"type":"Feature","id":"way/1478740108","properties":{"building":"yes"},"geometry":{"type":"Polygon","coordinates":[[[125.278591,43.832827],[125.27863,43.832716],[125.278437,43.832664],[125.278402,43.832761],[125.278436,43.832768],[125.278425,43.832797],[125.278591,43.832827]]]}},{"type":"Feature","id":"way/1478740109","properties":{"building":"yes"},"geometry":{"type":"Polygon","coordinates":[[[125.278528,43.833005],[125.278591,43.832827],[125.278425,43.832797],[125.278362,43.832975],[125.278528,43.833005]]]}},{"type":"Feature","id":"way/1478740110","properties":{"building":"yes"},"geometry":{"type":"Polygon","coordinates":[[[125.278162,43.833469],[125.278351,43.833504],[125.278528,43.833005],[125.278339,43.83297],[125.278162,43.833469]]]}},{"type":"Feature","id":"way/1478740111","properties":{"building":"yes"},"geometry":{"type":"Polygon","coordinates":[[[125.277691,43.83336],[125.277818,43.833383],[125.277978,43.832923],[125.277851,43.8329],[125.277691,43.83336]]]}},{"type":"Feature","id":"way/1478740114","properties":{"building":"yes"},"geometry":{"type":"Polygon","coordinates":[[[125.280962,43.834964],[125.281384,43.83497],[125.281387,43.834868],[125.280965,43.834862],[125.280962,43.834964]]]}},{"type":"Feature","id":"way/1478740115","properties":{"building":"yes"},"geometry":{"type":"Polygon","coordinates":[[[125.280171,43.834948],[125.280169,43.834997],[125.280437,43.835001],[125.280438,43.834951],[125.280913,43.834958],[125.280916,43.834842],[125.280036,43.83483],[125.280033,43.834946],[125.280171,43.834948]]]}},{"type":"Feature","id":"way/1478740116","properties":{"building":"yes"},"geometry":{"type":"Polygon","coordinates":[[[125.280234,43.834654],[125.280884,43.834663],[125.280887,43.834561],[125.280237,43.834552],[125.280234,43.834654]]]}},{"type":"Feature","id":"way/1478740117","properties":{"building":"yes"},"geometry":{"type":"Polygon","coordinates":[[[125.28007,43.834271],[125.280914,43.834283],[125.280916,43.834204],[125.280072,43.834192],[125.28007,43.834271]]]}},{"type":"Feature","id":"way/1478740118","properties":{"building":"yes"},"geometry":{"type":"Polygon","coordinates":[[[125.28027,43.833928],[125.280899,43.833937],[125.280901,43.83386],[125.280272,43.833852],[125.28027,43.833928]]]}},{"type":"Feature","id":"way/1478740119","properties":{"building":"yes"},"geometry":{"type":"Polygon","coordinates":[[[125.282618,43.834205],[125.282717,43.834206],[125.282724,43.833886],[125.282452,43.833883],[125.282447,43.834139],[125.282618,43.834205]]]}},{"type":"Feature","id":"way/1478740120","properties":{"building":"residential"},"geometry":{"type":"Polygon","coordinates":[[[125.281666,43.833429],[125.282469,43.833435],[125.282471,43.833332],[125.281667,43.833326],[125.281666,43.833429]]]}},{"type":"Feature","id":"way/1478740121","properties":{"building":"yes"},"geometry":{"type":"Polygon","coordinates":[[[125.282565,43.833464],[125.282735,43.833466],[125.282756,43.832464],[125.282389,43.832459],[125.282387,43.832574],[125.282583,43.832577],[125.282565,43.833464]]]}},{"type":"Feature","id":"way/1478740122","properties":{"building":"yes"},"geometry":{"type":"Polygon","coordinates":[[[125.281608,43.832586],[125.281905,43.832593],[125.281911,43.832447],[125.281615,43.83244],[125.281608,43.832586]]]}},{"type":"Feature","id":"way/1478740123","properties":{"building":"residential"},"geometry":{"type":"Polygon","coordinates":[[[125.28151,43.832799],[125.282428,43.833054],[125.282478,43.832961],[125.28156,43.832706],[125.28151,43.832799]]]}},{"type":"Feature","id":"way/1478740124","properties":{"building":"residential"},"geometry":{"type":"Polygon","coordinates":[[[125.280747,43.832878],[125.281442,43.832894],[125.281447,43.83278],[125.280752,43.832764],[125.280747,43.832878]]]}},{"type":"Feature","id":"way/1478740125","properties":{"building":"residential"},"geometry":{"type":"Polygon","coordinates":[[[125.280766,43.832515],[125.281449,43.832531],[125.281454,43.832419],[125.280771,43.832403],[125.280766,43.832515]]]}},{"type":"Feature","id":"way/1478740126","properties":{"building":"yes"},"geometry":{"type":"Polygon","coordinates":[[[125.282256,43.832341],[125.282516,43.832344],[125.282518,43.832269],[125.282257,43.832267],[125.282256,43.832341]]]}},{"type":"Feature","id":"way/1478740127","properties":{"building":"yes"},"geometry":{"type":"Polygon","coordinates":[[[125.281642,43.832364],[125.28196,43.832366],[125.281963,43.832233],[125.281644,43.83223],[125.281642,43.832364]]]}},{"type":"Feature","id":"way/1478740128","properties":{"building":"yes"},"geometry":{"type":"Polygon","coordinates":[[[125.280902,43.832387],[125.28118,43.832389],[125.281185,43.832089],[125.281279,43.83209],[125.281283,43.831823],[125.280961,43.83182],[125.280958,43.832022],[125.28082,43.832021],[125.280817,43.832182],[125.281035,43.832184],[125.281034,43.832221],[125.280904,43.83222],[125.280902,43.832387]]]}},{"type":"Feature","id":"way/1478740129","properties":{"building":"yes"},"geometry":{"type":"Polygon","coordinates":[[[125.281111,43.831716],[125.282452,43.831728],[125.282457,43.831446],[125.282502,43.831417],[125.281593,43.830732],[125.281555,43.830758],[125.281124,43.830754],[125.281122,43.830902],[125.281553,43.830906],[125.282237,43.83142],[125.282235,43.831556],[125.281114,43.831546],[125.281111,43.831716]]]}},{"type":"Feature","id":"way/1478740130","properties":{"building":"yes"},"geometry":{"type":"Polygon","coordinates":[[[125.281114,43.831493],[125.281537,43.831497],[125.281545,43.831009],[125.281122,43.831006],[125.281114,43.831493]]]}},{"type":"Feature","id":"way/1478740131","properties":{"building":"yes"},"geometry":{"type":"Polygon","coordinates":[[[125.280772,43.830838],[125.280919,43.830839],[125.280925,43.830476],[125.280778,43.830475],[125.280772,43.830838]]]}},{"type":"Feature","id":"way/1478740142","properties":{"building":"residential"},"geometry":{"type":"Polygon","coordinates":[[[125.279409,43.832673],[125.279409,43.832688],[125.279592,43.832689],[125.279591,43.832711],[125.279801,43.832713],[125.279803,43.83259],[125.279612,43.832588],[125.279613,43.832566],[125.279433,43.832564],[125.279433,43.832542],[125.279242,43.83254],[125.27924,43.832671],[125.279409,43.832673]]]}},{"type":"Feature","id":"way/1478740143","properties":{"building":"residential"},"geometry":{"type":"Polygon","coordinates":[[[125.279823,43.832947],[125.280429,43.832952],[125.280431,43.832814],[125.279826,43.832808],[125.279823,43.832947]]]}},{"type":"Feature","id":"way/1478740144","properties":{"building":"yes"},"geometry":{"type":"Polygon","coordinates":[[[125.280542,43.832325],[125.280705,43.832326],[125.280709,43.832138],[125.280545,43.832137],[125.280542,43.832325]]]}},{"type":"Feature","id":"way/1478740145","properties":{"building":"residential"},"geometry":{"type":"Polygon","coordinates":[[[125.279876,43.832522],[125.28044,43.832527],[125.280442,43.832406],[125.279878,43.832401],[125.279876,43.832522]]]}},{"type":"Feature","id":"way/1478740146","properties":{"building":"residential"},"geometry":{"type":"Polygon","coordinates":[[[125.277839,43.832084],[125.278579,43.83209],[125.278582,43.83196],[125.277841,43.831954],[125.277839,43.832084]]]}},{"type":"Feature","id":"way/1478740147","properties":{"building":"residential"},"geometry":{"type":"Polygon","coordinates":[[[125.278575,43.832381],[125.279218,43.832387],[125.27922,43.832259],[125.278577,43.832254],[125.278575,43.832381]]]}},{"type":"Feature","id":"way/1478740148","properties":{"building":"residential"},"geometry":{"type":"Polygon","coordinates":[[[125.278716,43.831974],[125.279447,43.83198],[125.279449,43.831849],[125.278718,43.831843],[125.278716,43.831974]]]}},{"type":"Feature","id":"way/1478740149","properties":{"building":"residential"},"geometry":{"type":"Polygon","coordinates":[[[125.279742,43.832125],[125.280441,43.832131],[125.280443,43.832009],[125.279744,43.832003],[125.279742,43.832125]]]}},{"type":"Feature","id":"way/1478740150","properties":{"building":"yes"},"geometry":{"type":"Polygon","coordinates":[[[125.280558,43.83193],[125.280698,43.831935],[125.280707,43.83179],[125.280568,43.831785],[125.280558,43.83193]]]}},{"type":"Feature","id":"way/1478740151","properties":{"building":"yes"},"geometry":{"type":"Polygon","coordinates":[[[125.280562,43.831547],[125.280708,43.831548],[125.28071,43.831413],[125.280565,43.831411],[125.280562,43.831547]]]}},{"type":"Feature","id":"way/1478740152","properties":{"building":"residential"},"geometry":{"type":"Polygon","coordinates":[[[125.279755,43.831728],[125.280454,43.831734],[125.280456,43.831607],[125.279757,43.831601],[125.279755,43.831728]]]}},{"type":"Feature","id":"way/1478740153","properties":{"building":"residential"},"geometry":{"type":"Polygon","coordinates":[[[125.278835,43.831513],[125.279557,43.831519],[125.279559,43.831381],[125.278837,43.831375],[125.278835,43.831513]]]}},{"type":"Feature","id":"way/1478740154","properties":{"building":"residential"},"geometry":{"type":"Polygon","coordinates":[[[125.279995,43.831374],[125.280473,43.831378],[125.280475,43.831254],[125.279997,43.83125],[125.279995,43.831374]]]}},{"type":"Feature","id":"way/1478740155","properties":{"building":"yes"},"geometry":{"type":"Polygon","coordinates":[[[125.278975,43.831306],[125.279354,43.83131],[125.279355,43.83121],[125.279086,43.831208],[125.279087,43.831132],[125.278977,43.831131],[125.278975,43.831306]]]}},{"type":"Feature","id":"way/1478740156","properties":{"building":"residential"},"geometry":{"type":"Polygon","coordinates":[[[125.279546,43.831237],[125.279841,43.831239],[125.279843,43.831098],[125.279548,43.831096],[125.279546,43.831237]]]}},{"type":"Feature","id":"way/1478740157","properties":{"building":"residential"},"geometry":{"type":"Polygon","coordinates":[[[125.279995,43.830999],[125.280685,43.831004],[125.280687,43.830881],[125.279997,43.830876],[125.279995,43.830999]]]}},{"type":"Feature","id":"way/1478740158","properties":{"building":"residential"},"geometry":{"type":"Polygon","coordinates":[[[125.278819,43.831052],[125.279353,43.831056],[125.279355,43.830924],[125.278821,43.83092],[125.278819,43.831052]]]}},{"type":"Feature","id":"way/1478740159","properties":{"building":"residential"},"geometry":{"type":"Polygon","coordinates":[[[125.279827,43.830593],[125.280705,43.830601],[125.280707,43.830486],[125.279829,43.830478],[125.279827,43.830593]]]}},{"type":"Feature","id":"way/1478740160","properties":{"building":"residential"},"geometry":{"type":"Polygon","coordinates":[[[125.278822,43.830598],[125.279565,43.830604],[125.279567,43.830469],[125.278824,43.830463],[125.278822,43.830598]]]}},{"type":"Feature","id":"way/1478740161","properties":{"building":"yes"},"geometry":{"type":"Polygon","coordinates":[[[125.277927,43.831729],[125.278643,43.831735],[125.278646,43.831552],[125.27793,43.831546],[125.277927,43.831729]]]}},{"type":"Feature","id":"way/1478740162","properties":{"building":"yes"},"geometry":{"type":"Polygon","coordinates":[[[125.278615,43.831481],[125.2787,43.831482],[125.278706,43.831136],[125.278502,43.831134],[125.278498,43.831323],[125.278054,43.831319],[125.278052,43.831477],[125.278615,43.831481]]]}},{"type":"Feature","id":"way/1478740163","properties":{"building":"yes"},"geometry":{"type":"Polygon","coordinates":[[[125.278024,43.831043],[125.278718,43.831049],[125.278724,43.830692],[125.27803,43.830686],[125.278024,43.831043]]]}},{"type":"Feature","id":"way/1478740164","properties":{"building":"yes"},"geometry":{"type":"Polygon","coordinates":[[[125.278048,43.830624],[125.278709,43.83063],[125.278711,43.830493],[125.278222,43.830489],[125.278222,43.830471],[125.27805,43.830469],[125.278048,43.830624]]]}},{"type":"Feature","id":"way/1478740165","properties":{"building":"yes"},"geometry":{"type":"Polygon","coordinates":[[[125.276414,43.830345],[125.276669,43.830347],[125.27667,43.830274],[125.276415,43.830272],[125.276414,43.830345]]]}},{"type":"Feature","id":"way/1478740166","properties":{"building":"yes"},"geometry":{"type":"Polygon","coordinates":[[[125.276845,43.83066],[125.277022,43.830661],[125.277023,43.83062],[125.277254,43.830622],[125.277252,43.830733],[125.277406,43.830735],[125.277408,43.830624],[125.277641,43.830625],[125.27764,43.830667],[125.277803,43.830668],[125.277805,43.830517],[125.277644,43.830515],[125.277644,43.830491],[125.277017,43.830486],[125.277016,43.83051],[125.276847,43.830509],[125.276845,43.83066]]]}},{"type":"Feature","id":"way/1478740167","properties":{"building":"yes"},"geometry":{"type":"Polygon","coordinates":[[[125.276578,43.830604],[125.276577,43.830675],[125.276712,43.830677],[125.276715,43.830521],[125.276604,43.83052],[125.276605,43.830475],[125.276124,43.830471],[125.276122,43.8306],[125.276578,43.830604]]]}},{"type":"Feature","id":"way/1478740168","properties":{"building":"yes"},"geometry":{"type":"Polygon","coordinates":[[[125.276391,43.830755],[125.276393,43.830648],[125.276176,43.830647],[125.276174,43.830753],[125.276085,43.830752],[125.276083,43.830875],[125.2764,43.830877],[125.276391,43.830755]]]}},{"type":"Feature","id":"way/1478740169","properties":{"building":"yes"},"geometry":{"type":"Polygon","coordinates":[[[125.276345,43.831208],[125.27635,43.830877],[125.276083,43.830875],[125.276078,43.831205],[125.276345,43.831208]]]}},{"type":"Feature","id":"way/1478740170","properties":{"building":"yes"},"geometry":{"type":"Polygon","coordinates":[[[125.276363,43.831472],[125.27696,43.831477],[125.276961,43.831355],[125.276377,43.83135],[125.276332,43.831316],[125.276333,43.831246],[125.276159,43.831245],[125.276157,43.831368],[125.276274,43.831454],[125.276364,43.831455],[125.276363,43.831472]]]}},{"type":"Feature","id":"way/1478740171","properties":{"building":"yes"},"geometry":{"type":"Polygon","coordinates":[[[125.277007,43.831464],[125.277708,43.83147],[125.27771,43.831359],[125.277009,43.831353],[125.277007,43.831464]]]}},{"type":"Feature","id":"way/1478740179","properties":{"building":"yes"},"geometry":{"type":"Polygon","coordinates":[[[125.276278,43.832139],[125.276281,43.831899],[125.276023,43.831897],[125.276019,43.832136],[125.276278,43.832139]]]}},{"type":"Feature","id":"way/1478740180","properties":{"building":"yes"},"geometry":{"type":"Polygon","coordinates":[[[125.276012,43.832428],[125.276267,43.832431],[125.276269,43.832266],[125.276015,43.832264],[125.276012,43.832428]]]}},{"type":"Feature","id":"way/1478740181","properties":{"building":"yes"},"geometry":{"type":"Polygon","coordinates":[[[125.276021,43.832843],[125.276248,43.832845],[125.276252,43.832616],[125.276025,43.832614],[125.276021,43.832843]]]}},{"type":"Feature","id":"way/1478740182","properties":{"building":"yes"},"geometry":{"type":"Polygon","coordinates":[[[125.276019,43.832971],[125.276016,43.833132],[125.276243,43.833134],[125.276245,43.832973],[125.276019,43.832971]]]}},{"type":"Feature","id":"way/1478740183","properties":{"building":"yes"},"geometry":{"type":"Polygon","coordinates":[[[125.275999,43.833556],[125.276223,43.833558],[125.276226,43.833325],[125.276003,43.833323],[125.275999,43.833556]]]}},{"type":"Feature","id":"way/1478740184","properties":{"building":"yes"},"geometry":{"type":"Polygon","coordinates":[[[125.275997,43.833683],[125.275994,43.833846],[125.276218,43.833848],[125.276221,43.833685],[125.275997,43.833683]]]}},{"type":"Feature","id":"way/1478740185","properties":{"building":"residential"},"geometry":{"type":"Polygon","coordinates":[[[125.276214,43.834415],[125.276676,43.83442],[125.276679,43.83429],[125.275958,43.834284],[125.275956,43.834413],[125.276214,43.834415]]]}},{"type":"Feature","id":"way/1478740186","properties":{"building":"yes"},"geometry":{"type":"Polygon","coordinates":[[[125.276218,43.834286],[125.276222,43.83406],[125.275995,43.834058],[125.275991,43.834284],[125.276218,43.834286]]]}},{"type":"Feature","id":"way/1478740187","properties":{"building":"yes"},"geometry":{"type":"Polygon","coordinates":[[[125.275956,43.834413],[125.275953,43.834577],[125.276212,43.834579],[125.276214,43.834415],[125.275956,43.834413]]]}},{"type":"Feature","id":"way/1478740188","properties":{"building":"yes"},"geometry":{"type":"Polygon","coordinates":[[[125.277648,43.83175],[125.277833,43.831752],[125.277836,43.831573],[125.277651,43.831572],[125.277648,43.83175]]]}},{"type":"Feature","id":"way/1478740189","properties":{"building":"residential"},"geometry":{"type":"Polygon","coordinates":[[[125.276976,43.831908],[125.277678,43.831914],[125.27768,43.831794],[125.276978,43.831788],[125.276976,43.831908]]]}},{"type":"Feature","id":"way/1478740190","properties":{"building":"residential"},"geometry":{"type":"Polygon","coordinates":[[[125.276058,43.831897],[125.276789,43.831904],[125.276791,43.831781],[125.27606,43.831775],[125.276058,43.831897]]]}},{"type":"Feature","id":"way/1478740191","properties":{"building":"residential"},"geometry":{"type":"Polygon","coordinates":[[[125.276052,43.832264],[125.276784,43.83227],[125.276786,43.832143],[125.276054,43.832137],[125.276052,43.832264]]]}},{"type":"Feature","id":"way/1478740192","properties":{"building":"residential"},"geometry":{"type":"Polygon","coordinates":[[[125.27699,43.832261],[125.277721,43.832267],[125.277723,43.832151],[125.276992,43.832144],[125.27699,43.832261]]]}},{"type":"Feature","id":"way/1478740193","properties":{"building":"yes"},"geometry":{"type":"Polygon","coordinates":[[[125.277785,43.832437],[125.277956,43.832439],[125.277959,43.832258],[125.277788,43.832257],[125.277785,43.832437]]]}},{"type":"Feature","id":"way/1478740194","properties":{"building":"residential"},"geometry":{"type":"Polygon","coordinates":[[[125.27716,43.832622],[125.277796,43.832627],[125.277798,43.832505],[125.277162,43.832499],[125.27716,43.832622]]]}},{"type":"Feature","id":"way/1478740195","properties":{"building":"residential"},"geometry":{"type":"Polygon","coordinates":[[[125.276032,43.832614],[125.276892,43.832622],[125.276894,43.832496],[125.276034,43.832489],[125.276032,43.832614]]]}},{"type":"Feature","id":"way/1478740196","properties":{"building":"residential"},"geometry":{"type":"Polygon","coordinates":[[[125.277278,43.832975],[125.277637,43.832978],[125.277639,43.832861],[125.27728,43.832858],[125.277278,43.832975]]]}},{"type":"Feature","id":"way/1478740197","properties":{"building":"residential"},"geometry":{"type":"Polygon","coordinates":[[[125.276019,43.832971],[125.277049,43.83298],[125.277051,43.832852],[125.276021,43.832843],[125.276019,43.832971]]]}},{"type":"Feature","id":"way/1478740198","properties":{"building":"residential"},"geometry":{"type":"Polygon","coordinates":[[[125.277278,43.833335],[125.27757,43.833337],[125.277572,43.833216],[125.27728,43.833213],[125.277278,43.833335]]]}},{"type":"Feature","id":"way/1478740199","properties":{"building":"residential"},"geometry":{"type":"Polygon","coordinates":[[[125.276,43.833323],[125.277028,43.833332],[125.27703,43.833209],[125.276002,43.8332],[125.276,43.833323]]]}},{"type":"Feature","id":"way/1478740200","properties":{"building":"residential"},"geometry":{"type":"Polygon","coordinates":[[[125.275997,43.833683],[125.276804,43.83369],[125.276806,43.833563],[125.275999,43.833556],[125.275997,43.833683]]]}},{"type":"Feature","id":"way/1478740201","properties":{"building":"residential"},"geometry":{"type":"Polygon","coordinates":[[[125.277773,43.833601],[125.277773,43.833587],[125.277129,43.833581],[125.277126,43.833706],[125.278039,43.833725],[125.278041,43.833603],[125.277773,43.833601]]]}},{"type":"Feature","id":"way/1478740202","properties":{"building":"residential"},"geometry":{"type":"Polygon","coordinates":[[[125.276906,43.834064],[125.277886,43.834073],[125.277888,43.833948],[125.276909,43.83394],[125.276906,43.834064]]]}},{"type":"Feature","id":"way/1478740203","properties":{"building":"residential"},"geometry":{"type":"Polygon","coordinates":[[[125.276005,43.834059],[125.276683,43.834064],[125.276685,43.83394],[125.276007,43.833935],[125.276005,43.834059]]]}},{"type":"Feature","id":"way/1478740204","properties":{"building":"residential"},"geometry":{"type":"Polygon","coordinates":[[[125.276874,43.834417],[125.277784,43.834424],[125.277786,43.834305],[125.276876,43.834297],[125.276874,43.834417]]]}},{"type":"Feature","id":"way/1478740205","properties":{"building":"residential"},"geometry":{"type":"Polygon","coordinates":[[[125.276877,43.834779],[125.277662,43.834786],[125.277664,43.834658],[125.276879,43.834652],[125.276877,43.834779]]]}},{"type":"Feature","id":"way/1478740206","properties":{"building":"residential"},"geometry":{"type":"Polygon","coordinates":[[[125.275974,43.834767],[125.27665,43.834772],[125.276652,43.834652],[125.275976,43.834646],[125.275974,43.834767]]]}},{"type":"Feature","id":"way/1478740213","properties":{"landuse":"residential","name":"前卫小区"},"geometry":{"type":"Polygon","coordinates":[[[125.279734,43.835036],[125.281434,43.835055],[125.281442,43.834819],[125.281083,43.834689],[125.281112,43.833865],[125.281145,43.83377],[125.280284,43.833387],[125.279734,43.835036]]]}},{"type":"Feature","id":"way/1478771742","properties":{"building":"residential"},"geometry":{"type":"Polygon","coordinates":[[[125.274726,43.83397],[125.275495,43.833967],[125.275494,43.833845],[125.274725,43.833847],[125.274726,43.83397]]]}},{"type":"Feature","id":"way/1478771743","properties":{"building":"residential"},"geometry":{"type":"Polygon","coordinates":[[[125.274718,43.834326],[125.275495,43.834323],[125.275494,43.834204],[125.274717,43.834206],[125.274718,43.834326]]]}},{"type":"Feature","id":"way/1478771744","properties":{"building":"residential"},"geometry":{"type":"Polygon","coordinates":[[[125.274589,43.834688],[125.275491,43.834685],[125.27549,43.834563],[125.274588,43.834566],[125.274589,43.834688]]]}},{"type":"Feature","id":"way/1478771745","properties":{"building":"residential"},"geometry":{"type":"Polygon","coordinates":[[[125.274586,43.835037],[125.275467,43.835034],[125.275466,43.834914],[125.274586,43.834917],[125.274586,43.835037]]]}},{"type":"Feature","id":"way/1478771746","properties":{"building":"residential"},"geometry":{"type":"Polygon","coordinates":[[[125.274578,43.835378],[125.275448,43.835375],[125.275447,43.835261],[125.274578,43.835264],[125.274578,43.835378]]]}},{"type":"Feature","id":"way/1478771747","properties":{"building":"residential"},"geometry":{"type":"Polygon","coordinates":[[[125.274564,43.83572],[125.275441,43.835717],[125.275441,43.835599],[125.274563,43.835602],[125.274564,43.83572]]]}},{"type":"Feature","id":"way/1478771748","properties":{"building":"residential"},"geometry":{"type":"Polygon","coordinates":[[[125.274556,43.836078],[125.275446,43.836075],[125.275445,43.835955],[125.274555,43.835958],[125.274556,43.836078]]]}},{"type":"Feature","id":"way/1478771749","properties":{"building":"residential"},"geometry":{"type":"Polygon","coordinates":[[[125.273768,43.835046],[125.274327,43.835044],[125.274326,43.834904],[125.273767,43.834906],[125.273768,43.835046]]]}},{"type":"Feature","id":"way/1478771750","properties":{"building":"residential"},"geometry":{"type":"Polygon","coordinates":[[[125.273717,43.835345],[125.274425,43.835343],[125.274424,43.835227],[125.273717,43.83523],[125.273717,43.835345]]]}},{"type":"Feature","id":"way/1478771751","properties":{"building":"residential"},"geometry":{"type":"Polygon","coordinates":[[[125.273731,43.83568],[125.274422,43.835678],[125.274421,43.835557],[125.27373,43.835559],[125.273731,43.83568]]]}},{"type":"Feature","id":"way/1478771752","properties":{"building":"residential"},"geometry":{"type":"Polygon","coordinates":[[[125.273849,43.836016],[125.274387,43.836014],[125.274387,43.835894],[125.273848,43.835895],[125.273849,43.836016]]]}},{"type":"Feature","id":"way/1478771753","properties":{"building":"residential"},"geometry":{"type":"Polygon","coordinates":[[[125.272768,43.835347],[125.273463,43.835345],[125.273462,43.835221],[125.272767,43.835224],[125.272768,43.835347]]]}},{"type":"Feature","id":"way/1478771754","properties":{"building":"residential"},"geometry":{"type":"Polygon","coordinates":[[[125.272768,43.835682],[125.273453,43.835679],[125.273452,43.835546],[125.272767,43.835549],[125.272768,43.835682]]]}},{"type":"Feature","id":"way/1478771755","properties":{"building":"residential"},"geometry":{"type":"Polygon","coordinates":[[[125.272803,43.836007],[125.273329,43.836005],[125.273328,43.835889],[125.272802,43.835891],[125.272803,43.836007]]]}},{"type":"Feature","id":"way/1478771756","properties":{"building":"residential"},"geometry":{"type":"Polygon","coordinates":[[[125.271743,43.836003],[125.272538,43.836],[125.272537,43.835858],[125.271742,43.835861],[125.271743,43.836003]]]}},{"type":"Feature","id":"way/1478771757","properties":{"building":"residential"},"geometry":{"type":"Polygon","coordinates":[[[125.271797,43.835684],[125.272538,43.835681],[125.272537,43.835546],[125.271796,43.835549],[125.271797,43.835684]]]}},{"type":"Feature","id":"way/1478771758","properties":{"building":"residential"},"geometry":{"type":"Polygon","coordinates":[[[125.271519,43.835366],[125.272617,43.835362],[125.272616,43.835225],[125.271518,43.835229],[125.271519,43.835366]]]}},{"type":"Feature","id":"way/1478771759","properties":{"building":"yes"},"geometry":{"type":"Polygon","coordinates":[[[125.268234,43.83423],[125.26854,43.834229],[125.268539,43.83406],[125.268232,43.834061],[125.268234,43.83423]]]}},{"type":"Feature","id":"way/1478771760","properties":{"building":"yes"},"geometry":{"type":"Polygon","coordinates":[[[125.268031,43.834544],[125.268607,43.834542],[125.268606,43.834388],[125.26803,43.83439],[125.268031,43.834544]]]}},{"type":"Feature","id":"way/1478771761","properties":{"building":"residential"},"geometry":{"type":"Polygon","coordinates":[[[125.267653,43.834813],[125.268545,43.83479],[125.268544,43.834697],[125.267652,43.8347],[125.267653,43.834813]]]}},{"type":"Feature","id":"way/1478771762","properties":{"building":"residential"},"geometry":{"type":"Polygon","coordinates":[[[125.267623,43.835252],[125.268346,43.835249],[125.268346,43.835154],[125.26723,43.835158],[125.26723,43.835269],[125.267623,43.835267],[125.267623,43.835252]]]}},{"type":"Feature","id":"way/1478771763","properties":{"building":"residential"},"geometry":{"type":"Polygon","coordinates":[[[125.266769,43.835774],[125.268189,43.835769],[125.268188,43.835668],[125.266768,43.835673],[125.266769,43.835774]]]}},{"type":"Feature","id":"way/1478771764","properties":{"building":"yes"},"geometry":{"type":"Polygon","coordinates":[[[125.266689,43.836248],[125.266688,43.836122],[125.266298,43.836135],[125.266299,43.836306],[125.266395,43.836305],[125.266395,43.836348],[125.26669,43.836348],[125.266689,43.836248]]]}},{"type":"Feature","id":"way/1478771765","properties":{"building":"residential"},"geometry":{"type":"Polygon","coordinates":[[[125.267513,43.836245],[125.267514,43.836339],[125.268251,43.836337],[125.26825,43.836242],[125.267513,43.836245]]]}},{"type":"Feature","id":"way/1478771766","properties":{"building":"residential"},"geometry":{"type":"Polygon","coordinates":[[[125.26669,43.836357],[125.267514,43.836354],[125.267513,43.836245],[125.266689,43.836248],[125.26669,43.836357]]]}},{"type":"Feature","id":"way/1478771767","properties":{"building":"yes"},"geometry":{"type":"Polygon","coordinates":[[[125.267527,43.836769],[125.267525,43.836478],[125.266891,43.836481],[125.266891,43.836579],[125.267007,43.836624],[125.267094,43.836624],[125.267094,43.836677],[125.267191,43.836676],[125.267192,43.836724],[125.267299,43.836724],[125.267299,43.83677],[125.267527,43.836769]]]}},{"type":"Feature","id":"way/1478771768","properties":{"building":"yes"},"geometry":{"type":"Polygon","coordinates":[[[125.269021,43.836813],[125.26902,43.836722],[125.268867,43.836723],[125.268868,43.836813],[125.269021,43.836813]]]}},{"type":"Feature","id":"way/1478771769","properties":{"building":"residential"},"geometry":{"type":"Polygon","coordinates":[[[125.268571,43.836795],[125.268571,43.836821],[125.268868,43.836819],[125.268867,43.836705],[125.267526,43.836711],[125.267527,43.836821],[125.267821,43.83682],[125.267821,43.836797],[125.268571,43.836795]]]}},{"type":"Feature","id":"way/1478771770","properties":{"building":"residential"},"geometry":{"type":"Polygon","coordinates":[[[125.269021,43.836813],[125.269763,43.83681],[125.269762,43.83672],[125.26902,43.836722],[125.269021,43.836813]]]}},{"type":"Feature","id":"way/1478771771","properties":{"building":"residential"},"geometry":{"type":"Polygon","coordinates":[[[125.273749,43.836879],[125.27537,43.836874],[125.27537,43.836756],[125.273749,43.836761],[125.273749,43.836879]]]}},{"type":"Feature","id":"way/1478771772","properties":{"building":"residential"},"geometry":{"type":"Polygon","coordinates":[[[125.273693,43.836562],[125.275427,43.836556],[125.275426,43.83644],[125.273692,43.836446],[125.273693,43.836562]]]}},{"type":"Feature","id":"way/1478771773","properties":{"building":"residential"},"geometry":{"type":"Polygon","coordinates":[[[125.272379,43.836849],[125.273309,43.836845],[125.273308,43.836731],[125.272378,43.836734],[125.272379,43.836849]]]}},{"type":"Feature","id":"way/1478771774","properties":{"building":"residential"},"geometry":{"type":"Polygon","coordinates":[[[125.271525,43.83643],[125.273086,43.836424],[125.273086,43.836317],[125.271524,43.836323],[125.271525,43.83643]]]}},{"type":"Feature","id":"way/1478771775","properties":{"building":"residential"},"geometry":{"type":"Polygon","coordinates":[[[125.271358,43.836846],[125.272282,43.836842],[125.272281,43.836736],[125.271358,43.836739],[125.271358,43.836846]]]}},{"type":"Feature","id":"way/1478771776","properties":{"building":"residential"},"geometry":{"type":"Polygon","coordinates":[[[125.270108,43.836841],[125.271264,43.836837],[125.271263,43.836734],[125.270108,43.836738],[125.270108,43.836841]]]}},{"type":"Feature","id":"way/1478771777","properties":{"building":"residential"},"geometry":{"type":"Polygon","coordinates":[[[125.270379,43.836519],[125.271413,43.836515],[125.271412,43.836426],[125.270379,43.836429],[125.270379,43.836519]]]}},{"type":"Feature","id":"way/1478771778","properties":{"building":"residential"},"geometry":{"type":"Polygon","coordinates":[[[125.268487,43.836218],[125.269951,43.836213],[125.26995,43.836112],[125.268486,43.836117],[125.268487,43.836218]]]}},{"type":"Feature","id":"way/1478771779","properties":{"building":"residential"},"geometry":{"type":"Polygon","coordinates":[[[125.270088,43.836199],[125.270088,43.836109],[125.271405,43.836105],[125.271406,43.836195],[125.270088,43.836199]]]}},{"type":"Feature","id":"way/1478771780","properties":{"building":"terrace"},"geometry":{"type":"Polygon","coordinates":[[[125.270912,43.835936],[125.271374,43.835935],[125.271373,43.835818],[125.270911,43.83582],[125.270912,43.835936]]]}},{"type":"Feature","id":"way/1478771781","properties":{"building":"terrace"},"geometry":{"type":"Polygon","coordinates":[[[125.270293,43.83594],[125.270856,43.835938],[125.270855,43.835817],[125.270293,43.835819],[125.270293,43.83594]]]}},{"type":"Feature","id":"way/1478771782","properties":{"building":"terrace"},"geometry":{"type":"Polygon","coordinates":[[[125.269693,43.835937],[125.270249,43.835935],[125.270248,43.835813],[125.269692,43.835815],[125.269693,43.835937]]]}},{"type":"Feature","id":"way/1478771783","properties":{"building":"terrace"},"geometry":{"type":"Polygon","coordinates":[[[125.269087,43.835939],[125.269643,43.835937],[125.269642,43.835813],[125.269086,43.835815],[125.269087,43.835939]]]}},{"type":"Feature","id":"way/1478771784","properties":{"building":"terrace"},"geometry":{"type":"Polygon","coordinates":[[[125.268505,43.835935],[125.268992,43.835934],[125.268991,43.835815],[125.268504,43.835817],[125.268505,43.835935]]]}},{"type":"Feature","id":"way/1478771785","properties":{"building":"terrace"},"geometry":{"type":"Polygon","coordinates":[[[125.268546,43.835642],[125.268976,43.835641],[125.268975,43.835522],[125.268545,43.835524],[125.268546,43.835642]]]}},{"type":"Feature","id":"way/1478771786","properties":{"building":"terrace"},"geometry":{"type":"Polygon","coordinates":[[[125.269065,43.835642],[125.269523,43.835641],[125.269522,43.835521],[125.269064,43.835523],[125.269065,43.835642]]]}},{"type":"Feature","id":"way/1478771787","properties":{"building":"terrace"},"geometry":{"type":"Polygon","coordinates":[[[125.269576,43.835644],[125.270048,43.835642],[125.270047,43.835515],[125.269575,43.835517],[125.269576,43.835644]]]}},{"type":"Feature","id":"way/1478771788","properties":{"building":"terrace"},"geometry":{"type":"Polygon","coordinates":[[[125.27011,43.835643],[125.270583,43.835642],[125.270582,43.835515],[125.270109,43.835517],[125.27011,43.835643]]]}},{"type":"Feature","id":"way/1478771789","properties":{"building":"terrace"},"geometry":{"type":"Polygon","coordinates":[[[125.270625,43.835637],[125.271084,43.835636],[125.271083,43.835522],[125.270624,43.835524],[125.270625,43.835637]]]}},{"type":"Feature","id":"way/1478771790","properties":{"building":"terrace"},"geometry":{"type":"Polygon","coordinates":[[[125.270297,43.835341],[125.270855,43.835339],[125.270854,43.835213],[125.270297,43.835215],[125.270297,43.835341]]]}},{"type":"Feature","id":"way/1478771791","properties":{"building":"terrace"},"geometry":{"type":"Polygon","coordinates":[[[125.26978,43.835345],[125.270247,43.835344],[125.270247,43.835217],[125.269779,43.835219],[125.26978,43.835345]]]}},{"type":"Feature","id":"way/1478771792","properties":{"building":"terrace"},"geometry":{"type":"Polygon","coordinates":[[[125.269168,43.835347],[125.269719,43.835345],[125.269718,43.835221],[125.269167,43.835223],[125.269168,43.835347]]]}},{"type":"Feature","id":"way/1478771793","properties":{"building":"terrace"},"geometry":{"type":"Polygon","coordinates":[[[125.268726,43.835342],[125.269106,43.835341],[125.269105,43.835213],[125.268725,43.835214],[125.268726,43.835342]]]}},{"type":"Feature","id":"way/1478771794","properties":{"building":"yes"},"geometry":{"type":"Polygon","coordinates":[[[125.273414,43.834654],[125.273785,43.834653],[125.273785,43.834611],[125.274115,43.83461],[125.274114,43.834441],[125.273948,43.834441],[125.273948,43.834412],[125.27381,43.834412],[125.27381,43.834372],[125.273772,43.834372],[125.27377,43.834079],[125.273724,43.834079],[125.273614,43.834016],[125.273538,43.834021],[125.273453,43.83408],[125.273219,43.834081],[125.273221,43.834444],[125.273058,43.834444],[125.273059,43.834614],[125.273414,43.834613],[125.273414,43.834654]]]}},{"type":"Feature","id":"way/1478771795","properties":{"building":"house"},"geometry":{"type":"Polygon","coordinates":[[[125.269548,43.833653],[125.269709,43.833653],[125.269707,43.833436],[125.269546,43.833436],[125.269548,43.833653]]]}},{"type":"Feature","id":"way/1478771796","properties":{"building":"house"},"geometry":{"type":"Polygon","coordinates":[[[125.269369,43.833653],[125.269508,43.833653],[125.269506,43.83343],[125.269368,43.83343],[125.269369,43.833653]]]}},{"type":"Feature","id":"way/1478771797","properties":{"building":"house"},"geometry":{"type":"Polygon","coordinates":[[[125.269214,43.833659],[125.26934,43.833659],[125.269339,43.833431],[125.269212,43.833431],[125.269214,43.833659]]]}},{"type":"Feature","id":"way/1478771798","properties":{"building":"house"},"geometry":{"type":"Polygon","coordinates":[[[125.269049,43.833659],[125.269171,43.833659],[125.26917,43.83343],[125.269047,43.83343],[125.269049,43.833659]]]}},{"type":"Feature","id":"way/1478771799","properties":{"building":"terrace"},"geometry":{"type":"Polygon","coordinates":[[[125.269276,43.835],[125.269608,43.834999],[125.269607,43.834811],[125.269274,43.834812],[125.269276,43.835]]]}},{"type":"Feature","id":"way/1478771800","properties":{"building":"terrace"},"geometry":{"type":"Polygon","coordinates":[[[125.268751,43.835007],[125.269231,43.835005],[125.26923,43.834787],[125.26875,43.834789],[125.268751,43.835007]]]}},{"type":"Feature","id":"way/1478771801","properties":{"building":"house"},"geometry":{"type":"Polygon","coordinates":[[[125.268951,43.834291],[125.269063,43.83429],[125.269062,43.834125],[125.26895,43.834126],[125.268951,43.834291]]]}},{"type":"Feature","id":"way/1478771802","properties":{"building":"house"},"geometry":{"type":"Polygon","coordinates":[[[125.268793,43.834269],[125.268897,43.834269],[125.268896,43.834123],[125.268792,43.834124],[125.268793,43.834269]]]}},{"type":"Feature","id":"way/1478771803","properties":{"building":"house"},"geometry":{"type":"Polygon","coordinates":[[[125.269458,43.834649],[125.269587,43.834648],[125.269585,43.834462],[125.269457,43.834462],[125.269458,43.834649]]]}},{"type":"Feature","id":"way/1478771804","properties":{"building":"house"},"geometry":{"type":"Polygon","coordinates":[[[125.269339,43.834633],[125.269442,43.834632],[125.269441,43.834448],[125.269337,43.834449],[125.269339,43.834633]]]}},{"type":"Feature","id":"way/1478771805","properties":{"building":"house"},"geometry":{"type":"Polygon","coordinates":[[[125.269227,43.834633],[125.269339,43.834633],[125.269337,43.834444],[125.269226,43.834444],[125.269227,43.834633]]]}},{"type":"Feature","id":"way/1478771806","properties":{"building":"house"},"geometry":{"type":"Polygon","coordinates":[[[125.269077,43.834615],[125.269182,43.834614],[125.26918,43.834433],[125.269076,43.834433],[125.269077,43.834615]]]}},{"type":"Feature","id":"way/1478771807","properties":{"building":"house"},"geometry":{"type":"Polygon","coordinates":[[[125.268975,43.834615],[125.269077,43.834615],[125.269076,43.83444],[125.268974,43.83444],[125.268975,43.834615]]]}},{"type":"Feature","id":"way/1478771808","properties":{"building":"house"},"geometry":{"type":"Polygon","coordinates":[[[125.26887,43.834629],[125.268975,43.834629],[125.268974,43.834456],[125.268869,43.834457],[125.26887,43.834629]]]}},{"type":"Feature","id":"way/1478771809","properties":{"building":"house"},"geometry":{"type":"Polygon","coordinates":[[[125.268758,43.834629],[125.26887,43.834629],[125.268869,43.834464],[125.268757,43.834464],[125.268758,43.834629]]]}},{"type":"Feature","id":"way/1478771810","properties":{"building":"yes"},"geometry":{"type":"Polygon","coordinates":[[[125.269677,43.834342],[125.269949,43.83435],[125.269955,43.834241],[125.269683,43.834234],[125.269677,43.834342]]]}},{"type":"Feature","id":"way/1478771811","properties":{"building":"house"},"geometry":{"type":"Polygon","coordinates":[[[125.269934,43.834666],[125.270074,43.834665],[125.270072,43.834434],[125.269933,43.834434],[125.269934,43.834666]]]}},{"type":"Feature","id":"way/1478771812","properties":{"building":"house"},"geometry":{"type":"Polygon","coordinates":[[[125.269796,43.834666],[125.269934,43.834666],[125.269933,43.834435],[125.269794,43.834435],[125.269796,43.834666]]]}},{"type":"Feature","id":"way/1478771813","properties":{"building":"house"},"geometry":{"type":"Polygon","coordinates":[[[125.270096,43.834638],[125.270315,43.834637],[125.270285,43.83446],[125.270095,43.834461],[125.270096,43.834638]]]}},{"type":"Feature","id":"way/1478771814","properties":{"building":"house"},"geometry":{"type":"Polygon","coordinates":[[[125.269787,43.83493],[125.269918,43.83493],[125.269917,43.834839],[125.269871,43.834839],[125.269871,43.834793],[125.269786,43.834793],[125.269787,43.83493]]]}},{"type":"Feature","id":"way/1478771815","properties":{"building":"house"},"geometry":{"type":"Polygon","coordinates":[[[125.269942,43.834934],[125.270072,43.834934],[125.270071,43.834841],[125.270035,43.834841],[125.270035,43.834795],[125.269941,43.834795],[125.269942,43.834934]]]}},{"type":"Feature","id":"way/1478771816","properties":{"building":"house"},"geometry":{"type":"Polygon","coordinates":[[[125.270098,43.834956],[125.270235,43.834956],[125.270235,43.834862],[125.270198,43.834863],[125.270198,43.834816],[125.270097,43.834817],[125.270098,43.834956]]]}},{"type":"Feature","id":"way/1478771817","properties":{"building":"house"},"geometry":{"type":"Polygon","coordinates":[[[125.270311,43.834915],[125.270499,43.834914],[125.270499,43.834791],[125.27031,43.834792],[125.270311,43.834915]]]}},{"type":"Feature","id":"way/1478771818","properties":{"building":"house"},"geometry":{"type":"Polygon","coordinates":[[[125.270528,43.834926],[125.270654,43.834926],[125.270653,43.834784],[125.270527,43.834784],[125.270528,43.834926]]]}},{"type":"Feature","id":"way/1478771819","properties":{"building":"house"},"geometry":{"type":"Polygon","coordinates":[[[125.270686,43.834959],[125.270872,43.834959],[125.270871,43.834928],[125.270907,43.834928],[125.270906,43.834815],[125.270685,43.834816],[125.270686,43.834959]]]}},{"type":"Feature","id":"way/1478771820","properties":{"building":"terrace"},"geometry":{"type":"Polygon","coordinates":[[[125.272741,43.835043],[125.273387,43.835041],[125.273386,43.834903],[125.27274,43.834905],[125.272741,43.835043]]]}},{"type":"Feature","id":"way/1478771821","properties":{"building":"house"},"geometry":{"type":"Polygon","coordinates":[[[125.272446,43.835082],[125.272553,43.835082],[125.272552,43.834897],[125.272445,43.834898],[125.272446,43.835082]]]}},{"type":"Feature","id":"way/1478771822","properties":{"building":"house"},"geometry":{"type":"Polygon","coordinates":[[[125.272293,43.83508],[125.272416,43.83508],[125.272415,43.834891],[125.272292,43.834891],[125.272293,43.83508]]]}},{"type":"Feature","id":"way/1478771823","properties":{"building":"house"},"geometry":{"type":"Polygon","coordinates":[[[125.272142,43.8351],[125.272255,43.8351],[125.272257,43.834888],[125.272143,43.834888],[125.272142,43.8351]]]}},{"type":"Feature","id":"way/1478771824","properties":{"building":"house"},"geometry":{"type":"Polygon","coordinates":[[[125.271973,43.835086],[125.272096,43.835085],[125.272095,43.8349],[125.271971,43.834901],[125.271973,43.835086]]]}},{"type":"Feature","id":"way/1478771825","properties":{"building":"house"},"geometry":{"type":"Polygon","coordinates":[[[125.271714,43.835078],[125.271881,43.835078],[125.27188,43.834914],[125.271713,43.834914],[125.271714,43.835078]]]}},{"type":"Feature","id":"way/1478771826","properties":{"building":"house"},"geometry":{"type":"Polygon","coordinates":[[[125.271546,43.835085],[125.271657,43.835085],[125.271656,43.8349],[125.271545,43.834901],[125.271546,43.835085]]]}},{"type":"Feature","id":"way/1478771827","properties":{"building":"house"},"geometry":{"type":"Polygon","coordinates":[[[125.271385,43.835086],[125.271498,43.835086],[125.271496,43.83489],[125.271384,43.83489],[125.271385,43.835086]]]}},{"type":"Feature","id":"way/1478771828","properties":{"building":"house"},"geometry":{"type":"Polygon","coordinates":[[[125.271234,43.835088],[125.271361,43.835087],[125.27136,43.834894],[125.271232,43.834895],[125.271234,43.835088]]]}},{"type":"Feature","id":"way/1478771829","properties":{"building":"house"},"geometry":{"type":"Polygon","coordinates":[[[125.271002,43.835068],[125.271176,43.835068],[125.271175,43.834889],[125.271,43.834889],[125.271002,43.835068]]]}},{"type":"Feature","id":"way/1478771830","properties":{"building":"house"},"geometry":{"type":"Polygon","coordinates":[[[125.272439,43.834729],[125.272617,43.834728],[125.272617,43.834598],[125.272537,43.834598],[125.272537,43.834545],[125.272438,43.834546],[125.272439,43.834729]]]}},{"type":"Feature","id":"way/1478771831","properties":{"building":"house"},"geometry":{"type":"Polygon","coordinates":[[[125.272277,43.834722],[125.272402,43.834722],[125.2724,43.83454],[125.272276,43.834541],[125.272277,43.834722]]]}},{"type":"Feature","id":"way/1478771832","properties":{"building":"house"},"geometry":{"type":"Polygon","coordinates":[[[125.272121,43.834722],[125.272231,43.834722],[125.27223,43.834544],[125.27212,43.834545],[125.272121,43.834722]]]}},{"type":"Feature","id":"way/1478771833","properties":{"building":"house"},"geometry":{"type":"Polygon","coordinates":[[[125.271955,43.834725],[125.272074,43.834725],[125.272073,43.834534],[125.271954,43.834535],[125.271955,43.834725]]]}},{"type":"Feature","id":"way/1478771834","properties":{"building":"house"},"geometry":{"type":"Polygon","coordinates":[[[125.271699,43.834724],[125.271818,43.834724],[125.271817,43.83454],[125.271698,43.834541],[125.271699,43.834724]]]}},{"type":"Feature","id":"way/1478771835","properties":{"building":"house"},"geometry":{"type":"Polygon","coordinates":[[[125.271533,43.834725],[125.271657,43.834725],[125.271656,43.83454],[125.271531,43.834541],[125.271533,43.834725]]]}},{"type":"Feature","id":"way/1478771836","properties":{"building":"house"},"geometry":{"type":"Polygon","coordinates":[[[125.271366,43.834723],[125.271491,43.834723],[125.27149,43.83454],[125.271365,43.834541],[125.271366,43.834723]]]}},{"type":"Feature","id":"way/1478771837","properties":{"building":"house"},"geometry":{"type":"Polygon","coordinates":[[[125.271221,43.834734],[125.271337,43.834733],[125.271336,43.834536],[125.27122,43.834537],[125.271221,43.834734]]]}},{"type":"Feature","id":"way/1478771838","properties":{"building":"house"},"geometry":{"type":"Polygon","coordinates":[[[125.270992,43.834727],[125.271169,43.834726],[125.271168,43.834536],[125.270991,43.834536],[125.270992,43.834727]]]}},{"type":"Feature","id":"way/1478771839","properties":{"building":"terrace"},"geometry":{"type":"Polygon","coordinates":[[[125.271981,43.834318],[125.272435,43.834316],[125.272434,43.834139],[125.27198,43.83414],[125.271981,43.834318]]]}},{"type":"Feature","id":"way/1478771840","properties":{"building":"house"},"geometry":{"type":"Polygon","coordinates":[[[125.271859,43.834275],[125.271914,43.834275],[125.271913,43.834136],[125.271703,43.834136],[125.271704,43.834276],[125.271761,43.834275],[125.271761,43.834349],[125.271859,43.834348],[125.271859,43.834275]]]}},{"type":"Feature","id":"way/1478771841","properties":{"building":"house"},"geometry":{"type":"Polygon","coordinates":[[[125.271654,43.834216],[125.271663,43.834096],[125.271543,43.834096],[125.271544,43.834216],[125.271576,43.834216],[125.271606,43.834334],[125.271655,43.834334],[125.271654,43.834216]]]}},{"type":"Feature","id":"way/1478771842","properties":{"building":"house"},"geometry":{"type":"Polygon","coordinates":[[[125.271517,43.834232],[125.271516,43.834096],[125.271392,43.834097],[125.271393,43.834241],[125.271444,43.834241],[125.271444,43.834314],[125.271556,43.834337],[125.271556,43.834232],[125.271517,43.834232]]]}},{"type":"Feature","id":"way/1478771843","properties":{"building":"house"},"geometry":{"type":"Polygon","coordinates":[[[125.271255,43.834142],[125.271207,43.834142],[125.271208,43.834284],[125.271288,43.834284],[125.271288,43.834318],[125.271341,43.834318],[125.27135,43.834104],[125.271255,43.834104],[125.271255,43.834142]]]}},{"type":"Feature","id":"way/1478771844","properties":{"building":"house"},"geometry":{"type":"Polygon","coordinates":[[[125.271102,43.834143],[125.271076,43.834143],[125.271077,43.83423],[125.27113,43.83423],[125.27113,43.834273],[125.271186,43.834273],[125.271199,43.8341],[125.271102,43.8341],[125.271102,43.834143]]]}},{"type":"Feature","id":"way/1478771845","properties":{"building":"house"},"geometry":{"type":"Polygon","coordinates":[[[125.271026,43.83427],[125.271049,43.83427],[125.271049,43.834138],[125.270841,43.834139],[125.270842,43.83427],[125.270957,43.83427],[125.270957,43.834329],[125.271026,43.834329],[125.271026,43.83427]]]}},{"type":"Feature","id":"way/1478771846","properties":{"building":"house"},"geometry":{"type":"Polygon","coordinates":[[[125.27131,43.833974],[125.271457,43.833974],[125.271456,43.833942],[125.271498,43.833942],[125.271496,43.833752],[125.271364,43.833752],[125.271365,43.833903],[125.27131,43.833903],[125.27131,43.833974]]]}},{"type":"Feature","id":"way/1478771847","properties":{"building":"terrace"},"geometry":{"type":"Polygon","coordinates":[[[125.272046,43.833942],[125.272468,43.83394],[125.272467,43.833819],[125.272046,43.83382],[125.272046,43.833942]]]}},{"type":"Feature","id":"way/1478771848","properties":{"building":"house"},"geometry":{"type":"Polygon","coordinates":[[[125.271836,43.833912],[125.271944,43.833912],[125.271943,43.833769],[125.271835,43.83377],[125.271836,43.833912]]]}},{"type":"Feature","id":"way/1478771849","properties":{"building":"house"},"geometry":{"type":"Polygon","coordinates":[[[125.271671,43.833881],[125.2718,43.83388],[125.2718,43.833742],[125.27167,43.833743],[125.271671,43.833881]]]}},{"type":"Feature","id":"way/1478771850","properties":{"building":"house"},"geometry":{"type":"Polygon","coordinates":[[[125.271517,43.833928],[125.271645,43.833928],[125.271644,43.833773],[125.271516,43.833774],[125.271517,43.833928]]]}},{"type":"Feature","id":"way/1478771851","properties":{"building":"residential"},"geometry":{"type":"Polygon","coordinates":[[[125.270225,43.83344],[125.270321,43.833441],[125.27032,43.833501],[125.270497,43.833502],[125.270498,43.833443],[125.270574,43.833443],[125.270682,43.833467],[125.270662,43.833518],[125.270826,43.833551],[125.270845,43.8335],[125.27094,43.833519],[125.271056,43.833508],[125.271056,43.833568],[125.271221,43.833568],[125.271221,43.833508],[125.27131,43.833508],[125.27131,43.833424],[125.270946,43.833425],[125.270607,43.833357],[125.270213,43.833354],[125.269891,43.833423],[125.269925,43.833505],[125.269991,43.83349],[125.270013,43.833542],[125.270171,43.833508],[125.27015,43.833456],[125.270225,43.83344]]]}},{"type":"Feature","id":"way/1478771852","properties":{"building":"residential"},"geometry":{"type":"Polygon","coordinates":[[[125.269769,43.832802],[125.269866,43.832803],[125.269865,43.832862],[125.270042,43.832864],[125.270043,43.832804],[125.270118,43.832805],[125.270227,43.832829],[125.270207,43.83288],[125.27037,43.832912],[125.27039,43.832861],[125.270485,43.83288],[125.270601,43.832869],[125.270601,43.832929],[125.270766,43.832929],[125.270766,43.832869],[125.270855,43.832869],[125.270855,43.832786],[125.270491,43.832786],[125.270151,43.832719],[125.269758,43.832715],[125.269436,43.832785],[125.26947,43.832866],[125.269536,43.832852],[125.269557,43.832904],[125.269716,43.83287],[125.269694,43.832818],[125.269769,43.832802]]]}},{"type":"Feature","id":"way/1478771853","properties":{"building":"residential"},"geometry":{"type":"Polygon","coordinates":[[[125.270163,43.832275],[125.270229,43.832275],[125.27023,43.832328],[125.270409,43.832327],[125.270408,43.832274],[125.270599,43.832274],[125.270599,43.832326],[125.270765,43.832326],[125.270765,43.832273],[125.270849,43.832273],[125.270848,43.832184],[125.270163,43.832187],[125.270163,43.832275]]]}},{"type":"Feature","id":"way/1478771854","properties":{"building":"residential"},"geometry":{"type":"Polygon","coordinates":[[[125.270577,43.831748],[125.270643,43.831748],[125.270643,43.831801],[125.270822,43.8318],[125.270822,43.831747],[125.271012,43.831746],[125.271013,43.831799],[125.271179,43.831798],[125.271179,43.831746],[125.271262,43.831746],[125.271261,43.831657],[125.270576,43.831659],[125.270577,43.831748]]]}},{"type":"Feature","id":"way/1478771855","properties":{"building":"residential"},"geometry":{"type":"Polygon","coordinates":[[[125.27186,43.833467],[125.272444,43.833464],[125.272443,43.833351],[125.271859,43.833353],[125.27186,43.833467]]]}},{"type":"Feature","id":"way/1478771856","properties":{"building":"residential"},"geometry":{"type":"Polygon","coordinates":[[[125.271557,43.833083],[125.272445,43.83308],[125.272445,43.832967],[125.271556,43.83297],[125.271557,43.833083]]]}},{"type":"Feature","id":"way/1478771857","properties":{"building":"residential"},"geometry":{"type":"Polygon","coordinates":[[[125.271271,43.83271],[125.272453,43.832706],[125.272453,43.832592],[125.27127,43.832596],[125.271271,43.83271]]]}},{"type":"Feature","id":"way/1478771858","properties":{"building":"residential"},"geometry":{"type":"Polygon","coordinates":[[[125.271204,43.832388],[125.272449,43.832384],[125.272449,43.832258],[125.271203,43.832262],[125.271204,43.832388]]]}},{"type":"Feature","id":"way/1478771859","properties":{"building":"residential"},"geometry":{"type":"Polygon","coordinates":[[[125.272269,43.83212],[125.272473,43.832119],[125.272492,43.831957],[125.272307,43.831958],[125.272307,43.831977],[125.272268,43.831977],[125.272269,43.83212]]]}},{"type":"Feature","id":"way/1478771860","properties":{"building":"residential"},"geometry":{"type":"Polygon","coordinates":[[[125.271945,43.832124],[125.272165,43.832123],[125.272164,43.831953],[125.271944,43.831954],[125.271945,43.832124]]]}},{"type":"Feature","id":"way/1478771861","properties":{"building":"residential"},"geometry":{"type":"Polygon","coordinates":[[[125.2717,43.8321],[125.271878,43.832099],[125.271878,43.831976],[125.271849,43.831976],[125.271849,43.831944],[125.271699,43.831945],[125.2717,43.8321]]]}},{"type":"Feature","id":"way/1478771862","properties":{"building":"residential"},"geometry":{"type":"Polygon","coordinates":[[[125.271399,43.832106],[125.271487,43.832117],[125.271487,43.832088],[125.271572,43.832088],[125.271589,43.831976],[125.271489,43.831977],[125.271488,43.831955],[125.271428,43.831955],[125.271428,43.831977],[125.271398,43.831977],[125.271399,43.832106]]]}},{"type":"Feature","id":"way/1478771863","properties":{"building":"residential"},"geometry":{"type":"Polygon","coordinates":[[[125.272244,43.831815],[125.272468,43.831814],[125.272467,43.83165],[125.272243,43.83165],[125.272244,43.831815]]]}},{"type":"Feature","id":"way/1478771864","properties":{"building":"residential"},"geometry":{"type":"Polygon","coordinates":[[[125.271942,43.831817],[125.272082,43.831817],[125.272082,43.831782],[125.272171,43.831782],[125.272171,43.831675],[125.272071,43.831675],[125.272071,43.831647],[125.271941,43.831648],[125.271942,43.831817]]]}},{"type":"Feature","id":"way/1478771865","properties":{"building":"residential"},"geometry":{"type":"Polygon","coordinates":[[[125.271692,43.831787],[125.271713,43.831803],[125.271843,43.831803],[125.271843,43.831781],[125.27188,43.831781],[125.271879,43.831663],[125.271836,43.831663],[125.271836,43.831648],[125.271691,43.831661],[125.271692,43.831787]]]}},{"type":"Feature","id":"way/1478771866","properties":{"building":"house"},"geometry":{"type":"Polygon","coordinates":[[[125.273041,43.833641],[125.273148,43.833641],[125.273148,43.833598],[125.273386,43.833597],[125.273386,43.833542],[125.273335,43.833542],[125.273335,43.833506],[125.273149,43.833481],[125.27315,43.833515],[125.27304,43.833516],[125.273041,43.833641]]]}},{"type":"Feature","id":"way/1478771867","properties":{"building":"house"},"geometry":{"type":"Polygon","coordinates":[[[125.272691,43.833632],[125.272802,43.833632],[125.272802,43.83359],[125.272975,43.833579],[125.272974,43.833523],[125.272921,43.833523],[125.272921,43.833487],[125.272876,43.833487],[125.272876,43.833459],[125.272787,43.833459],[125.272787,43.833485],[125.272734,43.833486],[125.272734,43.833526],[125.27269,43.833526],[125.272691,43.833632]]]}},{"type":"Feature","id":"way/1478771868","properties":{"building":"house"},"geometry":{"type":"Polygon","coordinates":[[[125.273036,43.833266],[125.273233,43.833265],[125.273233,43.833327],[125.273433,43.833326],[125.273433,43.833205],[125.273329,43.833205],[125.273329,43.833166],[125.273149,43.833149],[125.273149,43.83318],[125.273035,43.83318],[125.273036,43.833266]]]}},{"type":"Feature","id":"way/1478771869","properties":{"building":"house"},"geometry":{"type":"Polygon","coordinates":[[[125.272695,43.833299],[125.272973,43.833269],[125.272973,43.833211],[125.272907,43.833212],[125.272907,43.833185],[125.272866,43.833186],[125.272866,43.833153],[125.272779,43.833154],[125.272779,43.83317],[125.272737,43.83317],[125.272737,43.833221],[125.272694,43.833221],[125.272695,43.833299]]]}},{"type":"Feature","id":"way/1478771870","properties":{"building":"house"},"geometry":{"type":"Polygon","coordinates":[[[125.273059,43.832964],[125.273383,43.832963],[125.273383,43.832912],[125.27334,43.832912],[125.27334,43.832879],[125.273236,43.83288],[125.273236,43.832855],[125.27315,43.832855],[125.273151,43.832884],[125.273058,43.832884],[125.273059,43.832964]]]}},{"type":"Feature","id":"way/1478771871","properties":{"building":"house"},"geometry":{"type":"Polygon","coordinates":[[[125.272698,43.833006],[125.272982,43.833005],[125.272981,43.832855],[125.272879,43.832856],[125.272879,43.832827],[125.272784,43.832827],[125.272784,43.832851],[125.272742,43.832851],[125.272743,43.832889],[125.272697,43.832889],[125.272698,43.833006]]]}},{"type":"Feature","id":"way/1478771872","properties":{"building":"house"},"geometry":{"type":"Polygon","coordinates":[[[125.273053,43.83265],[125.273393,43.832648],[125.273393,43.832569],[125.273327,43.832569],[125.273326,43.832538],[125.273254,43.832538],[125.273254,43.832513],[125.273157,43.832514],[125.273157,43.832583],[125.273129,43.832583],[125.273129,43.83249],[125.273052,43.83249],[125.273053,43.83265]]]}},{"type":"Feature","id":"way/1478771873","properties":{"building":"house"},"geometry":{"type":"Polygon","coordinates":[[[125.27267,43.832654],[125.273034,43.83263],[125.273034,43.832567],[125.272918,43.832567],[125.272918,43.83253],[125.27278,43.83251],[125.272781,43.83253],[125.272728,43.83253],[125.272728,43.832576],[125.272669,43.832577],[125.27267,43.832654]]]}},{"type":"Feature","id":"way/1478771874","properties":{"building":"house"},"geometry":{"type":"Polygon","coordinates":[[[125.273061,43.832315],[125.273399,43.832314],[125.273399,43.832225],[125.273251,43.832226],[125.273251,43.832198],[125.27306,43.832209],[125.273061,43.832315]]]}},{"type":"Feature","id":"way/1478771875","properties":{"building":"house"},"geometry":{"type":"Polygon","coordinates":[[[125.272704,43.83234],[125.272992,43.832325],[125.272991,43.832264],[125.272932,43.832265],[125.272932,43.832226],[125.272887,43.832226],[125.272886,43.8322],[125.272793,43.832201],[125.272793,43.832219],[125.272742,43.83222],[125.272743,43.832257],[125.272703,43.832257],[125.272704,43.83234]]]}},{"type":"Feature","id":"way/1478771876","properties":{"building":"house"},"geometry":{"type":"Polygon","coordinates":[[[125.273049,43.832015],[125.273389,43.832014],[125.273389,43.831896],[125.273153,43.831875],[125.273153,43.8319],[125.273049,43.8319],[125.273049,43.832015]]]}},{"type":"Feature","id":"way/1478771877","properties":{"building":"house"},"geometry":{"type":"Polygon","coordinates":[[[125.272658,43.832061],[125.27273,43.832061],[125.27273,43.832032],[125.272873,43.832031],[125.272911,43.832002],[125.273036,43.832001],[125.273035,43.831905],[125.272773,43.831883],[125.272773,43.831909],[125.272657,43.831909],[125.272658,43.832061]]]}},{"type":"Feature","id":"way/1478771878","properties":{"building":"house"},"geometry":{"type":"Polygon","coordinates":[[[125.272704,43.831689],[125.27309,43.831688],[125.27309,43.831664],[125.273165,43.831664],[125.273165,43.831621],[125.273034,43.831622],[125.273033,43.831567],[125.272946,43.831568],[125.272946,43.831597],[125.272847,43.831598],[125.272847,43.831568],[125.272734,43.831569],[125.272704,43.831689]]]}},{"type":"Feature","id":"way/1478771879","properties":{"building":"residential"},"geometry":{"type":"Polygon","coordinates":[[[125.273764,43.833579],[125.274471,43.833553],[125.27447,43.833423],[125.273763,43.833443],[125.273764,43.833579]]]}},{"type":"Feature","id":"way/1478771880","properties":{"building":"residential"},"geometry":{"type":"Polygon","coordinates":[[[125.273787,43.833139],[125.274507,43.833136],[125.274506,43.833002],[125.273786,43.833005],[125.273787,43.833139]]]}},{"type":"Feature","id":"way/1478771881","properties":{"building":"residential"},"geometry":{"type":"Polygon","coordinates":[[[125.273783,43.832758],[125.274506,43.832756],[125.274505,43.832619],[125.273782,43.832622],[125.273783,43.832758]]]}},{"type":"Feature","id":"way/1478771882","properties":{"building":"residential"},"geometry":{"type":"Polygon","coordinates":[[[125.273813,43.832328],[125.274538,43.832325],[125.274537,43.832199],[125.273812,43.832202],[125.273813,43.832328]]]}},{"type":"Feature","id":"way/1478771883","properties":{"building":"residential"},"geometry":{"type":"Polygon","coordinates":[[[125.27377,43.83189],[125.274501,43.831887],[125.274501,43.83176],[125.273769,43.831763],[125.27377,43.83189]]]}},{"type":"Feature","id":"way/1478771884","properties":{"building":"residential"},"geometry":{"type":"Polygon","coordinates":[[[125.273988,43.831415],[125.274536,43.831413],[125.274535,43.831276],[125.273987,43.831278],[125.273988,43.831415]]]}},{"type":"Feature","id":"way/1478771885","properties":{"building":"residential"},"geometry":{"type":"Polygon","coordinates":[[[125.274665,43.830629],[125.275506,43.830626],[125.275505,43.830521],[125.274665,43.830523],[125.274665,43.830629]]]}},{"type":"Feature","id":"way/1478771886","properties":{"building":"residential"},"geometry":{"type":"Polygon","coordinates":[[[125.275486,43.833369],[125.27462,43.833372],[125.274621,43.833485],[125.275487,43.833482],[125.275486,43.833369]]]}},{"type":"Feature","id":"way/1478771887","properties":{"building":"yes"},"geometry":{"type":"Polygon","coordinates":[[[125.275484,43.83305],[125.27529,43.833051],[125.275292,43.83337],[125.275486,43.833369],[125.275484,43.83305]]]}},{"type":"Feature","id":"way/1478771888","properties":{"building":"residential"},"geometry":{"type":"Polygon","coordinates":[[[125.275483,43.832938],[125.274623,43.832941],[125.274624,43.833053],[125.275484,43.83305],[125.275483,43.832938]]]}},{"type":"Feature","id":"way/1478771889","properties":{"building":"yes"},"geometry":{"type":"Polygon","coordinates":[[[125.275481,43.832616],[125.275318,43.832617],[125.27532,43.832938],[125.275483,43.832938],[125.275481,43.832616]]]}},{"type":"Feature","id":"way/1478771890","properties":{"building":"residential"},"geometry":{"type":"Polygon","coordinates":[[[125.27548,43.832503],[125.274637,43.832506],[125.274637,43.832619],[125.275481,43.832616],[125.27548,43.832503]]]}},{"type":"Feature","id":"way/1478771891","properties":{"building":"yes"},"geometry":{"type":"Polygon","coordinates":[[[125.27548,43.832381],[125.275331,43.832382],[125.275332,43.832504],[125.27548,43.832503],[125.27548,43.832381]]]}},{"type":"Feature","id":"way/1478771892","properties":{"building":"yes"},"geometry":{"type":"Polygon","coordinates":[[[125.275486,43.832133],[125.275307,43.832133],[125.275308,43.832277],[125.275487,43.832276],[125.275486,43.832133]]]}},{"type":"Feature","id":"way/1478771893","properties":{"building":"residential"},"geometry":{"type":"Polygon","coordinates":[[[125.275485,43.83201],[125.274651,43.832013],[125.274652,43.832135],[125.275486,43.832133],[125.275485,43.83201]]]}},{"type":"Feature","id":"way/1478771894","properties":{"building":"yes"},"geometry":{"type":"Polygon","coordinates":[[[125.275507,43.831651],[125.275318,43.831651],[125.27532,43.832011],[125.275485,43.83201],[125.275507,43.831651]]]}},{"type":"Feature","id":"way/1478771895","properties":{"building":"yes"},"geometry":{"type":"Polygon","coordinates":[[[125.275503,43.831051],[125.275502,43.830827],[125.275329,43.830827],[125.275331,43.831051],[125.275503,43.831051]]]}},{"type":"Feature","id":"way/1478771896","properties":{"building":"residential"},"geometry":{"type":"Polygon","coordinates":[[[125.275504,43.831169],[125.275503,43.831051],[125.274648,43.831054],[125.274649,43.831172],[125.275504,43.831169]]]}},{"type":"Feature","id":"way/1478771897","properties":{"building":"yes"},"geometry":{"type":"Polygon","coordinates":[[[125.275506,43.83153],[125.275504,43.831169],[125.275335,43.83117],[125.275337,43.83153],[125.275506,43.83153]]]}},{"type":"Feature","id":"way/1478771898","properties":{"building":"residential"},"geometry":{"type":"Polygon","coordinates":[[[125.274655,43.831533],[125.274656,43.831654],[125.275507,43.831651],[125.275506,43.83153],[125.274655,43.831533]]]}},{"type":"Feature","id":"way/1478771901","properties":{"leisure":"garden"},"geometry":{"type":"Polygon","coordinates":[[[125.273707,43.830527],[125.273579,43.830483],[125.273488,43.830506],[125.273424,43.830597],[125.273453,43.830663],[125.273546,43.830708],[125.273657,43.830698],[125.273737,43.830621],[125.273707,43.830527]]]}},{"type":"Feature","id":"way/1478771902","properties":{"building":"yes"},"geometry":{"type":"Polygon","coordinates":[[[125.27409,43.830594],[125.274097,43.830693],[125.274015,43.830834],[125.273904,43.830917],[125.273764,43.83097],[125.273764,43.831021],[125.273724,43.831021],[125.273724,43.831094],[125.273764,43.831094],[125.273764,43.831147],[125.273948,43.831099],[125.274134,43.830998],[125.27427,43.830858],[125.274339,43.830693],[125.274436,43.830693],[125.274436,43.830594],[125.27409,43.830594]]]}},{"type":"Feature","id":"way/1478771903","properties":{"building":"yes"},"geometry":{"type":"Polygon","coordinates":[[[125.272858,43.830701],[125.272907,43.830832],[125.273021,43.830966],[125.273183,43.831072],[125.273436,43.831148],[125.273436,43.831094],[125.273494,43.831094],[125.273494,43.831021],[125.273436,43.831021],[125.273436,43.830971],[125.273255,43.830896],[125.27316,43.830813],[125.273102,43.830714],[125.273108,43.830595],[125.272762,43.830595],[125.272762,43.830701],[125.272858,43.830701]]]}},{"type":"Feature","id":"way/1478788163","properties":{"building":"yes"},"geometry":{"type":"Polygon","coordinates":[[[125.287881,43.835092],[125.288278,43.835092],[125.288278,43.835006],[125.287881,43.835005],[125.287881,43.835092]]]}},{"type":"Feature","id":"way/1478788165","properties":{"leisure":"pitch"},"geometry":{"type":"Polygon","coordinates":[[[125.285656,43.834679],[125.286098,43.834681],[125.286102,43.83425],[125.28566,43.834248],[125.285656,43.834679]]]}},{"type":"Feature","id":"way/1478788183","properties":{"building":"yes"},"geometry":{"type":"Polygon","coordinates":[[[125.287262,43.830644],[125.28783,43.83065],[125.287834,43.830506],[125.287266,43.830499],[125.287262,43.830644]]]}},{"type":"Feature","id":"way/1478788186","properties":{"building":"yes"},"geometry":{"type":"Polygon","coordinates":[[[125.294624,43.834111],[125.294875,43.834114],[125.294877,43.834023],[125.295076,43.834025],[125.295078,43.833956],[125.294628,43.833951],[125.294624,43.834111]]]}},{"type":"Feature","id":"way/1478788187","properties":{"building":"yes"},"geometry":{"type":"Polygon","coordinates":[[[125.294865,43.834554],[125.295101,43.834557],[125.295113,43.834026],[125.294877,43.834023],[125.294865,43.834554]]]}},{"type":"Feature","id":"way/1478788188","properties":{"building":"yes"},"geometry":{"type":"Polygon","coordinates":[[[125.294856,43.835526],[125.295097,43.835529],[125.295109,43.834993],[125.294868,43.83499],[125.294856,43.835526]]]}},{"type":"Feature","id":"way/1478788189","properties":{"building":"yes"},"geometry":{"type":"Polygon","coordinates":[[[125.293804,43.835528],[125.294635,43.835538],[125.294636,43.835477],[125.293806,43.835467],[125.293804,43.835528]]]}},{"type":"Feature","id":"way/1478788190","properties":{"building":"yes"},"geometry":{"type":"Polygon","coordinates":[[[125.292895,43.835515],[125.293725,43.835524],[125.293727,43.835463],[125.292896,43.835453],[125.292895,43.835515]]]}},{"type":"Feature","id":"way/1478788191","properties":{"building":"yes"},"geometry":{"type":"Polygon","coordinates":[[[125.291986,43.835509],[125.292822,43.835519],[125.292824,43.83545],[125.291987,43.83544],[125.291986,43.835509]]]}},{"type":"Feature","id":"way/1478788192","properties":{"building":"yes"},"geometry":{"type":"Polygon","coordinates":[[[125.291081,43.835505],[125.291911,43.835515],[125.291912,43.835445],[125.291082,43.835435],[125.291081,43.835505]]]}},{"type":"Feature","id":"way/1478788193","properties":{"building":"yes"},"geometry":{"type":"Polygon","coordinates":[[[125.289567,43.835489],[125.290661,43.835502],[125.290662,43.835434],[125.289568,43.835421],[125.289567,43.835489]]]}},{"type":"Feature","id":"way/1478788194","properties":{"building":"yes"},"geometry":{"type":"Polygon","coordinates":[[[125.29469,43.83716],[125.295078,43.837165],[125.295086,43.836804],[125.294698,43.836799],[125.29469,43.83716]]]}},{"type":"Feature","id":"way/1478788195","properties":{"building":"yes"},"geometry":{"type":"Polygon","coordinates":[[[125.294711,43.83677],[125.295158,43.836776],[125.295163,43.836569],[125.295088,43.836568],[125.295089,43.836541],[125.295119,43.836541],[125.295127,43.836221],[125.295079,43.83622],[125.29508,43.836162],[125.294792,43.836158],[125.29479,43.836217],[125.294754,43.836216],[125.294711,43.83677]]]}},{"type":"Feature","id":"way/1478788196","properties":{"building":"yes"},"geometry":{"type":"Polygon","coordinates":[[[125.295143,43.835893],[125.295136,43.835624],[125.294923,43.835621],[125.294922,43.835686],[125.294856,43.835685],[125.294817,43.836159],[125.295147,43.836163],[125.295143,43.835893]]]}},{"type":"Feature","id":"way/1478788198","properties":{"building":"residential"},"geometry":{"type":"Polygon","coordinates":[[[125.293727,43.835716],[125.294691,43.835727],[125.294694,43.835629],[125.293729,43.835617],[125.293727,43.835716]]]}},{"type":"Feature","id":"way/1478788199","properties":{"building":"residential"},"geometry":{"type":"Polygon","coordinates":[[[125.293728,43.836053],[125.294518,43.836063],[125.294521,43.835952],[125.29373,43.835942],[125.293728,43.836053]]]}},{"type":"Feature","id":"way/1478788200","properties":{"building":"residential"},"geometry":{"type":"Polygon","coordinates":[[[125.29367,43.836384],[125.294459,43.836393],[125.294461,43.836288],[125.293673,43.836279],[125.29367,43.836384]]]}},{"type":"Feature","id":"way/1478788201","properties":{"building":"residential"},"geometry":{"type":"Polygon","coordinates":[[[125.293681,43.836798],[125.29447,43.836808],[125.294472,43.836703],[125.293683,43.836694],[125.293681,43.836798]]]}},{"type":"Feature","id":"way/1478788202","properties":{"building":"residential"},"geometry":{"type":"Polygon","coordinates":[[[125.292357,43.836775],[125.293518,43.836789],[125.29352,43.836678],[125.29236,43.836664],[125.292357,43.836775]]]}},{"type":"Feature","id":"way/1478788203","properties":{"building":"residential"},"geometry":{"type":"Polygon","coordinates":[[[125.292188,43.836385],[125.293531,43.836401],[125.293533,43.836299],[125.292191,43.836283],[125.292188,43.836385]]]}},{"type":"Feature","id":"way/1478788204","properties":{"building":"residential"},"geometry":{"type":"Polygon","coordinates":[[[125.292841,43.836027],[125.293453,43.836034],[125.293456,43.835939],[125.292844,43.835932],[125.292841,43.836027]]]}},{"type":"Feature","id":"way/1478788205","properties":{"building":"residential"},"geometry":{"type":"Polygon","coordinates":[[[125.292192,43.836022],[125.292784,43.836029],[125.292787,43.835926],[125.292195,43.835919],[125.292192,43.836022]]]}},{"type":"Feature","id":"way/1478788206","properties":{"building":"residential"},"geometry":{"type":"Polygon","coordinates":[[[125.2922,43.8357],[125.29346,43.835715],[125.293462,43.835619],[125.292203,43.835604],[125.2922,43.8357]]]}},{"type":"Feature","id":"way/1478788207","properties":{"building":"residential"},"geometry":{"type":"Polygon","coordinates":[[[125.29104,43.835702],[125.292049,43.835714],[125.292052,43.83561],[125.291043,43.835598],[125.29104,43.835702]]]}},{"type":"Feature","id":"way/1478788208","properties":{"building":"residential"},"geometry":{"type":"Polygon","coordinates":[[[125.291034,43.836047],[125.292043,43.836059],[125.292045,43.835964],[125.291036,43.835952],[125.291034,43.836047]]]}},{"type":"Feature","id":"way/1478788209","properties":{"building":"residential"},"geometry":{"type":"Polygon","coordinates":[[[125.291463,43.836369],[125.292104,43.836376],[125.292107,43.83628],[125.291465,43.836272],[125.291463,43.836369]]]}},{"type":"Feature","id":"way/1478788210","properties":{"building":"residential"},"geometry":{"type":"Polygon","coordinates":[[[125.291026,43.836346],[125.291445,43.83635],[125.291447,43.836256],[125.291028,43.836252],[125.291026,43.836346]]]}},{"type":"Feature","id":"way/1478788211","properties":{"building":"residential"},"geometry":{"type":"Polygon","coordinates":[[[125.291441,43.836765],[125.292069,43.836773],[125.292072,43.836661],[125.291444,43.836653],[125.291441,43.836765]]]}},{"type":"Feature","id":"way/1478788212","properties":{"building":"residential"},"geometry":{"type":"Polygon","coordinates":[[[125.291018,43.836647],[125.291417,43.836652],[125.29142,43.836545],[125.29102,43.83654],[125.291018,43.836647]]]}},{"type":"Feature","id":"way/1478788213","properties":{"building":"residential"},"geometry":{"type":"Polygon","coordinates":[[[125.291015,43.836926],[125.291434,43.836931],[125.291436,43.836835],[125.291017,43.83683],[125.291015,43.836926]]]}},{"type":"Feature","id":"way/1478788214","properties":{"building":"residential"},"geometry":{"type":"Polygon","coordinates":[[[125.293662,43.837226],[125.294456,43.837235],[125.294459,43.837108],[125.293665,43.837098],[125.293662,43.837226]]]}},{"type":"Feature","id":"way/1478788215","properties":{"building":"residential"},"geometry":{"type":"Polygon","coordinates":[[[125.292167,43.837185],[125.29351,43.837201],[125.293513,43.837077],[125.29217,43.837061],[125.292167,43.837185]]]}},{"type":"Feature","id":"way/1478788216","properties":{"building":"residential"},"geometry":{"type":"Polygon","coordinates":[[[125.291007,43.837177],[125.292072,43.83719],[125.292074,43.83709],[125.291009,43.837078],[125.291007,43.837177]]]}},{"type":"Feature","id":"way/1478788217","properties":{"building":"residential"},"geometry":{"type":"Polygon","coordinates":[[[125.288263,43.836034],[125.289132,43.836044],[125.289135,43.835922],[125.288266,43.835911],[125.288263,43.836034]]]}},{"type":"Feature","id":"way/1478788218","properties":{"building":"residential"},"geometry":{"type":"Polygon","coordinates":[[[125.288268,43.83638],[125.289129,43.836391],[125.289132,43.836272],[125.288271,43.836262],[125.288268,43.83638]]]}},{"type":"Feature","id":"way/1478788219","properties":{"building":"residential"},"geometry":{"type":"Polygon","coordinates":[[[125.288244,43.836727],[125.289119,43.836737],[125.289121,43.836614],[125.288247,43.836604],[125.288244,43.836727]]]}},{"type":"Feature","id":"way/1478788220","properties":{"building":"residential"},"geometry":{"type":"Polygon","coordinates":[[[125.288232,43.837124],[125.28909,43.837134],[125.289093,43.837005],[125.288235,43.836995],[125.288232,43.837124]]]}},{"type":"Feature","id":"way/1478788221","properties":{"building":"yes"},"geometry":{"type":"Polygon","coordinates":[[[125.290505,43.837037],[125.290644,43.837039],[125.290653,43.836648],[125.290514,43.836647],[125.290505,43.837037]]]}},{"type":"Feature","id":"way/1478788222","properties":{"building":"yes"},"geometry":{"type":"Polygon","coordinates":[[[125.289428,43.837229],[125.290639,43.837243],[125.290641,43.837161],[125.28943,43.837147],[125.289428,43.837229]]]}},{"type":"Feature","id":"way/1478788223","properties":{"building":"residential"},"geometry":{"type":"Polygon","coordinates":[[[125.289431,43.836937],[125.29036,43.836948],[125.290362,43.836858],[125.289433,43.836847],[125.289431,43.836937]]]}},{"type":"Feature","id":"way/1478788224","properties":{"building":"residential"},"geometry":{"type":"Polygon","coordinates":[[[125.28943,43.83663],[125.290351,43.836641],[125.290354,43.836533],[125.289432,43.836522],[125.28943,43.83663]]]}},{"type":"Feature","id":"way/1478788225","properties":{"building":"yes"},"geometry":{"type":"Polygon","coordinates":[[[125.290367,43.836302],[125.290672,43.836306],[125.290674,43.836196],[125.29037,43.836192],[125.290367,43.836302]]]}},{"type":"Feature","id":"way/1478788226","properties":{"building":"residential"},"geometry":{"type":"Polygon","coordinates":[[[125.289408,43.836282],[125.290357,43.836293],[125.290359,43.836196],[125.289411,43.836185],[125.289408,43.836282]]]}},{"type":"Feature","id":"way/1478788227","properties":{"building":"residential"},"geometry":{"type":"Polygon","coordinates":[[[125.289445,43.836028],[125.29067,43.836043],[125.290672,43.835953],[125.289446,43.835938],[125.289445,43.836028]]]}},{"type":"Feature","id":"way/1478788228","properties":{"building":"residential"},"geometry":{"type":"Polygon","coordinates":[[[125.289367,43.835682],[125.290685,43.835698],[125.290688,43.835591],[125.289369,43.835575],[125.289367,43.835682]]]}},{"type":"Feature","id":"way/1478788239","properties":{"building":"residential"},"geometry":{"type":"Polygon","coordinates":[[[125.287606,43.837197],[125.288021,43.837202],[125.288023,43.837114],[125.287608,43.837109],[125.287606,43.837197]]]}},{"type":"Feature","id":"way/1478788240","properties":{"building":"residential"},"geometry":{"type":"Polygon","coordinates":[[[125.287631,43.836852],[125.288023,43.836857],[125.288026,43.83676],[125.287633,43.836756],[125.287631,43.836852]]]}},{"type":"Feature","id":"way/1478788241","properties":{"building":"yes"},"geometry":{"type":"Polygon","coordinates":[[[125.287823,43.836601],[125.28799,43.836603],[125.287997,43.836287],[125.28783,43.836285],[125.287823,43.836601]]]}},{"type":"Feature","id":"way/1478788242","properties":{"building":"yes"},"geometry":{"type":"Polygon","coordinates":[[[125.28766,43.83604],[125.288077,43.836045],[125.288079,43.835951],[125.287662,43.835946],[125.28766,43.83604]]]}},{"type":"Feature","id":"way/1478788243","properties":{"building":"residential"},"geometry":{"type":"Polygon","coordinates":[[[125.292737,43.831953],[125.293716,43.831965],[125.293719,43.831851],[125.292739,43.831839],[125.292737,43.831953]]]}},{"type":"Feature","id":"way/1478788244","properties":{"building":"residential"},"geometry":{"type":"Polygon","coordinates":[[[125.292941,43.832307],[125.293657,43.832316],[125.29366,43.832209],[125.292943,43.8322],[125.292941,43.832307]]]}},{"type":"Feature","id":"way/1478788245","properties":{"building":"residential"},"geometry":{"type":"Polygon","coordinates":[[[125.292015,43.83229],[125.292791,43.832299],[125.292793,43.832188],[125.292018,43.832178],[125.292015,43.83229]]]}},{"type":"Feature","id":"way/1478788246","properties":{"building":"residential"},"geometry":{"type":"Polygon","coordinates":[[[125.292925,43.832627],[125.293539,43.832634],[125.293542,43.832536],[125.292927,43.832529],[125.292925,43.832627]]]}},{"type":"Feature","id":"way/1478788247","properties":{"building":"residential"},"geometry":{"type":"Polygon","coordinates":[[[125.292021,43.832611],[125.292769,43.83262],[125.292772,43.832513],[125.292023,43.832504],[125.292021,43.832611]]]}},{"type":"Feature","id":"way/1478788248","properties":{"building":"residential"},"geometry":{"type":"Polygon","coordinates":[[[125.29286,43.832956],[125.293574,43.832964],[125.293576,43.832857],[125.292863,43.832848],[125.29286,43.832956]]]}},{"type":"Feature","id":"way/1478788249","properties":{"building":"residential"},"geometry":{"type":"Polygon","coordinates":[[[125.29204,43.832934],[125.292753,43.832943],[125.292756,43.832842],[125.292042,43.832833],[125.29204,43.832934]]]}},{"type":"Feature","id":"way/1478788250","properties":{"building":"residential"},"geometry":{"type":"Polygon","coordinates":[[[125.292884,43.833296],[125.293555,43.833304],[125.293558,43.83319],[125.292887,43.833182],[125.292884,43.833296]]]}},{"type":"Feature","id":"way/1478788251","properties":{"building":"residential"},"geometry":{"type":"Polygon","coordinates":[[[125.292002,43.83329],[125.29275,43.833299],[125.292753,43.833186],[125.292005,43.833177],[125.292002,43.83329]]]}},{"type":"Feature","id":"way/1478788252","properties":{"building":"residential"},"geometry":{"type":"Polygon","coordinates":[[[125.292903,43.833625],[125.293558,43.833633],[125.29356,43.833523],[125.292906,43.833515],[125.292903,43.833625]]]}},{"type":"Feature","id":"way/1478788253","properties":{"building":"residential"},"geometry":{"type":"Polygon","coordinates":[[[125.291986,43.83361],[125.292855,43.83362],[125.292858,43.833515],[125.291988,43.833504],[125.291986,43.83361]]]}},{"type":"Feature","id":"way/1478788254","properties":{"building":"residential"},"geometry":{"type":"Polygon","coordinates":[[[125.294007,43.834591],[125.294232,43.834655],[125.294461,43.834691],[125.294637,43.834692],[125.294638,43.834594],[125.294285,43.834561],[125.293905,43.834442],[125.293843,43.834534],[125.294007,43.834591]]]}},{"type":"Feature","id":"way/1478788255","properties":{"building":"residential"},"geometry":{"type":"Polygon","coordinates":[[[125.294266,43.834363],[125.294656,43.834368],[125.294659,43.834257],[125.294268,43.834252],[125.294266,43.834363]]]}},{"type":"Feature","id":"way/1478788256","properties":{"building":"residential"},"geometry":{"type":"Polygon","coordinates":[[[125.293524,43.834037],[125.294538,43.834049],[125.294541,43.833943],[125.293526,43.833931],[125.293524,43.834037]]]}},{"type":"Feature","id":"way/1478788257","properties":{"building":"residential"},"geometry":{"type":"Polygon","coordinates":[[[125.292156,43.834033],[125.293448,43.834049],[125.29345,43.833933],[125.292159,43.833917],[125.292156,43.834033]]]}},{"type":"Feature","id":"way/1478788258","properties":{"building":"residential"},"geometry":{"type":"Polygon","coordinates":[[[125.291128,43.834024],[125.292026,43.834034],[125.292029,43.833908],[125.29113,43.833897],[125.291128,43.834024]]]}},{"type":"Feature","id":"way/1478788259","properties":{"building":"residential"},"geometry":{"type":"Polygon","coordinates":[[[125.291746,43.83435],[125.291775,43.834385],[125.292033,43.834346],[125.292018,43.834246],[125.291729,43.83429],[125.291746,43.83435]]]}},{"type":"Feature","id":"way/1478788260","properties":{"building":"residential"},"geometry":{"type":"Polygon","coordinates":[[[125.291425,43.834371],[125.291448,43.834408],[125.291711,43.834391],[125.291711,43.834291],[125.291417,43.83431],[125.291425,43.834371]]]}},{"type":"Feature","id":"way/1478788261","properties":{"building":"residential"},"geometry":{"type":"Polygon","coordinates":[[[125.291106,43.834378],[125.291126,43.834416],[125.29139,43.834411],[125.291399,43.834311],[125.291104,43.834317],[125.291106,43.834378]]]}},{"type":"Feature","id":"way/1478788262","properties":{"building":"yes"},"geometry":{"type":"Polygon","coordinates":[[[125.289987,43.834212],[125.289997,43.834045],[125.290069,43.833929],[125.29017,43.833937],[125.290204,43.834111],[125.290236,43.834114],[125.290379,43.834231],[125.290656,43.834243],[125.290641,43.834381],[125.290398,43.83434],[125.290366,43.83444],[125.290174,43.834368],[125.290222,43.834275],[125.289987,43.834212]]]}},{"type":"Feature","id":"way/1478788263","properties":{"building":"residential"},"geometry":{"type":"Polygon","coordinates":[[[125.290366,43.83444],[125.290633,43.834484],[125.290665,43.834385],[125.290398,43.83434],[125.290366,43.83444]]]}},{"type":"Feature","id":"way/1478788264","properties":{"building":"residential"},"geometry":{"type":"Polygon","coordinates":[[[125.289917,43.834299],[125.290174,43.834368],[125.290222,43.834275],[125.289964,43.834206],[125.289917,43.834299]]]}},{"type":"Feature","id":"way/1478788265","properties":{"building":"residential"},"geometry":{"type":"Polygon","coordinates":[[[125.289748,43.833966],[125.289997,43.834045],[125.290052,43.833955],[125.289802,43.833876],[125.289748,43.833966]]]}},{"type":"Feature","id":"way/1478788266","properties":{"building":"residential"},"geometry":{"type":"Polygon","coordinates":[[[125.293067,43.834448],[125.293641,43.834454],[125.293644,43.834351],[125.293069,43.834344],[125.293067,43.834448]]]}},{"type":"Feature","id":"way/1478788267","properties":{"building":"residential"},"geometry":{"type":"Polygon","coordinates":[[[125.292262,43.83444],[125.292852,43.834447],[125.292855,43.834337],[125.292265,43.83433],[125.292262,43.83444]]]}},{"type":"Feature","id":"way/1478788268","properties":{"building":"residential"},"geometry":{"type":"Polygon","coordinates":[[[125.293984,43.834997],[125.294671,43.835005],[125.294673,43.8349],[125.293987,43.834892],[125.293984,43.834997]]]}},{"type":"Feature","id":"way/1478788269","properties":{"building":"residential"},"geometry":{"type":"Polygon","coordinates":[[[125.293064,43.834937],[125.293797,43.834946],[125.293799,43.834844],[125.293066,43.834835],[125.293064,43.834937]]]}},{"type":"Feature","id":"way/1478788270","properties":{"building":"residential"},"geometry":{"type":"Polygon","coordinates":[[[125.292104,43.834919],[125.292853,43.834928],[125.292855,43.834831],[125.292106,43.834822],[125.292104,43.834919]]]}},{"type":"Feature","id":"way/1478788271","properties":{"building":"residential"},"geometry":{"type":"Polygon","coordinates":[[[125.291109,43.834939],[125.291924,43.834949],[125.291927,43.834836],[125.291111,43.834827],[125.291109,43.834939]]]}},{"type":"Feature","id":"way/1478788272","properties":{"building":"residential"},"geometry":{"type":"Polygon","coordinates":[[[125.294083,43.835295],[125.29465,43.835302],[125.294652,43.835202],[125.294086,43.835195],[125.294083,43.835295]]]}},{"type":"Feature","id":"way/1478788273","properties":{"building":"residential"},"geometry":{"type":"Polygon","coordinates":[[[125.292908,43.835281],[125.29399,43.835294],[125.293992,43.835192],[125.292911,43.83518],[125.292908,43.835281]]]}},{"type":"Feature","id":"way/1478788274","properties":{"building":"residential"},"geometry":{"type":"Polygon","coordinates":[[[125.292005,43.835264],[125.292793,43.835273],[125.292796,43.835165],[125.292007,43.835156],[125.292005,43.835264]]]}},{"type":"Feature","id":"way/1478788275","properties":{"building":"residential"},"geometry":{"type":"Polygon","coordinates":[[[125.291099,43.835238],[125.291896,43.835247],[125.291899,43.835138],[125.291102,43.835129],[125.291099,43.835238]]]}},{"type":"Feature","id":"way/1478788276","properties":{"building":"residential"},"geometry":{"type":"Polygon","coordinates":[[[125.288366,43.835634],[125.288962,43.835642],[125.288964,43.835532],[125.288369,43.835525],[125.288366,43.835634]]]}},{"type":"Feature","id":"way/1478788277","properties":{"building":"residential"},"geometry":{"type":"Polygon","coordinates":[[[125.288637,43.835334],[125.289013,43.835338],[125.289015,43.835219],[125.28864,43.835214],[125.288637,43.835334]]]}},{"type":"Feature","id":"way/1478788278","properties":{"building":"residential"},"geometry":{"type":"Polygon","coordinates":[[[125.290122,43.834999],[125.290664,43.835005],[125.290666,43.834898],[125.290124,43.834892],[125.290122,43.834999]]]}},{"type":"Feature","id":"way/1478788279","properties":{"building":"residential"},"geometry":{"type":"Polygon","coordinates":[[[125.289907,43.835301],[125.290669,43.83531],[125.290672,43.835198],[125.28991,43.835189],[125.289907,43.835301]]]}},{"type":"Feature","id":"way/1478788280","properties":{"building":"residential"},"geometry":{"type":"Polygon","coordinates":[[[125.289408,43.835293],[125.289827,43.835298],[125.289829,43.835186],[125.289411,43.835182],[125.289408,43.835293]]]}},{"type":"Feature","id":"way/1478788281","properties":{"building":"residential"},"geometry":{"type":"Polygon","coordinates":[[[125.288972,43.834952],[125.290019,43.834964],[125.290021,43.834849],[125.288975,43.834837],[125.288972,43.834952]]]}},{"type":"Feature","id":"way/1478788282","properties":{"building":"residential"},"geometry":{"type":"Polygon","coordinates":[[[125.288907,43.834605],[125.289701,43.834615],[125.289703,43.834505],[125.288909,43.834496],[125.288907,43.834605]]]}},{"type":"Feature","id":"way/1478788283","properties":{"building":"residential"},"geometry":{"type":"Polygon","coordinates":[[[125.288896,43.834286],[125.289634,43.834295],[125.289636,43.834189],[125.288898,43.83418],[125.288896,43.834286]]]}},{"type":"Feature","id":"way/1478788284","properties":{"building":"residential"},"geometry":{"type":"Polygon","coordinates":[[[125.288903,43.833984],[125.289528,43.833992],[125.28953,43.833879],[125.288905,43.833871],[125.288903,43.833984]]]}},{"type":"Feature","id":"way/1478788286","properties":{"building":"yes"},"geometry":{"type":"Polygon","coordinates":[[[125.287924,43.830822],[125.288086,43.830824],[125.288089,43.830669],[125.288175,43.83067],[125.288179,43.830503],[125.287931,43.8305],[125.287924,43.830822]]]}},{"type":"Feature","id":"way/1478788287","properties":{"building":"yes"},"geometry":{"type":"Polygon","coordinates":[[[125.288376,43.831503],[125.289048,43.831511],[125.289068,43.830669],[125.288327,43.83066],[125.288322,43.830898],[125.288809,43.830904],[125.2888,43.831301],[125.28838,43.831296],[125.288376,43.831503]]]}},{"type":"Feature","id":"way/1478788288","properties":{"landuse":"residential","name":"金融家苑"},"geometry":{"type":"Polygon","coordinates":[[[125.287109,43.831862],[125.287141,43.830813],[125.287889,43.830827],[125.287869,43.831675],[125.287886,43.831717],[125.288476,43.832119],[125.288464,43.832453],[125.287098,43.832441],[125.287109,43.831862]]]}},{"type":"Feature","id":"way/1478788289","properties":{"building":"residential"},"geometry":{"type":"Polygon","coordinates":[[[125.291235,43.833538],[125.291841,43.833545],[125.291844,43.833439],[125.291237,43.833432],[125.291235,43.833538]]]}},{"type":"Feature","id":"way/1478788290","properties":{"building":"residential"},"geometry":{"type":"Polygon","coordinates":[[[125.289998,43.833528],[125.290589,43.833535],[125.290591,43.833424],[125.290001,43.833417],[125.289998,43.833528]]]}},{"type":"Feature","id":"way/1478788291","properties":{"building":"residential"},"geometry":{"type":"Polygon","coordinates":[[[125.291119,43.832702],[125.291809,43.83271],[125.291811,43.832598],[125.291122,43.83259],[125.291119,43.832702]]]}},{"type":"Feature","id":"way/1478788292","properties":{"building":"residential"},"geometry":{"type":"Polygon","coordinates":[[[125.291146,43.83305],[125.291838,43.833059],[125.291841,43.832946],[125.291149,43.832938],[125.291146,43.83305]]]}},{"type":"Feature","id":"way/1478788293","properties":{"building":"residential"},"geometry":{"type":"Polygon","coordinates":[[[125.290025,43.833039],[125.290717,43.833047],[125.29072,43.83294],[125.290028,43.832932],[125.290025,43.833039]]]}},{"type":"Feature","id":"way/1478788294","properties":{"building":"residential"},"geometry":{"type":"Polygon","coordinates":[[[125.289969,43.832693],[125.290731,43.832702],[125.290733,43.832588],[125.289971,43.832579],[125.289969,43.832693]]]}},{"type":"Feature","id":"way/1478788295","properties":{"building":"residential"},"geometry":{"type":"Polygon","coordinates":[[[125.289976,43.83231],[125.290748,43.832319],[125.290751,43.832201],[125.289978,43.832192],[125.289976,43.83231]]]}},{"type":"Feature","id":"way/1478788296","properties":{"building":"residential"},"geometry":{"type":"Polygon","coordinates":[[[125.289898,43.83191],[125.290719,43.83192],[125.290721,43.831811],[125.2899,43.831801],[125.289898,43.83191]]]}},{"type":"Feature","id":"way/1478788297","properties":{"building":"residential"},"geometry":{"type":"Polygon","coordinates":[[[125.289242,43.831907],[125.289824,43.831914],[125.289827,43.831804],[125.289244,43.831798],[125.289242,43.831907]]]}},{"type":"Feature","id":"way/1478788298","properties":{"building":"residential"},"geometry":{"type":"Polygon","coordinates":[[[125.288354,43.831899],[125.289151,43.831909],[125.289153,43.831783],[125.288357,43.831774],[125.288354,43.831899]]]}},{"type":"Feature","id":"way/1478788299","properties":{"building":"residential"},"geometry":{"type":"Polygon","coordinates":[[[125.287252,43.831042],[125.287825,43.831049],[125.287828,43.830901],[125.287255,43.830894],[125.287252,43.831042]]]}},{"type":"Feature","id":"way/1478788300","properties":{"building":"residential"},"geometry":{"type":"Polygon","coordinates":[[[125.287244,43.831354],[125.287815,43.83136],[125.287818,43.831226],[125.287247,43.831219],[125.287244,43.831354]]]}},{"type":"Feature","id":"way/1478788301","properties":{"building":"residential"},"geometry":{"type":"Polygon","coordinates":[[[125.287236,43.831675],[125.28782,43.831682],[125.287823,43.831553],[125.287239,43.831546],[125.287236,43.831675]]]}},{"type":"Feature","id":"way/1478788302","properties":{"building":"residential"},"geometry":{"type":"Polygon","coordinates":[[[125.287217,43.832043],[125.288072,43.832054],[125.288075,43.831914],[125.28722,43.831904],[125.287217,43.832043]]]}},{"type":"Feature","id":"way/1478788303","properties":{"building":"residential"},"geometry":{"type":"Polygon","coordinates":[[[125.288668,43.832244],[125.289795,43.832257],[125.289797,43.832147],[125.28867,43.832133],[125.288668,43.832244]]]}},{"type":"Feature","id":"way/1478788304","properties":{"building":"residential"},"geometry":{"type":"Polygon","coordinates":[[[125.28863,43.832565],[125.289816,43.832579],[125.289819,43.832464],[125.288633,43.83245],[125.28863,43.832565]]]}},{"type":"Feature","id":"way/1478788305","properties":{"building":"residential"},"geometry":{"type":"Polygon","coordinates":[[[125.287217,43.832393],[125.288394,43.832407],[125.288397,43.832277],[125.28722,43.832263],[125.287217,43.832393]]]}},{"type":"Feature","id":"way/1478788306","properties":{"building":"residential"},"geometry":{"type":"Polygon","coordinates":[[[125.289033,43.832871],[125.289835,43.83288],[125.289837,43.832776],[125.289035,43.832766],[125.289033,43.832871]]]}},{"type":"Feature","id":"way/1478788307","properties":{"building":"residential"},"geometry":{"type":"Polygon","coordinates":[[[125.288429,43.832863],[125.288955,43.832869],[125.288958,43.83277],[125.288432,43.832764],[125.288429,43.832863]]]}},{"type":"Feature","id":"way/1478788308","properties":{"building":"residential"},"geometry":{"type":"Polygon","coordinates":[[[125.287021,43.832799],[125.28829,43.832814],[125.288292,43.832704],[125.287024,43.832689],[125.287021,43.832799]]]}},{"type":"Feature","id":"way/1478788309","properties":{"building":"residential"},"geometry":{"type":"Polygon","coordinates":[[[125.28921,43.833196],[125.289835,43.833203],[125.289837,43.833103],[125.289212,43.833095],[125.28921,43.833196]]]}},{"type":"Feature","id":"way/1478788310","properties":{"building":"residential"},"geometry":{"type":"Polygon","coordinates":[[[125.288435,43.833184],[125.289135,43.833192],[125.289137,43.833091],[125.288437,43.833083],[125.288435,43.833184]]]}},{"type":"Feature","id":"way/1478788311","properties":{"building":"residential"},"geometry":{"type":"Polygon","coordinates":[[[125.286903,43.833178],[125.288268,43.833194],[125.288271,43.833072],[125.286906,43.833056],[125.286903,43.833178]]]}},{"type":"Feature","id":"way/1478788312","properties":{"building":"residential"},"geometry":{"type":"Polygon","coordinates":[[[125.286101,43.832004],[125.287048,43.832015],[125.287051,43.831906],[125.286104,43.831895],[125.286101,43.832004]]]}},{"type":"Feature","id":"way/1478788313","properties":{"building":"residential"},"geometry":{"type":"Polygon","coordinates":[[[125.286038,43.832323],[125.286994,43.832334],[125.286997,43.832223],[125.286041,43.832212],[125.286038,43.832323]]]}},{"type":"Feature","id":"way/1478788314","properties":{"building":"residential"},"geometry":{"type":"Polygon","coordinates":[[[125.286022,43.832679],[125.286718,43.832687],[125.286721,43.832582],[125.286024,43.832574],[125.286022,43.832679]]]}},{"type":"Feature","id":"way/1478788315","properties":{"building":"residential"},"geometry":{"type":"Polygon","coordinates":[[[125.286011,43.833064],[125.28669,43.833072],[125.286693,43.832963],[125.286014,43.832955],[125.286011,43.833064]]]}},{"type":"Feature","id":"way/1478788316","properties":{"building":"residential"},"geometry":{"type":"Polygon","coordinates":[[[125.288954,43.833556],[125.289828,43.833566],[125.289831,43.833468],[125.288956,43.833458],[125.288954,43.833556]]]}},{"type":"Feature","id":"way/1478788317","properties":{"building":"residential"},"geometry":{"type":"Polygon","coordinates":[[[125.287827,43.83354],[125.288895,43.833553],[125.288897,43.833452],[125.287829,43.833439],[125.287827,43.83354]]]}},{"type":"Feature","id":"way/1478788318","properties":{"building":"residential"},"geometry":{"type":"Polygon","coordinates":[[[125.286892,43.83353],[125.287763,43.833541],[125.287765,43.83344],[125.286895,43.83343],[125.286892,43.83353]]]}},{"type":"Feature","id":"way/1478788319","properties":{"building":"residential"},"geometry":{"type":"Polygon","coordinates":[[[125.285998,43.833536],[125.286001,43.833417],[125.286723,43.833426],[125.286721,43.833545],[125.285998,43.833536]]]}},{"type":"Feature","id":"way/1478788320","properties":{"building":"residential"},"geometry":{"type":"Polygon","coordinates":[[[125.28839,43.833975],[125.288754,43.833979],[125.288757,43.833869],[125.288392,43.833865],[125.28839,43.833975]]]}},{"type":"Feature","id":"way/1478788321","properties":{"building":"yes"},"geometry":{"type":"Polygon","coordinates":[[[125.287968,43.83397],[125.28839,43.833975],[125.288392,43.833865],[125.28797,43.83386],[125.287968,43.83397]]]}},{"type":"Feature","id":"way/1478788322","properties":{"building":"residential"},"geometry":{"type":"Polygon","coordinates":[[[125.287617,43.833966],[125.287968,43.83397],[125.28797,43.83386],[125.28762,43.833856],[125.287617,43.833966]]]}},{"type":"Feature","id":"way/1478788323","properties":{"building":"yes"},"geometry":{"type":"Polygon","coordinates":[[[125.287034,43.833959],[125.287617,43.833966],[125.28762,43.833856],[125.287037,43.833849],[125.287034,43.833959]]]}},{"type":"Feature","id":"way/1478788324","properties":{"building":"residential"},"geometry":{"type":"Polygon","coordinates":[[[125.287984,43.834241],[125.288392,43.834248],[125.288396,43.834131],[125.287988,43.834124],[125.287984,43.834241]]]}},{"type":"Feature","id":"way/1478788325","properties":{"building":"yes"},"geometry":{"type":"Polygon","coordinates":[[[125.288585,43.834465],[125.288575,43.834771],[125.288728,43.834773],[125.288737,43.834467],[125.288585,43.834465]]]}},{"type":"Feature","id":"way/1478788326","properties":{"building":"residential"},"geometry":{"type":"Polygon","coordinates":[[[125.28841,43.834462],[125.288749,43.834468],[125.288753,43.834354],[125.288414,43.834348],[125.28841,43.834462]]]}},{"type":"Feature","id":"way/1478788327","properties":{"building":"residential"},"geometry":{"type":"Polygon","coordinates":[[[125.286588,43.833953],[125.287034,43.833959],[125.287037,43.833849],[125.286591,43.833844],[125.286588,43.833953]]]}},{"type":"Feature","id":"way/1478788328","properties":{"building":"residential"},"geometry":{"type":"Polygon","coordinates":[[[125.287087,43.834219],[125.287606,43.834228],[125.28761,43.834108],[125.287091,43.834099],[125.287087,43.834219]]]}},{"type":"Feature","id":"way/1478788329","properties":{"building":"residential"},"geometry":{"type":"Polygon","coordinates":[[[125.287583,43.83448],[125.287968,43.834487],[125.287972,43.834375],[125.287587,43.834369],[125.287583,43.83448]]]}},{"type":"Feature","id":"way/1478788330","properties":{"building":"residential"},"geometry":{"type":"Polygon","coordinates":[[[125.287996,43.834694],[125.288369,43.8347],[125.288372,43.834603],[125.287999,43.834597],[125.287996,43.834694]]]}},{"type":"Feature","id":"way/1478788332","properties":{"building":"residential"},"geometry":{"type":"Polygon","coordinates":[[[125.288413,43.834927],[125.288708,43.834932],[125.288712,43.834826],[125.288416,43.834821],[125.288413,43.834927]]]}},{"type":"Feature","id":"way/1478788333","properties":{"building":"yes"},"geometry":{"type":"Polygon","coordinates":[[[125.286487,43.830623],[125.286715,43.830626],[125.286717,43.830522],[125.286489,43.830519],[125.286487,43.830623]]]}},{"type":"Feature","id":"way/1478788334","properties":{"building":"yes"},"geometry":{"type":"Polygon","coordinates":[[[125.286223,43.830588],[125.286353,43.83059],[125.286353,43.83062],[125.286457,43.830621],[125.286459,43.830523],[125.286225,43.83052],[125.286223,43.830588]]]}},{"type":"Feature","id":"way/1478788335","properties":{"building":"yes"},"geometry":{"type":"Polygon","coordinates":[[[125.28664,43.831678],[125.287107,43.831683],[125.287123,43.830913],[125.286656,43.830908],[125.28664,43.831678]]]}},{"type":"Feature","id":"way/1478788336","properties":{"building":"yes"},"geometry":{"type":"Polygon","coordinates":[[[125.28609,43.831681],[125.286526,43.831685],[125.286541,43.830914],[125.286106,43.83091],[125.28609,43.831681]]]}},{"type":"Feature","id":"way/1478788337","properties":{"building":"yes"},"geometry":{"type":"Polygon","coordinates":[[[125.286611,43.836673],[125.286581,43.836673],[125.286581,43.836868],[125.286684,43.836868],[125.286685,43.836824],[125.287202,43.836825],[125.287202,43.836871],[125.28738,43.836871],[125.287381,43.83655],[125.287252,43.836549],[125.287252,43.836592],[125.286686,43.836591],[125.286611,43.836673]]]}},{"type":"Feature","id":"way/1478788338","properties":{"building":"yes"},"geometry":{"type":"Polygon","coordinates":[[[125.285325,43.836417],[125.285645,43.836393],[125.285645,43.836274],[125.285325,43.836274],[125.285325,43.836417]]]}},{"type":"Feature","id":"way/1478788339","properties":{"building":"yes"},"geometry":{"type":"Polygon","coordinates":[[[125.285715,43.836912],[125.285913,43.836914],[125.285915,43.836824],[125.286412,43.83683],[125.286415,43.836693],[125.285721,43.836684],[125.285715,43.836912]]]}},{"type":"Feature","id":"way/1478788340","properties":{"building":"yes"},"geometry":{"type":"Polygon","coordinates":[[[125.285714,43.837083],[125.286418,43.837091],[125.286421,43.836953],[125.285717,43.836959],[125.285714,43.837083]]]}},{"type":"Feature","id":"way/1478788341","properties":{"building":"yes"},"geometry":{"type":"Polygon","coordinates":[[[125.285325,43.836679],[125.285246,43.836679],[125.285246,43.836928],[125.285548,43.836928],[125.285548,43.8368],[125.285595,43.836801],[125.285595,43.836626],[125.285325,43.836626],[125.285325,43.836679]]]}},{"type":"Feature","id":"way/1478788342","properties":{"building":"yes"},"geometry":{"type":"Polygon","coordinates":[[[125.284639,43.837061],[125.285109,43.837062],[125.28511,43.836747],[125.285071,43.836747],[125.284933,43.83663],[125.28464,43.83663],[125.284639,43.837061]]]}},{"type":"Feature","id":"way/1478788343","properties":{"building":"yes"},"geometry":{"type":"Polygon","coordinates":[[[125.28437,43.837078],[125.284594,43.837078],[125.284595,43.836631],[125.284371,43.83663],[125.28437,43.837078]]]}},{"type":"Feature","id":"way/1478788344","properties":{"building":"yes"},"geometry":{"type":"Polygon","coordinates":[[[125.286784,43.83607],[125.286648,43.836086],[125.286648,43.836201],[125.28708,43.836175],[125.28708,43.836434],[125.287327,43.836435],[125.287328,43.83605],[125.286784,43.83605],[125.286784,43.83607]]]}},{"type":"Feature","id":"way/1478788345","properties":{"building":"yes"},"geometry":{"type":"Polygon","coordinates":[[[125.28574,43.836439],[125.286001,43.83644],[125.286001,43.836283],[125.286253,43.836283],[125.286253,43.836186],[125.286458,43.836186],[125.286458,43.836073],[125.286309,43.836073],[125.286309,43.836039],[125.285741,43.836039],[125.28574,43.836439]]]}},{"type":"Feature","id":"way/1478788346","properties":{"building":"yes"},"geometry":{"type":"Polygon","coordinates":[[[125.284394,43.83637],[125.284824,43.83637],[125.284824,43.836346],[125.285117,43.836347],[125.285118,43.836016],[125.284395,43.836015],[125.284394,43.83637]]]}},{"type":"Feature","id":"way/1478788347","properties":{"building":"yes"},"geometry":{"type":"Polygon","coordinates":[[[125.28773,43.834928],[125.287863,43.834928],[125.287863,43.834777],[125.287731,43.834777],[125.28773,43.834928]]]}},{"type":"Feature","id":"way/1478788348","properties":{"building":"yes"},"geometry":{"type":"Polygon","coordinates":[[[125.287663,43.835282],[125.287804,43.835282],[125.287804,43.835223],[125.28851,43.835224],[125.28851,43.835127],[125.287664,43.835126],[125.287663,43.835282]]]}},{"type":"Feature","id":"way/1478788349","properties":{"building":"yes"},"geometry":{"type":"Polygon","coordinates":[[[125.287641,43.835816],[125.287789,43.835816],[125.287789,43.835693],[125.288134,43.835693],[125.288134,43.835575],[125.287641,43.835574],[125.287641,43.835816]]]}},{"type":"Feature","id":"way/1478788350","properties":{"building":"yes"},"geometry":{"type":"Polygon","coordinates":[[[125.287315,43.835851],[125.287468,43.835851],[125.287469,43.835573],[125.287316,43.835573],[125.287315,43.835851]]]}},{"type":"Feature","id":"way/1478788351","properties":{"building":"yes"},"geometry":{"type":"Polygon","coordinates":[[[125.287083,43.835572],[125.287416,43.835573],[125.287417,43.835189],[125.287084,43.835189],[125.287083,43.835572]]]}},{"type":"Feature","id":"way/1478788352","properties":{"building":"yes"},"geometry":{"type":"Polygon","coordinates":[[[125.286642,43.835678],[125.286556,43.835678],[125.286556,43.835751],[125.286754,43.835751],[125.286754,43.835718],[125.286958,43.835718],[125.286958,43.835644],[125.286642,43.835644],[125.286642,43.835678]]]}},{"type":"Feature","id":"way/1478788353","properties":{"building":"yes"},"geometry":{"type":"Polygon","coordinates":[[[125.286946,43.835811],[125.287309,43.835811],[125.287309,43.835739],[125.286946,43.835738],[125.286946,43.835811]]]}},{"type":"Feature","id":"way/1478788354","properties":{"building":"yes"},"geometry":{"type":"Polygon","coordinates":[[[125.286674,43.835606],[125.286909,43.835607],[125.286909,43.835505],[125.286958,43.835505],[125.286959,43.835182],[125.286637,43.835181],[125.286637,43.835248],[125.286577,43.835248],[125.286577,43.835363],[125.286636,43.835363],[125.286636,43.835472],[125.286674,43.835472],[125.286674,43.835606]]]}},{"type":"Feature","id":"way/1478788355","properties":{"building":"yes"},"geometry":{"type":"Polygon","coordinates":[[[125.286617,43.835009],[125.287635,43.834992],[125.287636,43.834663],[125.287344,43.834662],[125.287345,43.834476],[125.286578,43.834475],[125.286578,43.834596],[125.28653,43.834596],[125.28653,43.834866],[125.286618,43.834866],[125.286617,43.835009]]]}},{"type":"Feature","id":"way/1478788356","properties":{"building":"yes"},"geometry":{"type":"Polygon","coordinates":[[[125.285471,43.835724],[125.286266,43.835726],[125.286267,43.835193],[125.286102,43.835193],[125.286101,43.835624],[125.286065,43.835624],[125.286065,43.835601],[125.285721,43.835614],[125.285471,43.8356],[125.285471,43.835724]]]}},{"type":"Feature","id":"way/1478788357","properties":{"building":"yes"},"geometry":{"type":"Polygon","coordinates":[[[125.285192,43.835723],[125.285192,43.835563],[125.284629,43.835562],[125.28463,43.835168],[125.284431,43.83518],[125.284431,43.835245],[125.284458,43.835256],[125.284457,43.835578],[125.284422,43.835593],[125.284422,43.835703],[125.284465,43.835721],[125.285192,43.835723]]]}},{"type":"Feature","id":"way/1478788358","properties":{"building":"yes"},"geometry":{"type":"Polygon","coordinates":[[[125.284065,43.834816],[125.284196,43.834817],[125.284203,43.834451],[125.284073,43.83445],[125.284065,43.834816]]]}},{"type":"Feature","id":"way/1478788359","properties":{"building":"yes"},"geometry":{"type":"Polygon","coordinates":[[[125.284542,43.834329],[125.28454,43.834403],[125.285031,43.834408],[125.28504,43.833944],[125.284549,43.833939],[125.284548,43.833998],[125.284462,43.833997],[125.284456,43.834328],[125.284542,43.834329]]]}},{"type":"Feature","id":"way/1478788360","properties":{"building":"yes"},"geometry":{"type":"Polygon","coordinates":[[[125.285608,43.83305],[125.285785,43.833051],[125.285797,43.832446],[125.28562,43.832444],[125.285608,43.83305]]]}},{"type":"Feature","id":"way/1478788361","properties":{"building":"yes"},"geometry":{"type":"Polygon","coordinates":[[[125.285671,43.833597],[125.285794,43.833598],[125.285801,43.833272],[125.285831,43.833272],[125.285833,43.833199],[125.285635,43.833197],[125.285633,43.833301],[125.285676,43.833301],[125.285671,43.833597]]]}},{"type":"Feature","id":"way/1478788362","properties":{"building":"yes"},"geometry":{"type":"Polygon","coordinates":[[[125.284986,43.833553],[125.284984,43.833638],[125.285593,43.833644],[125.285598,43.833376],[125.284895,43.833369],[125.284894,43.83342],[125.284523,43.833397],[125.28452,43.833569],[125.284643,43.83357],[125.284644,43.83355],[125.284986,43.833553]]]}},{"type":"Feature","id":"way/1478788363","properties":{"building":"yes"},"geometry":{"type":"Polygon","coordinates":[[[125.28402,43.833025],[125.28411,43.833026],[125.284114,43.832848],[125.284023,43.832847],[125.28402,43.833025]]]}},{"type":"Feature","id":"way/1478788364","properties":{"building":"yes"},"geometry":{"type":"Polygon","coordinates":[[[125.284028,43.832654],[125.284119,43.832655],[125.284123,43.832475],[125.284031,43.832474],[125.284028,43.832654]]]}},{"type":"Feature","id":"way/1478788365","properties":{"building":"yes"},"geometry":{"type":"Polygon","coordinates":[[[125.284419,43.833189],[125.284636,43.833191],[125.284653,43.832361],[125.284436,43.832358],[125.284433,43.83249],[125.284464,43.832491],[125.284453,43.833059],[125.284422,43.833059],[125.284419,43.833189]]]}},{"type":"Feature","id":"way/1478788366","properties":{"building":"yes"},"geometry":{"type":"Polygon","coordinates":[[[125.284676,43.832165],[125.285606,43.832175],[125.285611,43.831947],[125.28468,43.831937],[125.284676,43.832165]]]}},{"type":"Feature","id":"way/1479662393","properties":{"landuse":"residential","name":"基鑫小区"},"geometry":{"type":"Polygon","coordinates":[[[125.281372,43.837972],[125.282378,43.837979],[125.28238,43.837886],[125.282644,43.837889],[125.282648,43.837483],[125.2812,43.837462],[125.281199,43.83752],[125.281317,43.837773],[125.281312,43.837883],[125.281372,43.837972]]]}},{"type":"Feature","id":"way/1479662395","properties":{"landuse":"residential","name":"宇光小区"},"geometry":{"type":"Polygon","coordinates":[[[125.278599,43.838567],[125.280123,43.838582],[125.280129,43.838644],[125.281348,43.838643],[125.281372,43.837972],[125.281312,43.837883],[125.281317,43.837773],[125.281199,43.83752],[125.2812,43.837462],[125.280922,43.837374],[125.278612,43.837351],[125.278599,43.838567]]]}},{"type":"Feature","id":"way/1479662448","properties":{"building":"yes"},"geometry":{"type":"Polygon","coordinates":[[[125.28169,43.83835],[125.281693,43.83816],[125.281501,43.838159],[125.281501,43.838128],[125.281694,43.838129],[125.281696,43.838002],[125.28141,43.838],[125.281404,43.838347],[125.28169,43.83835]]]}},{"type":"Feature","id":"way/1479662449","properties":{"building":"residential"},"geometry":{"type":"Polygon","coordinates":[[[125.281356,43.837927],[125.282252,43.837934],[125.282253,43.837817],[125.281358,43.837809],[125.281356,43.837927]]]}},{"type":"Feature","id":"way/1479662450","properties":{"building":"yes"},"geometry":{"type":"Polygon","coordinates":[[[125.282406,43.837941],[125.282397,43.838572],[125.282597,43.838573],[125.282607,43.837942],[125.282406,43.837941]]]}},{"type":"Feature","id":"way/1479662451","properties":{"building":"yes"},"geometry":{"type":"Polygon","coordinates":[[[125.282413,43.837492],[125.282407,43.837881],[125.282626,43.837883],[125.282632,43.837494],[125.282413,43.837492]]]}},{"type":"Feature","id":"way/1479662452","properties":{"building":"residential"},"geometry":{"type":"Polygon","coordinates":[[[125.2813,43.837587],[125.282411,43.837596],[125.282413,43.83748],[125.281302,43.837471],[125.2813,43.837587]]]}},{"type":"Feature","id":"way/1479662453","properties":{"building":"residential","name":"12栋"},"geometry":{"type":"Polygon","coordinates":[[[125.280935,43.838373],[125.281346,43.838376],[125.281347,43.838268],[125.281083,43.838266],[125.281088,43.837931],[125.280942,43.83793],[125.280935,43.838373]]]}},{"type":"Feature","id":"way/1479662454","properties":{"building":"residential","name":"13栋"},"geometry":{"type":"Polygon","coordinates":[[[125.280946,43.837857],[125.281287,43.83786],[125.281289,43.837754],[125.281096,43.837752],[125.2811,43.837477],[125.280952,43.837476],[125.280946,43.837857]]]}},{"type":"Feature","id":"way/1479662462","properties":{"building":"residential","name":"4栋"},"geometry":{"type":"Polygon","coordinates":[[[125.280173,43.837838],[125.280788,43.837843],[125.280789,43.837752],[125.280175,43.837747],[125.280173,43.837838]]]}},{"type":"Feature","id":"way/1479662463","properties":{"building":"residential","name":"5栋"},"geometry":{"type":"Polygon","coordinates":[[[125.279418,43.837828],[125.280017,43.837833],[125.280018,43.837746],[125.27942,43.837741],[125.279418,43.837828]]]}},{"type":"Feature","id":"way/1479662464","properties":{"building":"residential","name":"1栋"},"geometry":{"type":"Polygon","coordinates":[[[125.28019,43.837509],[125.280782,43.837514],[125.280784,43.837421],[125.280191,43.837416],[125.28019,43.837509]]]}},{"type":"Feature","id":"way/1479662465","properties":{"building":"residential","name":"2栋"},"geometry":{"type":"Polygon","coordinates":[[[125.279436,43.837494],[125.280033,43.837499],[125.280034,43.837414],[125.279437,43.837409],[125.279436,43.837494]]]}},{"type":"Feature","id":"way/1479662466","properties":{"building":"residential","name":"3栋"},"geometry":{"type":"Polygon","coordinates":[[[125.278678,43.837488],[125.279274,43.837493],[125.279275,43.837402],[125.278679,43.837397],[125.278678,43.837488]]]}},{"type":"Feature","id":"way/1479662467","properties":{"building":"residential","name":"6栋"},"geometry":{"type":"Polygon","coordinates":[[[125.278675,43.837827],[125.279272,43.837832],[125.279274,43.837749],[125.278677,43.837744],[125.278675,43.837827]]]}},{"type":"Feature","id":"way/1479662468","properties":{"building":"yes"},"geometry":{"type":"Polygon","coordinates":[[[125.278406,43.838384],[125.278587,43.838385],[125.2786,43.837527],[125.278419,43.837526],[125.278406,43.838384]]]}},{"type":"Feature","id":"way/1479662480","properties":{"building":"residential"},"geometry":{"type":"Polygon","coordinates":[[[125.27727,43.837695],[125.278318,43.837694],[125.278317,43.83752],[125.27727,43.837521],[125.27727,43.837695]]]}},{"type":"Feature","id":"way/1479662481","properties":{"building":"residential"},"geometry":{"type":"Polygon","coordinates":[[[125.275937,43.837707],[125.276995,43.837705],[125.276995,43.837512],[125.275937,43.837513],[125.275937,43.837707]]]}},{"type":"Feature","id":"way/1480123428","properties":{"landuse":"residential","name":"文庭雅苑"},"geometry":{"type":"Polygon","coordinates":[[[125.26981,43.840352],[125.269812,43.839833],[125.2693,43.839827],[125.269312,43.838893],[125.267425,43.838877],[125.267466,43.837258],[125.268433,43.837238],[125.270547,43.837246],[125.275536,43.837322],[125.275485,43.839913],[125.273007,43.839881],[125.272937,43.840902],[125.271891,43.840886],[125.271907,43.840383],[125.26981,43.840352]]]}},{"type":"Feature","id":"way/1480123454","properties":{"building":"residential"},"geometry":{"type":"Polygon","coordinates":[[[125.268271,43.837878],[125.268807,43.837885],[125.26881,43.837769],[125.268274,43.837762],[125.268271,43.837878]]]}},{"type":"Feature","id":"way/1480123458","properties":{"building":"yes"},"geometry":{"type":"Polygon","coordinates":[[[125.267544,43.837977],[125.267532,43.838417],[125.267728,43.83842],[125.26774,43.83798],[125.267544,43.837977]]]}},{"type":"Feature","id":"way/1480123459","properties":{"building":"residential"},"geometry":{"type":"Polygon","coordinates":[[[125.267518,43.837851],[125.267515,43.837977],[125.26811,43.837985],[125.268114,43.83786],[125.267518,43.837851]]]}},{"type":"Feature","id":"way/1480123460","properties":{"building":"yes"},"geometry":{"type":"Polygon","coordinates":[[[125.267528,43.837497],[125.267518,43.837851],[125.267737,43.837854],[125.267747,43.8375],[125.267528,43.837497]]]}},{"type":"Feature","id":"way/1480123461","properties":{"building":"residential"},"geometry":{"type":"Polygon","coordinates":[[[125.267528,43.837497],[125.268184,43.837506],[125.268187,43.837382],[125.267532,43.837373],[125.267528,43.837497]]]}},{"type":"Feature","id":"way/1480123462","properties":{"building":"residential"},"geometry":{"type":"Polygon","coordinates":[[[125.268852,43.837516],[125.268855,43.837405],[125.26825,43.837396],[125.268247,43.837507],[125.268852,43.837516]]]}},{"type":"Feature","id":"way/1480123464","properties":{"building":"residential"},"geometry":{"type":"Polygon","coordinates":[[[125.269891,43.838075],[125.269895,43.837936],[125.26895,43.837922],[125.268946,43.838062],[125.269891,43.838075]]]}},{"type":"Feature","id":"way/1480123465","properties":{"building":"residential"},"geometry":{"type":"Polygon","coordinates":[[[125.268974,43.837522],[125.26991,43.837535],[125.269914,43.837408],[125.268977,43.837394],[125.268974,43.837522]]]}},{"type":"Feature","id":"way/1480123466","properties":{"building":"residential"},"geometry":{"type":"Polygon","coordinates":[[[125.270184,43.837564],[125.270428,43.837568],[125.270428,43.837549],[125.271136,43.837559],[125.27114,43.837424],[125.270432,43.837414],[125.270432,43.837434],[125.270187,43.83743],[125.270184,43.837564]]]}},{"type":"Feature","id":"way/1480123467","properties":{"building":"residential"},"geometry":{"type":"Polygon","coordinates":[[[125.270174,43.83806],[125.271093,43.838073],[125.271097,43.837947],[125.270178,43.837934],[125.270174,43.83806]]]}},{"type":"Feature","id":"way/1480123474","properties":{"building":"residential"},"geometry":{"type":"Polygon","coordinates":[[[125.271243,43.837887],[125.27242,43.837904],[125.272423,43.837789],[125.271246,43.837772],[125.271243,43.837887]]]}},{"type":"Feature","id":"way/1480123475","properties":{"building":"residential"},"geometry":{"type":"Polygon","coordinates":[[[125.271248,43.837513],[125.272542,43.837532],[125.272545,43.837412],[125.271252,43.837394],[125.271248,43.837513]]]}},{"type":"Feature","id":"way/1480123476","properties":{"building":"residential"},"geometry":{"type":"Polygon","coordinates":[[[125.272682,43.837602],[125.27319,43.837609],[125.273195,43.837421],[125.272687,43.837414],[125.272682,43.837602]]]}},{"type":"Feature","id":"way/1480123477","properties":{"building":"residential"},"geometry":{"type":"Polygon","coordinates":[[[125.272492,43.838014],[125.273173,43.838024],[125.273177,43.837896],[125.272495,43.837886],[125.272492,43.838014]]]}},{"type":"Feature","id":"way/1480123486","properties":{"building":"yes"},"geometry":{"type":"Polygon","coordinates":[[[125.273881,43.83781],[125.274028,43.837812],[125.274031,43.837704],[125.273884,43.837702],[125.273881,43.83781]]]}},{"type":"Feature","id":"way/1480123487","properties":{"building":"residential"},"geometry":{"type":"Polygon","coordinates":[[[125.273501,43.838017],[125.274197,43.838027],[125.2742,43.837905],[125.273505,43.837895],[125.273501,43.838017]]]}},{"type":"Feature","id":"way/1480123498","properties":{"building":"residential"},"geometry":{"type":"Polygon","coordinates":[[[125.274297,43.83792],[125.27548,43.837937],[125.275484,43.837823],[125.2743,43.837806],[125.274297,43.83792]]]}},{"type":"Feature","id":"way/1480123499","properties":{"building":"residential"},"geometry":{"type":"Polygon","coordinates":[[[125.273554,43.837606],[125.27406,43.837613],[125.274065,43.837427],[125.273559,43.83742],[125.273554,43.837606]]]}},{"type":"Feature","id":"way/1480123500","properties":{"building":"residential"},"geometry":{"type":"Polygon","coordinates":[[[125.274214,43.837561],[125.275504,43.837579],[125.275507,43.837459],[125.274217,43.83744],[125.274214,43.837561]]]}},{"type":"Feature","id":"way/1480123501","properties":{"landuse":"residential","name":"繁荣小区"},"geometry":{"type":"Polygon","coordinates":[[[125.27578,43.839834],[125.275895,43.839903],[125.278352,43.839926],[125.278395,43.83746],[125.275834,43.837435],[125.27578,43.839834]]]}},{"type":"Feature","id":"way/1481053944","properties":{"landuse":"residential","name":"枫桦美地小区"},"geometry":{"type":"Polygon","coordinates":[[[125.264105,43.84135],[125.263656,43.840992],[125.26356,43.840856],[125.263546,43.840756],[125.263579,43.84059],[125.263682,43.840441],[125.26665,43.837234],[125.266972,43.837401],[125.266875,43.839507],[125.266841,43.839506],[125.266834,43.839886],[125.266104,43.839663],[125.265849,43.840033],[125.265663,43.83994],[125.264105,43.84135]]]}},{"type":"Feature","id":"way/1481054007","properties":{"building":"residential"},"geometry":{"type":"Polygon","coordinates":[[[125.266414,43.837973],[125.266913,43.837981],[125.266928,43.837402],[125.266733,43.837294],[125.266423,43.837628],[125.266414,43.837973]]]}},{"type":"Feature","id":"way/1517086763","properties":{"landuse":"grass"},"geometry":{"type":"Polygon","coordinates":[[[125.25676,43.823238],[125.255466,43.823289],[125.255466,43.823273],[125.256761,43.823223],[125.25676,43.823238]]]}},{"type":"Feature","id":"way/1517086765","properties":{"landuse":"grass"},"geometry":{"type":"Polygon","coordinates":[[[125.256227,43.822664],[125.257123,43.823204],[125.256839,43.82322],[125.25684,43.823236],[125.25718,43.823223],[125.256227,43.822664]]]}},{"type":"Feature","id":"way/1517086769","properties":{"landuse":"grass"},"geometry":{"type":"Polygon","coordinates":[[[125.255981,43.822683],[125.25502,43.823301],[125.255387,43.823294],[125.255384,43.823275],[125.255093,43.823274],[125.255997,43.822693],[125.255981,43.822683]]]}},{"type":"Feature","id":"way/1517086770","properties":{"landuse":"grass"},"geometry":{"type":"Polygon","coordinates":[[[125.254837,43.821821],[125.254873,43.82163],[125.255111,43.821857],[125.255666,43.822267],[125.255643,43.822279],[125.255211,43.821957],[125.254892,43.821676],[125.254871,43.821685],[125.254861,43.821822],[125.254837,43.821821]]]}},{"type":"Feature","id":"way/1517086771","properties":{"landuse":"grass"},"geometry":{"type":"Polygon","coordinates":[[[125.254717,43.822868],[125.254831,43.821877],[125.254852,43.82188],[125.254737,43.822871],[125.254717,43.822868]]]}},{"type":"Feature","id":"way/1517086772","properties":{"landuse":"grass"},"geometry":{"type":"Polygon","coordinates":[[[125.256192,43.821396],[125.255367,43.821377],[125.256094,43.821945],[125.256113,43.82193],[125.255408,43.821387],[125.256192,43.821411],[125.256192,43.821396]]]}},{"type":"Feature","id":"way/1517086773","properties":{"landuse":"grass"},"geometry":{"type":"Polygon","coordinates":[[[125.25631,43.821943],[125.256936,43.821435],[125.256317,43.8214],[125.256316,43.821415],[125.256878,43.82145],[125.256294,43.821934],[125.25631,43.821943]]]}},{"type":"Feature","id":"way/1517086774","properties":{"landuse":"grass"},"geometry":{"type":"Polygon","coordinates":[[[125.257304,43.821834],[125.257272,43.821707],[125.256669,43.822193],[125.256653,43.822182],[125.25729,43.821669],[125.257326,43.821833],[125.257304,43.821834]]]}},{"type":"Feature","id":"way/1517086775","properties":{"landuse":"grass"},"geometry":{"type":"Polygon","coordinates":[[[125.257475,43.822587],[125.25734,43.821891],[125.257318,43.821893],[125.257454,43.82259],[125.257475,43.822587]]]}},{"type":"Feature","id":"way/1517086776","properties":{"landuse":"grass"},"geometry":{"type":"Polygon","coordinates":[[[125.256665,43.822342],[125.25753,43.822861],[125.257488,43.822645],[125.257466,43.822647],[125.2575,43.822826],[125.256679,43.822328],[125.256665,43.822342]]]}},{"type":"Feature","id":"way/1517086777","properties":{"landuse":"grass"},"geometry":{"type":"Polygon","coordinates":[[[125.256005,43.821597],[125.256062,43.82168],[125.256193,43.821736],[125.256309,43.821736],[125.256374,43.821692],[125.256329,43.821816],[125.256281,43.821835],[125.256206,43.82182],[125.256188,43.821807],[125.256211,43.821791],[125.256123,43.82173],[125.256052,43.821781],[125.255972,43.821669],[125.256005,43.821597]]]}},{"type":"Feature","id":"way/1517086778","properties":{"landuse":"grass"},"geometry":{"type":"Polygon","coordinates":[[[125.256272,43.821588],[125.256202,43.821605],[125.256225,43.821648],[125.256286,43.821636],[125.256272,43.821588]]]}},{"type":"Feature","id":"way/1517086779","properties":{"landuse":"grass"},"geometry":{"type":"Polygon","coordinates":[[[125.256495,43.82174],[125.256469,43.821622],[125.256355,43.821531],[125.256205,43.821514],[125.256045,43.821565],[125.256056,43.821648],[125.256126,43.821696],[125.256219,43.821717],[125.25634,43.821699],[125.256367,43.821629],[125.25631,43.821576],[125.256329,43.821624],[125.256307,43.821659],[125.256202,43.821671],[125.256163,43.821639],[125.256176,43.821578],[125.256262,43.821548],[125.256375,43.821599],[125.256403,43.821732],[125.256327,43.82187],[125.256495,43.82174]]]}},{"type":"Feature","id":"way/1517086780","properties":{"landuse":"grass"},"geometry":{"type":"Polygon","coordinates":[[[125.256613,43.821647],[125.256463,43.821553],[125.256524,43.821616],[125.256544,43.821702],[125.256613,43.821647]]]}},{"type":"Feature","id":"way/1517086781","properties":{"landuse":"grass"},"geometry":{"type":"Polygon","coordinates":[[[125.256679,43.821595],[125.256594,43.821539],[125.256705,43.821516],[125.256779,43.821465],[125.256822,43.821461],[125.256679,43.821595]]]}},{"type":"Feature","id":"way/1517086782","properties":{"landuse":"grass"},"geometry":{"type":"Polygon","coordinates":[[[125.255967,43.821425],[125.255928,43.82149],[125.255927,43.821564],[125.256035,43.821502],[125.256147,43.821471],[125.25629,43.82147],[125.256545,43.821512],[125.256634,43.821489],[125.256681,43.821451],[125.255967,43.821425]]]}},{"type":"Feature","id":"way/1517086783","properties":{"landuse":"grass"},"geometry":{"type":"Polygon","coordinates":[[[125.255518,43.821445],[125.255614,43.82152],[125.255756,43.821557],[125.25557,43.821443],[125.255518,43.821445]]]}},{"type":"Feature","id":"way/1517086784","properties":{"landuse":"grass"},"geometry":{"type":"Polygon","coordinates":[[[125.25567,43.821563],[125.255962,43.821789],[125.255845,43.821628],[125.25567,43.821563]]]}},{"type":"Feature","id":"way/1517086785","properties":{"landuse":"grass"},"geometry":{"type":"Polygon","coordinates":[[[125.255822,43.82142],[125.255694,43.821415],[125.25581,43.821534],[125.255822,43.82142]]]}},{"type":"Feature","id":"way/1517086786","properties":{"landuse":"grass"},"geometry":{"type":"Polygon","coordinates":[[[125.254891,43.821807],[125.254912,43.821725],[125.255004,43.821819],[125.254891,43.821807]]]}},{"type":"Feature","id":"way/1517086787","properties":{"landuse":"grass"},"geometry":{"type":"Polygon","coordinates":[[[125.25479,43.822661],[125.255023,43.822565],[125.254774,43.822807],[125.25479,43.822661]]]}},{"type":"Feature","id":"way/1517086788","properties":{"landuse":"grass"},"geometry":{"type":"Polygon","coordinates":[[[125.254809,43.822495],[125.254983,43.822514],[125.2548,43.822571],[125.254809,43.822495]]]}},{"type":"Feature","id":"way/1517086789","properties":{"landuse":"grass"},"geometry":{"type":"Polygon","coordinates":[[[125.254828,43.822325],[125.254959,43.822376],[125.255118,43.82237],[125.254997,43.822433],[125.254852,43.822438],[125.254816,43.82243],[125.254828,43.822325]]]}},{"type":"Feature","id":"way/1517086790","properties":{"landuse":"grass"},"geometry":{"type":"Polygon","coordinates":[[[125.255141,43.822122],[125.255159,43.822195],[125.255109,43.822265],[125.255014,43.822303],[125.254863,43.822316],[125.255001,43.822356],[125.255156,43.822325],[125.255205,43.82219],[125.255141,43.822122]]]}},{"type":"Feature","id":"way/1517086791","properties":{"landuse":"grass"},"geometry":{"type":"Polygon","coordinates":[[[125.254913,43.822101],[125.25504,43.822061],[125.255203,43.82213],[125.25515,43.822023],[125.255053,43.821944],[125.254983,43.821964],[125.254933,43.82201],[125.254913,43.822101]]]}},{"type":"Feature","id":"way/1517086792","properties":{"landuse":"grass"},"geometry":{"type":"Polygon","coordinates":[[[125.255042,43.822153],[125.254966,43.822143],[125.254935,43.822174],[125.254947,43.82221],[125.25499,43.822227],[125.255041,43.822214],[125.255042,43.822153]]]}},{"type":"Feature","id":"way/1517086793","properties":{"landuse":"grass"},"geometry":{"type":"Polygon","coordinates":[[[125.254835,43.822263],[125.254873,43.821927],[125.25502,43.821924],[125.254934,43.821969],[125.254888,43.822027],[125.254878,43.822191],[125.25497,43.822251],[125.255073,43.822236],[125.255109,43.822197],[125.255084,43.822127],[125.254999,43.8221],[125.254923,43.822135],[125.254959,43.822099],[125.255047,43.822089],[125.255121,43.822141],[125.255113,43.822224],[125.254989,43.822285],[125.254881,43.822284],[125.254835,43.822263]]]}},{"type":"Feature","id":"way/1517086794","properties":{"landuse":"grass"},"geometry":{"type":"Polygon","coordinates":[[[125.255098,43.822738],[125.255069,43.822586],[125.254886,43.822756],[125.254786,43.822939],[125.255098,43.822738]]]}},{"type":"Feature","id":"way/1517086795","properties":{"landuse":"grass"},"geometry":{"type":"Polygon","coordinates":[[[125.255446,43.822514],[125.255262,43.822633],[125.255161,43.822611],[125.255132,43.822581],[125.255131,43.822542],[125.255176,43.822516],[125.255446,43.822514]]]}},{"type":"Feature","id":"way/1517086796","properties":{"landuse":"grass"},"geometry":{"type":"Polygon","coordinates":[[[125.255617,43.822288],[125.255286,43.822043],[125.255295,43.822173],[125.255267,43.822265],[125.255216,43.822348],[125.255077,43.82248],[125.255231,43.822476],[125.255409,43.822432],[125.255504,43.822388],[125.255617,43.822288]]]}},{"type":"Feature","id":"way/1517086797","properties":{"landuse":"grass"},"geometry":{"type":"Polygon","coordinates":[[[125.255332,43.823148],[125.255462,43.823201],[125.255581,43.823187],[125.255606,43.822974],[125.255332,43.823148]]]}},{"type":"Feature","id":"way/1517086798","properties":{"landuse":"grass"},"geometry":{"type":"Polygon","coordinates":[[[125.255346,43.823257],[125.255359,43.823246],[125.255251,43.823199],[125.255166,43.823258],[125.255346,43.823257]]]}},{"type":"Feature","id":"way/1517086799","properties":{"landuse":"grass"},"geometry":{"type":"Polygon","coordinates":[[[125.256014,43.823232],[125.25578,43.823167],[125.255586,43.823248],[125.256014,43.823232]]]}},{"type":"Feature","id":"way/1517086800","properties":{"landuse":"grass"},"geometry":{"type":"Polygon","coordinates":[[[125.255886,43.822931],[125.255807,43.822934],[125.255788,43.822972],[125.255813,43.823001],[125.255859,43.823009],[125.255902,43.822988],[125.255886,43.822931]]]}},{"type":"Feature","id":"way/1517086801","properties":{"landuse":"grass"},"geometry":{"type":"Polygon","coordinates":[[[125.255692,43.823167],[125.255772,43.823126],[125.255703,43.823017],[125.255765,43.822917],[125.255885,43.822898],[125.255956,43.822952],[125.255933,43.82302],[125.255878,43.823043],[125.255801,43.823036],[125.255814,43.82302],[125.255764,43.822988],[125.25581,43.823051],[125.255902,43.823059],[125.255974,43.823008],[125.255984,43.822954],[125.255922,43.822888],[125.255815,43.822879],[125.255676,43.822966],[125.255623,43.823099],[125.255633,43.823149],[125.255692,43.823167]]]}},{"type":"Feature","id":"way/1517086802","properties":{"landuse":"grass"},"geometry":{"type":"Polygon","coordinates":[[[125.255899,43.822848],[125.256112,43.822853],[125.256268,43.822913],[125.256355,43.823032],[125.256367,43.823093],[125.256336,43.823144],[125.256226,43.82319],[125.256103,43.823202],[125.255908,43.823173],[125.255809,43.823123],[125.255748,43.82307],[125.255735,43.823017],[125.255788,43.823066],[125.255888,43.823083],[125.255955,43.82306],[125.256012,43.822991],[125.256003,43.822925],[125.255899,43.822848]]]}},{"type":"Feature","id":"way/1517086803","properties":{"landuse":"grass"},"geometry":{"type":"Polygon","coordinates":[[[125.255834,43.822829],[125.255984,43.822813],[125.25618,43.822837],[125.255957,43.822751],[125.255834,43.822829]]]}},{"type":"Feature","id":"way/1517086804","properties":{"landuse":"grass"},"geometry":{"type":"Polygon","coordinates":[[[125.256475,43.823215],[125.256503,43.823156],[125.256519,43.823214],[125.256475,43.823215]]]}},{"type":"Feature","id":"way/1517086805","properties":{"landuse":"grass"},"geometry":{"type":"Polygon","coordinates":[[[125.256589,43.823211],[125.256496,43.823068],[125.25667,43.823208],[125.256589,43.823211]]]}},{"type":"Feature","id":"way/1517086806","properties":{"landuse":"grass"},"geometry":{"type":"Polygon","coordinates":[[[125.25695,43.823124],[125.256678,43.823107],[125.256747,43.823164],[125.256853,43.823197],[125.25706,43.823192],[125.25695,43.823124]]]}},{"type":"Feature","id":"way/1517086807","properties":{"landuse":"grass"},"geometry":{"type":"Polygon","coordinates":[[[125.256658,43.822956],[125.256582,43.822991],[125.256484,43.822995],[125.25668,43.823055],[125.256798,43.823036],[125.256658,43.822956]]]}},{"type":"Feature","id":"way/1517086808","properties":{"landuse":"grass"},"geometry":{"type":"Polygon","coordinates":[[[125.25631,43.822755],[125.256326,43.822841],[125.25643,43.822949],[125.256521,43.822969],[125.256631,43.822941],[125.25631,43.822755]]]}},{"type":"Feature","id":"way/1517086809","properties":{"landuse":"grass"},"geometry":{"type":"Polygon","coordinates":[[[125.256036,43.822701],[125.256079,43.822673],[125.256177,43.822773],[125.256036,43.822701]]]}},{"type":"Feature","id":"way/1517086810","properties":{"landuse":"grass"},"geometry":{"type":"Polygon","coordinates":[[[125.256263,43.822728],[125.256279,43.822836],[125.256182,43.822682],[125.256263,43.822728]]]}},{"type":"Feature","id":"way/1517086811","properties":{"landuse":"grass"},"geometry":{"type":"Polygon","coordinates":[[[125.2573,43.822229],[125.257208,43.822232],[125.257171,43.822292],[125.257223,43.822341],[125.257308,43.822333],[125.257262,43.822363],[125.257175,43.82236],[125.257122,43.822292],[125.257127,43.822156],[125.257168,43.82214],[125.257215,43.822155],[125.2573,43.822229]]]}},{"type":"Feature","id":"way/1517086812","properties":{"landuse":"grass"},"geometry":{"type":"Polygon","coordinates":[[[125.257294,43.822248],[125.257216,43.822248],[125.257194,43.822283],[125.257219,43.822318],[125.257295,43.822315],[125.257316,43.822282],[125.257294,43.822248]]]}},{"type":"Feature","id":"way/1517086813","properties":{"landuse":"grass"},"geometry":{"type":"Polygon","coordinates":[[[125.257184,43.822389],[125.257306,43.822372],[125.257352,43.822307],[125.257294,43.822179],[125.257145,43.822112],[125.257196,43.82203],[125.257304,43.821945],[125.257402,43.82246],[125.257305,43.822449],[125.257184,43.822389]]]}},{"type":"Feature","id":"way/1517086814","properties":{"landuse":"grass"},"geometry":{"type":"Polygon","coordinates":[[[125.257415,43.822532],[125.257407,43.822482],[125.257249,43.822451],[125.257415,43.822532]]]}},{"type":"Feature","id":"way/1517086815","properties":{"landuse":"grass"},"geometry":{"type":"Polygon","coordinates":[[[125.257343,43.822705],[125.257465,43.822776],[125.257425,43.822581],[125.257257,43.822508],[125.257343,43.822705]]]}},{"type":"Feature","id":"way/1517086816","properties":{"landuse":"grass"},"geometry":{"type":"Polygon","coordinates":[[[125.257163,43.822597],[125.257265,43.82266],[125.257243,43.822561],[125.257176,43.822456],[125.257163,43.822597]]]}},{"type":"Feature","id":"way/1517086817","properties":{"landuse":"grass"},"geometry":{"type":"Polygon","coordinates":[[[125.256703,43.822317],[125.256769,43.822269],[125.256836,43.822253],[125.256993,43.822297],[125.257127,43.822424],[125.25715,43.822498],[125.257123,43.822574],[125.256703,43.822317]]]}},{"type":"Feature","id":"way/1517086818","properties":{"landuse":"grass"},"geometry":{"type":"Polygon","coordinates":[[[125.256765,43.822145],[125.256892,43.822042],[125.256951,43.822196],[125.256765,43.822145]]]}},{"type":"Feature","id":"way/1517086819","properties":{"landuse":"grass"},"geometry":{"type":"Polygon","coordinates":[[[125.256962,43.821984],[125.257262,43.821752],[125.257279,43.821837],[125.257104,43.822007],[125.25704,43.822219],[125.256974,43.822142],[125.256962,43.821984]]]}},{"type":"Feature","id":"relation/20168529","properties":{"natural":"water"},"geometry":{"type":"MultiPolygon","coordinates":[[[[125.263516,43.820339],[125.26346,43.82032],[125.263455,43.820297],[125.263514,43.820239],[125.263565,43.820229],[125.263631,43.820249],[125.263799,43.820363],[125.263971,43.820378],[125.264031,43.820403],[125.26411,43.820472],[125.264146,43.820551],[125.264415,43.820727],[125.264419,43.820803],[125.264342,43.820829],[125.264188,43.820772],[125.264039,43.82062],[125.264003,43.820482],[125.263852,43.820395],[125.263516,43.820339]],[[125.264292,43.82079],[125.264169,43.820701],[125.264173,43.820656],[125.264281,43.820696],[125.264312,43.820747],[125.264292,43.82079]]]]}},{"type":"Feature","id":"relation/20170939","properties":{"natural":"water","name":"晏湖"},"geometry":{"type":"MultiPolygon","coordinates":[[[[125.281397,43.823385],[125.282653,43.823391],[125.282815,43.823353],[125.282903,43.823298],[125.282942,43.823221],[125.282856,43.822756],[125.282761,43.822693],[125.282287,43.822671],[125.281988,43.822543],[125.281822,43.8225],[125.281211,43.822477],[125.281176,43.822498],[125.28117,43.823087],[125.281202,43.823232],[125.281269,43.823323],[125.281397,43.823385]],[[125.281572,43.822745],[125.281779,43.822737],[125.281903,43.822765],[125.281931,43.822881],[125.281903,43.822933],[125.281805,43.822974],[125.281553,43.822964],[125.281498,43.822899],[125.281531,43.822781],[125.281572,43.822745]]]]}},{"type":"Feature","id":"relation/20175924","properties":{"natural":"water","name":"观澜湖"},"geometry":{"type":"MultiPolygon","coordinates":[[[[125.258979,43.812897],[125.259218,43.812673],[125.259536,43.81254],[125.260062,43.812169],[125.260274,43.812006],[125.260394,43.811863],[125.26056,43.811725],[125.260799,43.81159],[125.260987,43.811443],[125.261296,43.81131],[125.261549,43.811115],[125.261785,43.811035],[125.261943,43.810941],[125.262058,43.81082],[125.262154,43.810631],[125.26251,43.810387],[125.262894,43.809764],[125.263005,43.809736],[125.263031,43.809662],[125.26331,43.809586],[125.263373,43.809543],[125.263334,43.809494],[125.263255,43.809481],[125.263249,43.80918],[125.263848,43.809162],[125.263566,43.809505],[125.263534,43.809686],[125.263487,43.809738],[125.263282,43.809837],[125.263163,43.810012],[125.263147,43.810133],[125.263002,43.810364],[125.262964,43.810493],[125.262974,43.81073],[125.262946,43.810826],[125.262691,43.811039],[125.262276,43.811281],[125.262029,43.811464],[125.261947,43.811795],[125.26174,43.811976],[125.261509,43.812353],[125.26148,43.812435],[125.261542,43.812624],[125.261513,43.812699],[125.261452,43.812783],[125.261253,43.812928],[125.261149,43.813044],[125.261114,43.813255],[125.261052,43.813404],[125.261053,43.813648],[125.261281,43.814009],[125.261238,43.814051],[125.26123,43.814185],[125.261282,43.814239],[125.261458,43.81434],[125.261522,43.81449],[125.261557,43.814861],[125.261689,43.814891],[125.261788,43.814668],[125.261839,43.814642],[125.261972,43.814655],[125.262549,43.81488],[125.263032,43.814987],[125.26317,43.81508],[125.263185,43.815161],[125.263142,43.815246],[125.262797,43.815389],[125.262409,43.81563],[125.262185,43.815848],[125.262052,43.815875],[125.261917,43.81584],[125.261664,43.815686],[125.261564,43.815545],[125.261347,43.815505],[125.261174,43.815399],[125.261186,43.815285],[125.261492,43.815107],[125.261566,43.815038],[125.26145,43.814994],[125.26121,43.815135],[125.261085,43.815179],[125.26096,43.815191],[125.260958,43.815145],[125.260733,43.81513],[125.260477,43.815038],[125.260325,43.814914],[125.260246,43.814784],[125.260195,43.814784],[125.260202,43.814839],[125.260303,43.815032],[125.260004,43.815038],[125.259517,43.815122],[125.259003,43.814922],[125.259075,43.814743],[125.259001,43.814604],[125.2588,43.814396],[125.258714,43.814263],[125.2587,43.814173],[125.258864,43.813333],[125.258842,43.813061],[125.258873,43.812995],[125.258979,43.812897]],[[125.261572,43.811998],[125.261547,43.811948],[125.261566,43.811905],[125.261699,43.811734],[125.261798,43.811537],[125.261877,43.811489],[125.261844,43.811703],[125.261572,43.811998]],[[125.261036,43.811739],[125.260897,43.811769],[125.260874,43.811754],[125.260933,43.811674],[125.261102,43.811614],[125.261158,43.811619],[125.261036,43.811739]],[[125.260434,43.812174],[125.260422,43.812135],[125.26061,43.811957],[125.260703,43.811937],[125.260704,43.812018],[125.26062,43.812123],[125.260434,43.812174]],[[125.260401,43.812293],[125.260311,43.812243],[125.26032,43.812214],[125.26046,43.812214],[125.260528,43.812239],[125.260494,43.812306],[125.260401,43.812293]],[[125.260298,43.812379],[125.260276,43.812293],[125.260315,43.812281],[125.260371,43.812326],[125.260374,43.812359],[125.260353,43.812381],[125.260298,43.812379]],[[125.260025,43.812437],[125.260161,43.812305],[125.260207,43.812299],[125.260199,43.812365],[125.260148,43.812414],[125.26009,43.812448],[125.260025,43.812437]],[[125.26143,43.812596],[125.261412,43.812691],[125.261343,43.812771],[125.261251,43.812804],[125.261195,43.812793],[125.261203,43.812699],[125.261273,43.812604],[125.261356,43.812571],[125.26143,43.812596]],[[125.260941,43.813324],[125.260896,43.813254],[125.260933,43.81313],[125.260963,43.813113],[125.261007,43.813167],[125.260964,43.813266],[125.260977,43.813315],[125.260941,43.813324]],[[125.260427,43.812769],[125.260383,43.812792],[125.260242,43.812703],[125.260307,43.81266],[125.260426,43.812677],[125.260546,43.81263],[125.260621,43.812651],[125.260526,43.812774],[125.260427,43.812769]],[[125.259728,43.813151],[125.259793,43.812999],[125.259865,43.812941],[125.25994,43.812946],[125.259986,43.812998],[125.260009,43.813095],[125.259955,43.813209],[125.259886,43.813246],[125.259779,43.813263],[125.259728,43.813151]],[[125.260002,43.813803],[125.26007,43.81354],[125.260173,43.813422],[125.260159,43.813365],[125.260109,43.813357],[125.260033,43.813364],[125.259984,43.813448],[125.259849,43.813468],[125.259787,43.813552],[125.259786,43.813618],[125.259866,43.81376],[125.259923,43.813806],[125.260002,43.813803]],[[125.260424,43.814078],[125.260371,43.814007],[125.260317,43.813695],[125.260317,43.813616],[125.260368,43.813548],[125.260381,43.813434],[125.260424,43.813364],[125.260478,43.813368],[125.260654,43.813605],[125.260703,43.813763],[125.260709,43.814042],[125.260752,43.814187],[125.260722,43.814225],[125.260612,43.814223],[125.260521,43.814179],[125.260424,43.814078]]]]}},{"type":"Feature","id":"relation/20181816","properties":{"natural":"water"},"geometry":{"type":"MultiPolygon","coordinates":[[[[125.26485,43.803018],[125.264847,43.803124],[125.264807,43.803226],[125.264713,43.803372],[125.26467,43.803364],[125.264487,43.803592],[125.26442,43.803787],[125.264579,43.804634],[125.264695,43.804816],[125.265132,43.805209],[125.265253,43.805348],[125.265286,43.805427],[125.265203,43.805761],[125.265218,43.806167],[125.265193,43.806247],[125.265106,43.806328],[125.264292,43.806818],[125.264181,43.806969],[125.264203,43.807008],[125.264028,43.806996],[125.263965,43.807016],[125.263824,43.807238],[125.263846,43.807372],[125.263921,43.807425],[125.26377,43.807707],[125.263738,43.807966],[125.263741,43.808191],[125.26391,43.808856],[125.263848,43.809162],[125.263249,43.80918],[125.263214,43.809049],[125.26321,43.80868],[125.262964,43.807677],[125.262976,43.807572],[125.263192,43.807179],[125.263341,43.807184],[125.263416,43.807164],[125.26347,43.807127],[125.263603,43.806928],[125.263609,43.806871],[125.26349,43.806792],[125.263474,43.806754],[125.26353,43.806745],[125.263609,43.806648],[125.264065,43.806416],[125.264126,43.806363],[125.264471,43.805718],[125.26445,43.805259],[125.264362,43.805104],[125.264268,43.80504],[125.263591,43.804781],[125.263438,43.80468],[125.263309,43.804518],[125.263258,43.804364],[125.263335,43.803853],[125.263399,43.803727],[125.263884,43.80327],[125.264001,43.802937],[125.263994,43.802772],[125.264065,43.802587],[125.263946,43.801656],[125.263754,43.801569],[125.263628,43.801543],[125.26354,43.801478],[125.263454,43.801321],[125.263426,43.801076],[125.263441,43.800964],[125.263843,43.80046],[125.263891,43.800273],[125.263853,43.800062],[125.263767,43.799865],[125.263483,43.799542],[125.263412,43.799412],[125.263371,43.799193],[125.263405,43.798769],[125.263482,43.798585],[125.263634,43.79843],[125.264382,43.798104],[125.264415,43.798048],[125.264414,43.797902],[125.26452,43.797862],[125.264579,43.797776],[125.264588,43.79753],[125.264564,43.797495],[125.264464,43.797447],[125.264509,43.797388],[125.264496,43.797283],[125.264395,43.797069],[125.264135,43.796651],[125.264111,43.796548],[125.264142,43.796431],[125.264237,43.796258],[125.264465,43.79597],[125.264594,43.795888],[125.264731,43.79584],[125.264888,43.795816],[125.265554,43.79576],[125.265747,43.795702],[125.265918,43.795599],[125.266057,43.795454],[125.266133,43.795283],[125.26619,43.79482],[125.266231,43.794713],[125.266363,43.794535],[125.266384,43.794457],[125.266308,43.794259],[125.266314,43.79391],[125.266643,43.793414],[125.266672,43.793312],[125.26667,43.793209],[125.26655,43.792956],[125.266441,43.792868],[125.266147,43.792742],[125.266092,43.792676],[125.265844,43.79201],[125.265773,43.791878],[125.265533,43.791617],[125.265282,43.79144],[125.265119,43.791385],[125.264412,43.79125],[125.264238,43.79116],[125.264031,43.790945],[125.26385,43.790564],[125.263835,43.790431],[125.263875,43.79031],[125.264179,43.790022],[125.264244,43.789915],[125.264267,43.789789],[125.264226,43.789629],[125.264158,43.789467],[125.264035,43.789345],[125.263496,43.789029],[125.263372,43.788899],[125.263322,43.788766],[125.263324,43.78863],[125.263522,43.788058],[125.26362,43.787931],[125.263782,43.787799],[125.26417,43.787629],[125.264306,43.787594],[125.264645,43.7876],[125.265322,43.787729],[125.265695,43.787778],[125.266056,43.787753],[125.266387,43.78765],[125.26662,43.787511],[125.26679,43.787376],[125.267324,43.786869],[125.267529,43.786607],[125.267676,43.786599],[125.267769,43.786519],[125.268193,43.785812],[125.268286,43.785837],[125.268433,43.785608],[125.268543,43.785641],[125.268452,43.785875],[125.268584,43.785906],[125.268214,43.786601],[125.267228,43.787583],[125.267059,43.78784],[125.266835,43.788317],[125.266758,43.788428],[125.266617,43.788557],[125.265318,43.789397],[125.265174,43.78952],[125.26505,43.789759],[125.264972,43.790027],[125.264967,43.790141],[125.265207,43.790771],[125.265329,43.790907],[125.265448,43.79099],[125.266182,43.791421],[125.26625,43.791528],[125.266563,43.792407],[125.266658,43.792519],[125.267138,43.79293],[125.267332,43.793218],[125.267318,43.793309],[125.26725,43.793399],[125.266886,43.793698],[125.266857,43.793772],[125.266904,43.794097],[125.266853,43.79442],[125.266919,43.794519],[125.267265,43.794731],[125.267388,43.794777],[125.267633,43.794817],[125.268114,43.79483],[125.26827,43.794867],[125.268463,43.794982],[125.268712,43.795186],[125.268833,43.795334],[125.268856,43.795441],[125.26881,43.795567],[125.268602,43.795835],[125.26849,43.796116],[125.268494,43.796212],[125.268732,43.796618],[125.268757,43.796708],[125.268687,43.796824],[125.268008,43.797051],[125.267457,43.797067],[125.267076,43.797055],[125.26635,43.796996],[125.26571,43.797024],[125.265333,43.797117],[125.265208,43.797167],[125.26512,43.797248],[125.265057,43.797413],[125.265099,43.797461],[125.265024,43.797482],[125.264978,43.797534],[125.265003,43.797843],[125.265129,43.797905],[125.265083,43.798081],[125.265009,43.798219],[125.26487,43.798362],[125.264538,43.798627],[125.264452,43.798834],[125.264356,43.799325],[125.264355,43.799461],[125.264625,43.800003],[125.264533,43.800544],[125.264478,43.801167],[125.264684,43.80168],[125.264681,43.80248],[125.2648,43.802782],[125.26485,43.803018]],[[125.267583,43.796968],[125.267194,43.796935],[125.267123,43.796891],[125.267114,43.796839],[125.267328,43.796534],[125.267454,43.796457],[125.268002,43.796297],[125.268087,43.796248],[125.268176,43.796141],[125.268256,43.796122],[125.268335,43.796155],[125.268503,43.796581],[125.2685,43.796738],[125.268425,43.7968],[125.268018,43.796939],[125.267808,43.796969],[125.267583,43.796968]],[[125.264386,43.796744],[125.26426,43.796664],[125.264246,43.796512],[125.264295,43.796407],[125.26467,43.796004],[125.264741,43.795956],[125.264853,43.795925],[125.265419,43.795906],[125.265618,43.795866],[125.265809,43.795792],[125.26595,43.795708],[125.2662,43.795457],[125.266284,43.795241],[125.266335,43.795184],[125.266524,43.79516],[125.26658,43.795187],[125.266631,43.795249],[125.266661,43.795433],[125.266632,43.795923],[125.266567,43.79608],[125.26642,43.796219],[125.265978,43.796479],[125.265773,43.796529],[125.265389,43.796521],[125.265082,43.796539],[125.264984,43.796581],[125.264839,43.796738],[125.264788,43.796754],[125.264566,43.796773],[125.264386,43.796744]],[[125.268163,43.79596],[125.267774,43.795803],[125.267693,43.795745],[125.267562,43.795572],[125.2675,43.795338],[125.267471,43.795069],[125.267521,43.795003],[125.267658,43.794943],[125.267921,43.794924],[125.268179,43.794941],[125.268281,43.794967],[125.268508,43.795137],[125.268691,43.795334],[125.268715,43.795414],[125.268694,43.795493],[125.26853,43.795745],[125.268362,43.795913],[125.268287,43.795954],[125.268163,43.79596]],[[125.264327,43.789545],[125.263982,43.789211],[125.263616,43.78891],[125.263563,43.788831],[125.263534,43.788716],[125.263545,43.788525],[125.263646,43.788174],[125.264005,43.787777],[125.264142,43.787715],[125.264303,43.787684],[125.264676,43.787694],[125.264783,43.787708],[125.264863,43.787754],[125.264922,43.787938],[125.264792,43.788211],[125.264837,43.788604],[125.26474,43.788907],[125.264731,43.789351],[125.26459,43.789524],[125.264486,43.789557],[125.264327,43.789545]]]]}},{"type":"Feature","properties":{"highway":"secondary","name":"光谷大街","osm_way_ids":[41251844,113545581]},"geometry":{"type":"MultiLineString","coordinates":[[[125.259644,43.842503],[125.259495,43.842491],[125.257856,43.841177],[125.256681,43.840331],[125.255155,43.839086],[125.243703,43.830202],[125.24173,43.828305]],[[125.241806,43.828228],[125.242694,43.829019],[125.243392,43.829726],[125.243825,43.83012],[125.248043,43.833412],[125.253404,43.837551],[125.256791,43.840259],[125.259581,43.842397],[125.259644,43.842503]]]}},{"type":"Feature","properties":{"highway":"primary","name":"蔚山路","osm_way_ids":[41320059,41955950,113545470,113545476,113545567,113545572,300788153,300788154]},"geometry":{"type":"MultiLineString","coordinates":[[[125.238908,43.814059],[125.245221,43.810573],[125.245885,43.810239],[125.246184,43.810134],[125.246657,43.810017],[125.247062,43.809948],[125.247576,43.809897],[125.253019,43.809588],[125.256169,43.809494],[125.259231,43.809368],[125.263115,43.809268]],[[125.305978,43.821986],[125.305584,43.821947],[125.305064,43.82183],[125.29581,43.819005],[125.286167,43.816147],[125.280402,43.814379],[125.269984,43.811238]],[[125.263913,43.809243],[125.264206,43.809245],[125.264509,43.809285],[125.264817,43.809362],[125.266172,43.809877],[125.26981,43.811054]],[[125.263122,43.809387],[125.25749,43.809531],[125.253028,43.809709],[125.247601,43.810021],[125.247093,43.810066],[125.246677,43.810136],[125.246234,43.810251],[125.245946,43.810352],[125.245503,43.810571],[125.244264,43.811283],[125.238984,43.814138]],[[125.263115,43.809268],[125.263913,43.809243]],[[125.2639,43.80937],[125.263122,43.809387]],[[125.269984,43.811238],[125.269377,43.811054],[125.268307,43.810678],[125.266164,43.809984],[125.264712,43.809462],[125.264464,43.809404],[125.264182,43.809372],[125.2639,43.80937]],[[125.26981,43.811054],[125.28846,43.816691],[125.29593,43.818903],[125.305253,43.82175],[125.305626,43.821832],[125.305918,43.821832]]]}},{"type":"Feature","properties":{"highway":"secondary","name":"电台街","osm_way_ids":[41900700,1255218639]},"geometry":{"type":"MultiLineString","coordinates":[[[125.259495,43.842491],[125.270635,43.830608],[125.270825,43.830281],[125.27096,43.829744],[125.271098,43.82951]],[[125.271098,43.82951],[125.271062,43.829773],[125.270913,43.830334],[125.270832,43.830557],[125.27074,43.830693],[125.255374,43.84706],[125.255052,43.847311]]]}},{"type":"Feature","properties":{"highway":"primary","name":"前进大街","osm_way_ids":[41900707,236854609,236854613,238387916,300596471,300596472]},"geometry":{"type":"MultiLineString","coordinates":[[[125.282612,43.847493],[125.282758,43.847384],[125.282877,43.847143],[125.282947,43.846063],[125.283076,43.842306],[125.283067,43.840396],[125.283119,43.836773],[125.282994,43.835068],[125.283011,43.834522],[125.282971,43.833943],[125.28295,43.830901],[125.282982,43.830666],[125.283034,43.830534],[125.283308,43.830157]],[[125.285641,43.816631],[125.283827,43.819772],[125.283779,43.819998],[125.283672,43.824654],[125.283671,43.826291],[125.283612,43.829096]],[[125.286713,43.81393],[125.288689,43.810465],[125.289036,43.809626],[125.289192,43.808927],[125.289231,43.808568],[125.289246,43.803809]],[[125.28945,43.803826],[125.28943,43.809189],[125.289417,43.809767],[125.289309,43.810416],[125.289051,43.811227],[125.288876,43.811591],[125.287394,43.814114]],[[125.283381,43.829085],[125.283539,43.822082],[125.283599,43.819984],[125.283638,43.819724],[125.28551,43.816587]],[[125.283433,43.830156],[125.283839,43.830436],[125.283965,43.830564],[125.284023,43.830736],[125.284032,43.830932],[125.283974,43.831851],[125.283839,43.832662],[125.283807,43.833796],[125.283785,43.834044],[125.28372,43.834313],[125.283727,43.835104],[125.283482,43.836445],[125.283442,43.837265],[125.283308,43.841642],[125.283302,43.843343],[125.283208,43.84709],[125.283238,43.847227],[125.283298,43.847326],[125.283372,43.847416],[125.283478,43.847488]]]}},{"type":"Feature","properties":{"highway":"primary","name":"卫星路","osm_way_ids":[41900713,124123141]},"geometry":{"type":"MultiLineString","coordinates":[[[125.302917,43.830595],[125.301238,43.830585],[125.300081,43.830548],[125.299653,43.830489],[125.29751,43.830354],[125.294309,43.83031],[125.285961,43.83023],[125.283742,43.830364],[125.28291,43.83038],[125.279978,43.830215],[125.27325,43.830126],[125.272694,43.830093],[125.272011,43.830005],[125.271595,43.82992],[125.271062,43.829773]],[[125.271098,43.82951],[125.272362,43.82983],[125.273184,43.829897],[125.278036,43.82996],[125.279828,43.830005],[125.281366,43.830108],[125.282927,43.830158],[125.283979,43.830154],[125.285596,43.830112],[125.2955,43.830159],[125.299096,43.830216],[125.300151,43.830185],[125.301982,43.830195],[125.302884,43.830231]]]}},{"type":"Feature","properties":{"highway":"trunk","name":"南部快速路","osm_way_ids":[41955949,124123142,299968135,624538231,624538232,1255815751,1255815752,1255815766,1255815767]},"geometry":{"type":"MultiLineString","coordinates":[[[125.282723,43.830308],[125.281217,43.830257],[125.279103,43.830137],[125.273192,43.830048],[125.272315,43.829973],[125.271844,43.829899],[125.27079,43.829627],[125.270149,43.829368],[125.267988,43.828292]],[[125.268042,43.828208],[125.270231,43.829278],[125.270529,43.829405],[125.271207,43.829645],[125.272217,43.829847],[125.272659,43.829909],[125.273202,43.829939],[125.279105,43.830023],[125.281258,43.830152]],[[125.301048,43.830438],[125.297549,43.830332],[125.286376,43.830173]],[[125.286376,43.830173],[125.284275,43.83029],[125.282723,43.830308]],[[125.292218,43.830131],[125.301021,43.83034]],[[125.267988,43.828292],[125.264225,43.826486]],[[125.264309,43.82638],[125.268042,43.828208]],[[125.286362,43.830073],[125.292218,43.830131]],[[125.281258,43.830152],[125.28273,43.830203],[125.283956,43.830199],[125.286362,43.830073]]]}},{"type":"Feature","properties":{"highway":"primary","name":"飞跃路","osm_way_ids":[50342455,1255218676,1268361162]},"geometry":{"type":"MultiLineString","coordinates":[[[125.269984,43.811238],[125.269691,43.811514],[125.269363,43.811771],[125.2691,43.811926],[125.261565,43.817994],[125.25744,43.821383],[125.256161,43.822461],[125.253098,43.824421],[125.252591,43.824663],[125.248955,43.826985],[125.246344,43.828616],[125.243916,43.830182],[125.240228,43.832493],[125.23391,43.836598],[125.232115,43.837704]],[[125.245864,43.828832],[125.252613,43.824518],[125.252839,43.824317],[125.254295,43.823458],[125.255973,43.82234],[125.256787,43.82167],[125.257273,43.821354],[125.268603,43.812214],[125.268954,43.811869],[125.269668,43.811296],[125.26976,43.81117]],[[125.240642,43.83214],[125.245864,43.828832]]]}},{"type":"Feature","properties":{"highway":"secondary","name":"芳草街","osm_way_ids":[50342457,300788155]},"geometry":{"type":"MultiLineString","coordinates":[[[125.277846,43.783561],[125.277419,43.784106],[125.27699,43.784553],[125.275381,43.785937],[125.273987,43.787185],[125.271912,43.788966],[125.27093,43.790111],[125.270558,43.790779],[125.27033,43.791317],[125.270196,43.791807],[125.270094,43.792434],[125.270092,43.809345],[125.27007,43.810938],[125.270035,43.81112]],[[125.26981,43.811054],[125.269836,43.810825],[125.269845,43.80977],[125.269808,43.806387],[125.269879,43.800038],[125.269819,43.793331],[125.26985,43.792513],[125.269933,43.791915],[125.270145,43.791195],[125.270609,43.790277],[125.270764,43.790018],[125.271336,43.789293],[125.271915,43.788732],[125.273778,43.78708],[125.27673,43.78451],[125.277212,43.784029],[125.277586,43.783551]]]}},{"type":"Feature","properties":{"highway":"tertiary","name":"前进西街","osm_way_ids":[89954431]},"geometry":{"type":"MultiLineString","coordinates":[[[125.275836,43.829934],[125.275777,43.833615],[125.275551,43.843257]]]}},{"type":"Feature","properties":{"highway":"tertiary","name":"飞跃东路","osm_way_ids":[89954445]},"geometry":{"type":"MultiLineString","coordinates":[[[125.26386,43.82644],[125.256325,43.834419],[125.25424,43.836698],[125.253791,43.837135],[125.253404,43.837551],[125.253322,43.83767],[125.252493,43.838509],[125.250199,43.84093]]]}},{"type":"Feature","properties":{"highway":"residential","osm_way_ids":[89955285,124151276,303474391,314746240,314748460,518141691,518141692,518141693,518141695,518141697,518141699,518141700,518141702,553698142,680842070,704142902,704142903,704142904,1418252076,1418804290,1418804291,1418804292,1418804293,1474610902]},"geometry":{"type":"MultiLineString","coordinates":[[[125.29081,43.83741],[125.290833,43.83582]],[[125.285535,43.822281],[125.288278,43.822308]],[[125.293634,43.833846],[125.293666,43.83261],[125.293888,43.831745],[125.294309,43.83031]],[[125.251469,43.812343],[125.249916,43.812352]],[[125.247599,43.817785],[125.244549,43.819454]],[[125.25476,43.826555],[125.255884,43.826561]],[[125.254749,43.826162],[125.255884,43.826162]],[[125.254738,43.82574],[125.255502,43.825745]],[[125.254725,43.825288],[125.255771,43.825294]],[[125.254713,43.824837],[125.25582,43.824866]],[[125.254232,43.826015],[125.254745,43.825999]],[[125.253888,43.825605],[125.254734,43.825589]],[[125.254199,43.825218],[125.254723,43.825194]],[[125.275818,43.831648],[125.277573,43.831662]],[[125.287635,43.827835],[125.287719,43.824703]],[[125.288591,43.81028],[125.288461,43.810182],[125.288443,43.810106],[125.288502,43.810048],[125.28856,43.810028],[125.288718,43.810031]],[[125.288108,43.810035],[125.288443,43.810106]],[[125.282113,43.809035],[125.285233,43.809969]],[[125.297203,43.834862],[125.2956,43.834859]],[[125.292863,43.828215],[125.293674,43.828214],[125.293673,43.827039]],[[125.293673,43.827248],[125.294822,43.82725]],[[125.293673,43.827595],[125.294826,43.827597]],[[125.293674,43.8279],[125.294841,43.827902]],[[125.285535,43.82151],[125.285511,43.823315],[125.285562,43.823528],[125.285524,43.824676]]]}},{"type":"Feature","properties":{"highway":"secondary","name":"繁荣路","osm_way_ids":[89955287,1239810597]},"geometry":{"type":"MultiLineString","coordinates":[[[125.248946,43.826858],[125.24912,43.826997],[125.258042,43.832602],[125.260306,43.833722],[125.265425,43.836158],[125.266757,43.836836],[125.26719,43.837038],[125.267398,43.837082],[125.285176,43.837274],[125.300398,43.837468],[125.304447,43.837481],[125.309608,43.83753],[125.318932,43.837685],[125.325141,43.837748],[125.325559,43.837781],[125.32855,43.838293],[125.331053,43.838698],[125.33193,43.838813],[125.341524,43.838707]],[[125.34153,43.838838],[125.336282,43.838863],[125.331962,43.838909],[125.33114,43.838798],[125.329085,43.838468],[125.325594,43.837866],[125.325058,43.837818],[125.323234,43.837816],[125.309582,43.837639],[125.306936,43.837643],[125.300397,43.837531],[125.29081,43.83741],[125.270027,43.837171],[125.267348,43.837165],[125.267174,43.837121],[125.267028,43.837051],[125.265375,43.83621],[125.257987,43.832666],[125.250039,43.827644],[125.249039,43.827048],[125.248859,43.826913]]]}},{"type":"Feature","properties":{"highway":"tertiary","name":"修正路","osm_way_ids":[113454760]},"geometry":{"type":"MultiLineString","coordinates":[[[125.295632,43.824779],[125.293225,43.82478],[125.280702,43.824614],[125.278159,43.824559],[125.274364,43.824531],[125.274064,43.82447],[125.273355,43.824194],[125.269766,43.822672]]]}},{"type":"Feature","properties":{"highway":"tertiary","name":"卫明街","osm_way_ids":[113454764]},"geometry":{"type":"MultiLineString","coordinates":[[[125.29581,43.819005],[125.295768,43.819224],[125.295614,43.824419],[125.295628,43.825044],[125.295494,43.830324]]]}},{"type":"Feature","properties":{"highway":"tertiary","name":"南湖新村中街","osm_way_ids":[113454770,299054406]},"geometry":{"type":"MultiLineString","coordinates":[[[125.295596,43.833873],[125.295632,43.837404],[125.295483,43.843317],[125.295394,43.843457]],[[125.295394,43.843457],[125.295337,43.843287],[125.295328,43.843016],[125.295285,43.842788],[125.295116,43.842285],[125.295108,43.841899],[125.295175,43.839109],[125.29521,43.838863],[125.295342,43.838364],[125.295368,43.837476],[125.295462,43.8374],[125.295488,43.833872]]]}},{"type":"Feature","properties":{"highway":"primary","name":"硅谷大街","osm_way_ids":[113545471,113545542,124123143,236501672,238503227,288679902]},"geometry":{"type":"MultiLineString","coordinates":[[[125.254495,43.820766],[125.255219,43.821467],[125.256169,43.822189],[125.25775,43.823082],[125.258025,43.823272],[125.263793,43.826108],[125.264309,43.82638]],[[125.253877,43.82042],[125.242246,43.809363],[125.237025,43.804331]],[[125.264225,43.826486],[125.257442,43.823183],[125.256161,43.822461],[125.255327,43.821872],[125.254782,43.821347],[125.254333,43.820846]],[[125.237179,43.804231],[125.239205,43.80623],[125.241252,43.808111],[125.242549,43.8094],[125.24806,43.81467],[125.251509,43.817955],[125.254043,43.820329]],[[125.271062,43.829773],[125.270638,43.829652],[125.26948,43.829207],[125.261786,43.82542]],[[125.264443,43.826293],[125.269388,43.828755],[125.27033,43.829208],[125.271098,43.82951]]]}},{"type":"Feature","properties":{"highway":"primary","osm_way_ids":[113545488,113545550,236854611,236854612,238387912,396851098,1425961711,1425961712]},"geometry":{"type":"MultiLineString","coordinates":[[[125.254043,43.820329],[125.254495,43.820766]],[[125.254333,43.820846],[125.253877,43.82042]],[[125.28551,43.816587],[125.285905,43.815798],[125.286445,43.814453],[125.286713,43.81393]],[[125.287394,43.814114],[125.287093,43.814633],[125.285641,43.816631]],[[125.289628,43.803843],[125.289623,43.806127],[125.289588,43.807559]],[[125.28924,43.806135],[125.289059,43.805685],[125.289055,43.803794]],[[125.26976,43.81117],[125.26981,43.811054]],[[125.270035,43.81112],[125.269984,43.811238]]]}},{"type":"Feature","properties":{"highway":"tertiary","name":"佳园路","osm_way_ids":[113545546,441916113]},"geometry":{"type":"MultiLineString","coordinates":[[[125.229312,43.825278],[125.240212,43.819268],[125.246787,43.815683],[125.249135,43.814348]],[[125.249179,43.814387],[125.247923,43.815138],[125.239986,43.819459],[125.229356,43.825319],[125.229312,43.825278]]]}},{"type":"Feature","properties":{"highway":"tertiary","name":"博才路","osm_way_ids":[114219386]},"geometry":{"type":"MultiLineString","coordinates":[[[125.248744,43.813979],[125.257469,43.813974]]]}},{"type":"Feature","properties":{"highway":"unclassified","osm_way_ids":[114219389,114219395,114219403,124151267,124432429,288679907,696154861,1474679081,1474963054]},"geometry":{"type":"MultiLineString","coordinates":[[[125.252969,43.806267],[125.253028,43.809709]],[[125.252994,43.807996],[125.256134,43.807987]],[[125.255146,43.812374],[125.255134,43.813969]],[[125.278544,43.81368],[125.277348,43.815744]],[[125.276594,43.813097],[125.275409,43.815164]],[[125.245782,43.806547],[125.245767,43.809904],[125.245817,43.810109],[125.245946,43.810352]],[[125.259173,43.806226],[125.259233,43.809488]],[[125.247633,43.809894],[125.247641,43.806318]],[[125.274453,43.812455],[125.273265,43.814513]]]}},{"type":"Feature","properties":{"highway":"tertiary","name":"荷园路","osm_way_ids":[114219391]},"geometry":{"type":"MultiLineString","coordinates":[[[125.240474,43.827146],[125.240925,43.826926],[125.243411,43.825541],[125.248044,43.822789],[125.253154,43.819914]]]}},{"type":"Feature","properties":{"highway":"tertiary","name":"华光街","osm_way_ids":[114219410]},"geometry":{"type":"MultiLineString","coordinates":[[[125.238908,43.814059],[125.248044,43.822789]]]}},{"type":"Feature","properties":{"highway":"tertiary","name":"博文路","osm_way_ids":[114219415]},"geometry":{"type":"MultiLineString","coordinates":[[[125.257473,43.816146],[125.251047,43.816143]]]}},{"type":"Feature","properties":{"highway":"tertiary","name":"磐谷路","osm_way_ids":[114219426]},"geometry":{"type":"MultiLineString","coordinates":[[[125.246087,43.820939],[125.251639,43.817887]]]}},{"type":"Feature","properties":{"highway":"tertiary","name":"学府街","osm_way_ids":[114219436]},"geometry":{"type":"MultiLineString","coordinates":[[[125.254122,43.819128],[125.251853,43.816953],[125.251047,43.816143],[125.245296,43.810688]]]}},{"type":"Feature","properties":{"highway":"tertiary","name":"平新路","osm_way_ids":[114219442]},"geometry":{"type":"MultiLineString","coordinates":[[[125.239557,43.806359],[125.242798,43.804586],[125.244052,43.804559],[125.256101,43.804495]]]}},{"type":"Feature","properties":{"highway":"tertiary","name":"茂祥街","osm_way_ids":[114219443]},"geometry":{"type":"MultiLineString","coordinates":[[[125.262221,43.80185],[125.262295,43.8062],[125.262306,43.8094]]]}},{"type":"Feature","properties":{"highway":"tertiary","name":"硅谷西街","osm_way_ids":[114219450]},"geometry":{"type":"MultiLineString","coordinates":[[[125.242095,43.812453],[125.242881,43.813235],[125.245827,43.816044],[125.247062,43.817266],[125.249149,43.81926]]]}},{"type":"Feature","properties":{"highway":"tertiary","name":"创信街","osm_way_ids":[114219456]},"geometry":{"type":"MultiLineString","coordinates":[[[125.256099,43.802315],[125.256134,43.807987],[125.256169,43.809594]]]}},{"type":"Feature","properties":{"highway":"tertiary","osm_way_ids":[114219457,303471481,385966071,385966118,696154834,1255218679,1255218684,1474472018,1474472159,1474472160]},"geometry":{"type":"MultiLineString","coordinates":[[[125.253336,43.819512],[125.253977,43.819171],[125.254122,43.819128]],[[125.285934,43.826315],[125.283671,43.826291]],[[125.266767,43.804355],[125.269842,43.804354]],[[125.266518,43.808197],[125.266654,43.807866],[125.266712,43.807559],[125.266767,43.804355],[125.26674,43.802391]],[[125.269808,43.806387],[125.266735,43.806389]],[[125.245864,43.828832],[125.245942,43.828649],[125.252633,43.824402],[125.252839,43.824317]],[[125.253098,43.824421],[125.252822,43.824631],[125.251771,43.825318],[125.244979,43.829612]],[[125.249574,43.814753],[125.249729,43.814769],[125.249793,43.81475],[125.249859,43.814706],[125.249917,43.81462]],[[125.267246,43.81342],[125.267138,43.813662]],[[125.267922,43.813036],[125.267653,43.81309]]]}},{"type":"Feature","properties":{"highway":"tertiary","name":"学苑街","osm_way_ids":[114219461]},"geometry":{"type":"MultiLineString","coordinates":[[[125.249908,43.815074],[125.24993,43.813977],[125.249911,43.809772]]]}},{"type":"Feature","properties":{"highway":"tertiary","name":"创新路","osm_way_ids":[114219462]},"geometry":{"type":"MultiLineString","coordinates":[[[125.262295,43.8062],[125.247641,43.806318],[125.246187,43.80647],[125.244947,43.80674],[125.243931,43.807062],[125.241252,43.808111],[125.240907,43.808273],[125.228084,43.815331]]]}},{"type":"Feature","properties":{"highway":"trunk_link","osm_way_ids":[114787803,1046115144,1046115145,1255815749,1255815757]},"geometry":{"type":"MultiLineString","coordinates":[[[125.283127,43.831139],[125.283081,43.83092],[125.283032,43.830825],[125.282888,43.830667],[125.282661,43.830517],[125.282347,43.830419],[125.281217,43.830257]],[[125.283009,43.834383],[125.283169,43.834195],[125.28322,43.832757],[125.283246,43.832589],[125.283336,43.832447]],[[125.283511,43.832451],[125.283576,43.832593],[125.283603,43.832845],[125.283576,43.833559],[125.28372,43.834313]],[[125.265571,43.827126],[125.265176,43.827081]],[[125.283105,43.832449],[125.283127,43.831139]]]}},{"type":"Feature","properties":{"highway":"unclassified","name":"云河街","osm_way_ids":[124151261]},"geometry":{"type":"MultiLineString","coordinates":[[[125.282403,43.814857],[125.280109,43.818847]]]}},{"type":"Feature","properties":{"highway":"tertiary","name":"星河街","osm_way_ids":[124151266]},"geometry":{"type":"MultiLineString","coordinates":[[[125.280466,43.814265],[125.277873,43.818782]]]}},{"type":"Feature","properties":{"highway":"service","osm_way_ids":[124151272,124432427,124432430,245948770,245948771,245948772,245948773,245948774,245955254,245955257,245955259,245955260,245955264,245955272,245955287,245955288,245955292,245955293,245955295,245955297,245955298,245955299,245955300,245955304,245955305,245955309,245955386,245955387,303312217,303312220,303470779,303474381,303474382,303474384,303474385,303474386,303474390,303476457,303476458,303476459,303476461,303476462,303476463,303476464,314748461,314748465,314749334,314815751,314815752,314815753,314815754,314815755,314815756,314815757,314815758,314815759,314815760,314815857,314815858,314815859,314815860,314815861,315858585,316007448,316007449,316007450,316007451,320147672,320147673,320147674,320147675,320147676,320147677,320147678,320147679,320147680,320147681,320147682,320147683,320147684,320147685,320147686,320147687,320147688,320147689,320147690,320147691,320147692,320147693,320147694,320147695,320147696,320147697,320147698,385966057,385966062,441916116,441916117,441916119,463630128,512453625,518140968,518140969,518140970,518140971,518140973,518140974,518140975,518140976,553698139,553698146,553698152,553698153,553698154,617823772,617823781,617823782,655283520,680842068,680842071,704142892,704142893,704142894,704142895,704142896,704142897,704142898,704142899,704142900,704142901,704142907,704142908,704142914,982369386,982369387,982369388,982369389,982369390,1268361168,1286165833,1286165861,1286165863,1286165864,1286176179,1286176180,1286176181,1286176183,1418804289,1418804295,1418804296,1418804298,1418804302,1419124393,1419124394,1419124395,1419124398,1419124399,1419124400,1419124402,1419124403,1419124405,1421291617,1421291623,1421291624,1421291625,1421291626,1421291627,1421291628,1421291632,1421291634,1421291635,1421291636,1421291638,1421291640,1421291641,1421291642,1425961671,1425961672,1425961673,1425961674,1472137973,1473632449,1473651061,1473651062,1473651063,1473651065,1473651066,1473651084,1473751427,1473751428,1473751433,1473759391,1473759394,1473759428,1473759429,1473764095,1473764096,1473764097,1473764098,1473764099,1473764100,1473764101,1473764102,1473764103,1473764104,1473764105,1473764106,1473764107,1473764116,1473764117,1473771033,1473779921,1473779942,1473779954,1473779973,1473788979,1473788980,1473789024,1473789029,1473789044,1473789045,1473789046,1473798909,1473814510,1473831130,1473831150,1473831151,1473853113,1473853140,1473853141,1473853142,1473890724,1473890742,1473917055,1473917058,1473917111,1473925006,1473925007,1473925014,1474041526,1474041527,1474041529,1474041530,1474041531,1474041532,1474041533,1474041534,1474041535,1474041536,1474041537,1474041538,1474041539,1474041540,1474041541,1474041542,1474041543,1474041544,1474041545,1474041546,1474041549,1474041550,1474041563,1474046536,1474056752,1474056754,1474056769,1474056770,1474056771,1474056775,1474056785,1474056786,1474056792,1474115595,1474115634,1474115656,1474115658,1474115659,1474115660,1474115661,1474115662,1474158140,1474160448,1474160449,1474160451,1474160452,1474160453,1474160454,1474160455,1474195305,1474195306,1474195314,1474195315,1474195316,1474195317,1474195319,1474195320,1474195321,1474195322,1474195323,1474195324,1474195325,1474195326,1474195327,1474195328,1474195397,1474195398,1474195399,1474195400,1474195402,1474195403,1474195404,1474195405,1474195406,1474195407,1474195408,1474195409,1474195410,1474195411,1474195431,1474195432,1474195433,1474472033,1474472061,1474472062,1474472063,1474472064,1474472149,1474472150,1474472151,1474472152,1474472153,1474472154,1474472155,1474472208,1474472209,1474610578,1474610747,1474610748,1474610749,1474610750,1474610751,1474610752,1474610753,1474610754,1474610755,1474610756,1474610757,1474610758,1474610759,1474610760,1474610761,1474610987,1474610988,1474679069,1474679070,1474679071,1474679072,1474679073,1474679074,1474679079,1474679080,1474679083,1474679084,1474679085,1474679087,1474679088,1474679089,1474679090,1474679091,1474679092,1474679093,1474679094,1474679097,1474679102,1474679103,1474679104,1474679105,1474679106,1474679107,1474679108,1474679109,1474679110,1474679111,1474679112,1474679113,1474679114,1474679115,1474679116,1474679117,1474679118,1474679119,1474679120,1474679121,1474679122,1474679123,1474679124,1474679125,1474679126,1474679127,1474679128,1474679129,1474679131,1474679132,1474759445,1474771923,1474771924,1474771925,1474771926,1474771927,1474771929,1474771930,1474771934,1474771935,1474771936,1474771937,1474771938,1474771939,1474771940,1474910531,1474910534,1474963026,1474963051,1474963052,1474963053,1474963055,1476087431,1476196740,1476196741,1476196742,1476196752,1476196754,1476196763,1476196764,1476196765,1478484604,1478740103,1478740104,1478740105,1478740106,1478740133,1478740134,1478740135,1478740136,1478740137,1478740138,1478740139,1478740140,1478740141,1478740172,1478740173,1478740174,1478740175,1478740176,1478740177,1478740178,1478740207,1478740208,1478740209,1478740210,1478740211,1478771722,1478771723,1478771724,1478771725,1478771726,1478771727,1478771728,1478771729,1478771730,1478771731,1478771732,1478771733,1478771734,1478771735,1478771736,1478771737,1478771738,1478771739,1478771740,1478771741,1478771899,1478771900,1478788166,1478788167,1478788168,1478788169,1478788170,1478788171,1478788172,1478788173,1478788174,1478788175,1478788176,1478788177,1478788178,1478788179,1478788180,1478788181,1478788182,1478788184,1478788185,1478788197,1478788229,1478788230,1478788231,1478788232,1478788233,1478788234,1478788235,1478788236,1478788237,1478788238,1478788331,1479662406,1479662407,1479662408,1479662409,1479662410,1479662412,1479662413,1479662414,1479662415,1479662416,1479662417,1480123438,1480123439,1480123445,1481053943,1517086756]},"geometry":{"type":"MultiLineString","coordinates":[[[125.282994,43.818919],[125.283587,43.81951],[125.283638,43.819724],[125.283316,43.819688]],[[125.273265,43.814513],[125.27319,43.814603],[125.273044,43.814697],[125.272614,43.81545]],[[125.295547,43.833388],[125.295562,43.830734]],[[125.257475,43.815167],[125.256705,43.815174],[125.256131,43.815592]],[[125.256131,43.815592],[125.256135,43.813971]],[[125.256705,43.815174],[125.256132,43.814775]],[[125.254908,43.816141],[125.2549,43.813967]],[[125.25613,43.814923],[125.255111,43.814922]],[[125.274613,43.819401],[125.27276,43.822559],[125.272772,43.822753]],[[125.276128,43.824242],[125.276153,43.822217]],[[125.283541,43.822264],[125.283396,43.82205],[125.283236,43.821918],[125.282571,43.821906]],[[125.28257,43.821824],[125.283237,43.821824],[125.283399,43.821709],[125.283556,43.821474]],[[125.272839,43.822416],[125.275849,43.82335],[125.276137,43.823365]],[[125.263174,43.816949],[125.266105,43.817889],[125.266227,43.81791]],[[125.26496,43.815148],[125.265971,43.815813]],[[125.266367,43.815787],[125.26705,43.815205],[125.267194,43.815153],[125.267344,43.815163],[125.267546,43.81532],[125.26921,43.816356]],[[125.270508,43.819546],[125.271563,43.817799]],[[125.266231,43.817365],[125.268512,43.81779],[125.271063,43.818613]],[[125.271241,43.818321],[125.276126,43.819875],[125.276223,43.819962]],[[125.27619,43.821303],[125.276223,43.819962],[125.277116,43.818436]],[[125.276223,43.819962],[125.276364,43.820014],[125.277931,43.820034],[125.278053,43.820104],[125.278268,43.820283]],[[125.277432,43.820024],[125.277473,43.819875],[125.27756,43.819712],[125.278057,43.818868]],[[125.277473,43.819875],[125.277686,43.819926],[125.277931,43.820034]],[[125.274969,43.81951],[125.275952,43.817908]],[[125.280983,43.820587],[125.282446,43.820606]],[[125.27202,43.817023],[125.269277,43.816174]],[[125.266215,43.816501],[125.268746,43.816969],[125.268977,43.816994],[125.271563,43.817799]],[[125.267447,43.817589],[125.268125,43.815688]],[[125.289248,43.837329],[125.289286,43.835879],[125.289322,43.835825],[125.289451,43.835789],[125.290833,43.83582],[125.294688,43.83585]],[[125.28812,43.837319],[125.288144,43.835758]],[[125.29392,43.81844],[125.293333,43.818752],[125.292884,43.818625],[125.292829,43.818114]],[[125.292102,43.833829],[125.292088,43.83413],[125.292151,43.834166],[125.293548,43.834196],[125.293719,43.834228],[125.294349,43.834436],[125.294767,43.834487],[125.294766,43.835271],[125.294692,43.835364],[125.294565,43.83538],[125.291038,43.835354],[125.290981,43.835386],[125.28976,43.835373],[125.289367,43.835336],[125.289064,43.835212],[125.288938,43.835132],[125.28886,43.835049],[125.288832,43.83497],[125.288815,43.833672]],[[125.295602,43.834963],[125.295153,43.834949],[125.295035,43.834891],[125.294996,43.83478],[125.295053,43.834643],[125.295151,43.834589],[125.295283,43.834569],[125.295597,43.834575]],[[125.289957,43.833803],[125.289908,43.833495],[125.289923,43.832946],[125.289914,43.832741],[125.289872,43.832645],[125.289875,43.831961],[125.288329,43.831952]],[[125.289723,43.838647],[125.28975,43.83776],[125.289771,43.837659],[125.289836,43.83762],[125.291642,43.837626],[125.291748,43.83766],[125.291866,43.83776],[125.291851,43.838675]],[[125.287486,43.8361],[125.292137,43.836138]],[[125.291885,43.83383],[125.291959,43.83213]],[[125.272563,43.831373],[125.272558,43.834126],[125.272597,43.834341],[125.272678,43.834465],[125.272959,43.834689],[125.273149,43.834771],[125.273569,43.834856],[125.274053,43.834771],[125.274241,43.834682],[125.274353,43.834593],[125.274487,43.834434],[125.274595,43.834109],[125.27459,43.833689]],[[125.273619,43.831375],[125.272421,43.831372],[125.272125,43.831418],[125.271855,43.831492],[125.271627,43.831585],[125.271438,43.831712],[125.271245,43.831878],[125.271071,43.832106],[125.270983,43.832389],[125.270974,43.832637],[125.271038,43.8329],[125.27117,43.833112],[125.271364,43.833298],[125.271564,43.833438],[125.271805,43.833561],[125.272344,43.833666],[125.275567,43.833685],[125.275777,43.833615]],[[125.273725,43.836206],[125.275427,43.8362],[125.275488,43.836181],[125.275513,43.836131],[125.275567,43.833685]],[[125.273522,43.831375],[125.27352,43.83075]],[[125.273569,43.834856],[125.273579,43.836073]],[[125.273422,43.836177],[125.271632,43.836183]],[[125.273624,43.830753],[125.273619,43.831375]],[[125.247954,43.81812],[125.248369,43.817879],[125.24859,43.81781],[125.249407,43.817352],[125.249894,43.817026],[125.250404,43.817503],[125.250537,43.817438]],[[125.247744,43.815132],[125.244798,43.812372],[125.245195,43.81217]],[[125.256325,43.834419],[125.252194,43.832407],[125.254633,43.830463]],[[125.287351,43.836519],[125.28437,43.836501]],[[125.285176,43.837274],[125.285204,43.835983],[125.286528,43.835988],[125.286498,43.837189]],[[125.28886,43.835049],[125.288671,43.835063],[125.288394,43.83495],[125.286888,43.834188],[125.286372,43.833879],[125.286245,43.833766]],[[125.283727,43.835104],[125.284001,43.835113],[125.28426,43.835054],[125.287421,43.83506]],[[125.285314,43.835747],[125.284325,43.835764],[125.284262,43.835707],[125.284248,43.833867],[125.285361,43.833886]],[[125.275706,43.836346],[125.281961,43.836409],[125.282071,43.836367],[125.282089,43.836315],[125.282111,43.835643],[125.282067,43.83558],[125.281958,43.835543],[125.277788,43.835502],[125.277746,43.836373]],[[125.279143,43.835514],[125.279091,43.837204]],[[125.281729,43.836407],[125.281739,43.83554]],[[125.28305,43.835993],[125.282099,43.836]],[[125.28031,43.836395],[125.280335,43.835521]],[[125.28279,43.834439],[125.282784,43.834998],[125.281763,43.83499],[125.281178,43.834773],[125.281014,43.834744],[125.281032,43.833818],[125.2811,43.833685]],[[125.281014,43.834744],[125.280081,43.834732],[125.280092,43.83435],[125.281016,43.834357]],[[125.281028,43.834014],[125.280239,43.834002],[125.28023,43.833836],[125.280275,43.833729],[125.280816,43.833735],[125.281032,43.833818]],[[125.282517,43.831758],[125.280992,43.831767],[125.28102,43.830284]],[[125.282517,43.831758],[125.282524,43.831394],[125.282495,43.831203],[125.282415,43.831071],[125.281799,43.830635],[125.281016,43.830625]],[[125.2711,43.839925],[125.271144,43.837873],[125.271087,43.837824],[125.270983,43.837792],[125.270339,43.837795],[125.270021,43.837767],[125.270028,43.837105]],[[125.299745,43.833921],[125.298888,43.833915],[125.298946,43.831751],[125.29891,43.831691],[125.298826,43.831669],[125.295555,43.831638]],[[125.296837,43.832621],[125.296858,43.831652]],[[125.296691,43.83165],[125.296701,43.830698],[125.29827,43.830705],[125.298241,43.831665]],[[125.298935,43.832169],[125.296848,43.832148]],[[125.26247,43.833542],[125.26576,43.833523],[125.266032,43.833452],[125.266292,43.833341],[125.266503,43.833196],[125.266791,43.832905],[125.266896,43.832762],[125.266984,43.832564],[125.267025,43.832383],[125.267021,43.830162],[125.266983,43.830023],[125.266753,43.829801],[125.266407,43.82969],[125.263036,43.82969],[125.262758,43.829746],[125.262479,43.829836],[125.262259,43.829968],[125.262086,43.830113],[125.261961,43.830307],[125.261884,43.830522],[125.261836,43.833029],[125.261875,43.833189],[125.26198,43.833313],[125.262124,43.833424],[125.262278,43.8335],[125.26247,43.833542]],[[125.26306,43.833537],[125.26307,43.834229],[125.263098,43.834326],[125.263214,43.834416],[125.263358,43.834457],[125.265557,43.834437],[125.265662,43.834395],[125.26573,43.834319],[125.265758,43.834229],[125.26576,43.833523]],[[125.267744,43.833004],[125.267725,43.833025],[125.267615,43.83303],[125.267271,43.832996],[125.267067,43.832908],[125.266896,43.832762]],[[125.268178,43.833233],[125.267744,43.833004]],[[125.263214,43.834416],[125.263148,43.834528],[125.263061,43.834557],[125.262979,43.834536],[125.262927,43.83449],[125.262927,43.83441],[125.262973,43.834339],[125.263086,43.834283]],[[125.262958,43.834518],[125.262644,43.834846]],[[125.261912,43.830444],[125.261472,43.830233],[125.260973,43.83008],[125.260973,43.830025],[125.261434,43.829976],[125.261654,43.82999],[125.261914,43.830066],[125.26206,43.830152]],[[125.260973,43.830058],[125.260627,43.82987]],[[125.256166,43.8307],[125.258304,43.830729],[125.258421,43.830712],[125.258578,43.830624],[125.258662,43.830534],[125.258691,43.830458],[125.258653,43.82919],[125.258634,43.829086],[125.258538,43.829003],[125.258422,43.828955],[125.257894,43.829017],[125.256329,43.829017],[125.256137,43.829031],[125.256003,43.829107],[125.255907,43.829232],[125.255859,43.829405],[125.255839,43.830181],[125.255868,43.830368],[125.255955,43.830576],[125.25606,43.830666],[125.256166,43.8307]],[[125.256021,43.830632],[125.255593,43.831063]],[[125.258578,43.830624],[125.25948,43.831063]],[[125.261037,43.827973],[125.261093,43.82803],[125.261079,43.828077],[125.26103,43.828107],[125.260935,43.828099],[125.260891,43.828037],[125.260915,43.827993],[125.260971,43.827968],[125.261037,43.827973]],[[125.260898,43.828014],[125.258642,43.828012]],[[125.258607,43.827939],[125.258643,43.827971],[125.25863,43.828029],[125.258562,43.828052],[125.258514,43.82804],[125.25848,43.82799],[125.258501,43.827951],[125.258607,43.827939]],[[125.258514,43.82804],[125.258189,43.828388]],[[125.25858,43.827932],[125.258614,43.82599],[125.258562,43.825893],[125.25841,43.825792],[125.258381,43.825708],[125.258439,43.825578],[125.259121,43.824875],[125.259296,43.824867],[125.260515,43.825443],[125.260491,43.826162],[125.260672,43.82636],[125.260736,43.826381],[125.262328,43.826385],[125.262415,43.826406],[125.262975,43.82668],[125.263004,43.826785],[125.261575,43.828354],[125.260649,43.829322],[125.260526,43.829383],[125.26038,43.829388],[125.260141,43.829333],[125.259436,43.828971],[125.259378,43.828904],[125.259255,43.828841],[125.259028,43.828799],[125.257127,43.827852],[125.257087,43.827794],[125.257081,43.827718],[125.257081,43.827049],[125.257162,43.826915],[125.257279,43.826852],[125.257366,43.826843],[125.258597,43.826835]],[[125.261037,43.827973],[125.261275,43.827698],[125.261294,43.82638]],[[125.260515,43.825443],[125.260934,43.825002]],[[125.261079,43.828077],[125.2619,43.828518]],[[125.258487,43.823816],[125.25817,43.824186],[125.258036,43.824262],[125.257392,43.824269],[125.257248,43.824234],[125.257143,43.824248],[125.257066,43.824311],[125.257027,43.824449],[125.257104,43.824837],[125.257114,43.825052],[125.256989,43.82535],[125.257037,43.826673],[125.256999,43.826805],[125.256893,43.826881],[125.256701,43.826908],[125.255155,43.826922],[125.255049,43.826881],[125.254809,43.826707],[125.254761,43.826617],[125.254713,43.824837],[125.2548,43.824574],[125.25479,43.824213],[125.254828,43.824144],[125.254905,43.824096],[125.255011,43.824068],[125.255789,43.824054],[125.255789,43.824276],[125.255827,43.824345],[125.255942,43.824421],[125.256038,43.824449],[125.257027,43.824449]],[[125.254755,43.826399],[125.254064,43.826403],[125.253976,43.826374],[125.253924,43.826298],[125.253901,43.826029],[125.253807,43.826008],[125.253347,43.826012],[125.253265,43.825995],[125.253219,43.825945],[125.253201,43.825751],[125.253154,43.825701],[125.253067,43.82568],[125.252735,43.825684],[125.252659,43.825646],[125.252554,43.825558],[125.252531,43.825221],[125.252572,43.825146],[125.252548,43.824994],[125.252886,43.824784],[125.252962,43.824767],[125.253154,43.824771],[125.253259,43.824805],[125.253563,43.824834],[125.253959,43.824818],[125.254303,43.824771],[125.25473,43.824789]],[[125.251138,43.828264],[125.251211,43.828178],[125.251293,43.82814],[125.251445,43.828136],[125.25152,43.828173],[125.251544,43.828249],[125.251499,43.82849]],[[125.254966,43.82806],[125.252226,43.828064],[125.252092,43.828043],[125.251713,43.82777],[125.251666,43.827686],[125.251655,43.827576],[125.251637,43.826193],[125.251678,43.826117],[125.251789,43.826079],[125.252389,43.826075]],[[125.251828,43.827855],[125.251491,43.828159]],[[125.25319,43.828824],[125.253161,43.82662],[125.253138,43.826553],[125.253062,43.826515],[125.252572,43.826515],[125.252485,43.826482],[125.252432,43.826423],[125.252432,43.826141],[125.252389,43.826075],[125.252397,43.82583],[125.252426,43.825741],[125.252602,43.825598]],[[125.252465,43.82571],[125.251662,43.825261]],[[125.254604,43.82806],[125.254598,43.827058]],[[125.253158,43.824129],[125.253155,43.823987],[125.253572,43.823447],[125.253955,43.82311],[125.253955,43.823086],[125.253609,43.822982],[125.253474,43.822974],[125.253178,43.823053],[125.25272,43.82295],[125.252857,43.821468],[125.252935,43.821427],[125.253768,43.821475],[125.25449,43.82116]],[[125.253609,43.822982],[125.253869,43.821444]],[[125.255943,43.834859],[125.256565,43.835103],[125.257702,43.835072],[125.258614,43.834128],[125.259,43.834144],[125.25973,43.834368],[125.260306,43.833722]],[[125.257702,43.835072],[125.255556,43.837271],[125.255491,43.837634],[125.255685,43.837912],[125.256297,43.8384],[125.255538,43.838829],[125.255241,43.839029]],[[125.257905,43.840737],[125.253904,43.837541],[125.255105,43.836125],[125.256232,43.834987],[125.257948,43.833099],[125.258217,43.833068],[125.261392,43.834585]],[[125.267744,43.833004],[125.267766,43.832979],[125.267731,43.832912],[125.267615,43.832815],[125.267487,43.832777],[125.267113,43.832735],[125.266927,43.832693]],[[125.281478,43.828361],[125.282321,43.828687],[125.282972,43.828984],[125.283128,43.829025]],[[125.273259,43.804328],[125.273194,43.804391],[125.273259,43.804569],[125.273428,43.804724],[125.273558,43.804791]],[[125.273558,43.804791],[125.273717,43.804858],[125.273988,43.804906],[125.275333,43.805101]],[[125.275333,43.805101],[125.275361,43.805182]],[[125.275361,43.805182],[125.275361,43.807278]],[[125.275361,43.807278],[125.276867,43.807272],[125.276828,43.808767],[125.277497,43.808778]],[[125.276828,43.808767],[125.275343,43.808767],[125.275361,43.807278]],[[125.275343,43.808767],[125.273333,43.808757],[125.273333,43.807234],[125.275361,43.807224]],[[125.275095,43.808765],[125.275095,43.809211],[125.27603,43.809221],[125.276058,43.809543],[125.277042,43.809768],[125.277325,43.808777]],[[125.268716,43.835062],[125.268471,43.835298],[125.268344,43.835541],[125.268336,43.836322],[125.268384,43.836399],[125.268629,43.836429],[125.269809,43.836425],[125.269918,43.836501],[125.269918,43.836647]],[[125.29555,43.83261],[125.298922,43.832637]],[[125.290825,43.836445],[125.294482,43.836491]],[[125.29212,43.837366],[125.292141,43.83583]],[[125.293598,43.837385],[125.293604,43.836182],[125.293646,43.836046],[125.293643,43.835849]],[[125.280977,43.829769],[125.280983,43.828952],[125.281031,43.82878],[125.281202,43.828556],[125.281478,43.828361]],[[125.283854,43.82813],[125.283977,43.828144]],[[125.28558,43.82747],[125.285716,43.82749],[125.285784,43.827557],[125.285886,43.827598]],[[125.260162,43.824161],[125.261019,43.823198],[125.261082,43.823092]],[[125.287906,43.829796],[125.287976,43.827948]],[[125.285687,43.827818],[125.28844,43.827846]],[[125.275994,43.812919],[125.277467,43.810343]],[[125.280803,43.811286],[125.277467,43.810343],[125.277112,43.810211],[125.271115,43.808472]],[[125.282702,43.807945],[125.282275,43.807879],[125.281005,43.807504],[125.280909,43.807432],[125.280918,43.807386],[125.281144,43.807285],[125.281246,43.807271],[125.281378,43.807289],[125.281511,43.807334],[125.281718,43.807471],[125.281884,43.807545],[125.282579,43.807734],[125.282784,43.807838]],[[125.282895,43.807634],[125.282308,43.80857],[125.282164,43.80895],[125.281896,43.809304],[125.281565,43.809949],[125.281312,43.81039],[125.281065,43.810746],[125.280803,43.811286],[125.280217,43.812299],[125.28013,43.812383],[125.279931,43.812429],[125.279269,43.813617]],[[125.277123,43.811821],[125.279167,43.812455],[125.279817,43.812614]],[[125.28013,43.812383],[125.280199,43.81244],[125.280337,43.812498],[125.283256,43.813384]],[[125.282594,43.814607],[125.283256,43.813384],[125.284063,43.812025],[125.285074,43.810199],[125.285287,43.80989],[125.28564,43.809221],[125.285809,43.808817],[125.285818,43.808624],[125.285648,43.808475],[125.284385,43.808086],[125.283885,43.808029],[125.283334,43.808066],[125.283145,43.808045],[125.282955,43.807977],[125.282784,43.807838]],[[125.285779,43.808576],[125.286257,43.808578],[125.286459,43.808607],[125.286868,43.80875],[125.287073,43.808893],[125.287214,43.809056],[125.287323,43.809123],[125.287921,43.809301],[125.288072,43.809421],[125.288135,43.809868],[125.288108,43.810035],[125.287861,43.810526],[125.28787,43.810756],[125.287729,43.811076],[125.287455,43.811195]],[[125.287861,43.810526],[125.287765,43.810531],[125.287587,43.810494],[125.287175,43.810398],[125.286943,43.810303],[125.28666,43.810268],[125.286269,43.810183],[125.285869,43.810009],[125.285794,43.809864],[125.285815,43.809762],[125.285977,43.809467],[125.286044,43.809252],[125.285971,43.808948],[125.28592,43.808854],[125.285811,43.808778]],[[125.286044,43.809252],[125.286104,43.80933],[125.286221,43.809399],[125.286549,43.809714],[125.286697,43.809816],[125.286961,43.809907],[125.287274,43.809892],[125.288037,43.810177]],[[125.276701,43.811658],[125.275721,43.811603]],[[125.275513,43.811948],[125.276269,43.812183],[125.276212,43.812286],[125.276324,43.812317]],[[125.274517,43.81216],[125.276138,43.812642]],[[125.261484,43.809423],[125.261524,43.810054],[125.258821,43.810106],[125.258735,43.810119],[125.258673,43.810156],[125.258626,43.810199],[125.258623,43.811426],[125.258558,43.811691]],[[125.257493,43.810985],[125.25862,43.810981]],[[125.257789,43.811676],[125.25781,43.810403],[125.257841,43.810353],[125.25792,43.810327],[125.258624,43.810322]],[[125.258558,43.811691],[125.258592,43.811789],[125.258693,43.811851],[125.259589,43.811851],[125.259648,43.811822],[125.260215,43.811187],[125.260718,43.810854],[125.260913,43.810788],[125.261708,43.810596],[125.261906,43.810532],[125.262252,43.810376],[125.262337,43.810225],[125.262305,43.810105],[125.262248,43.810067],[125.262138,43.810047],[125.261524,43.810054]],[[125.257793,43.811429],[125.258623,43.811426]],[[125.242694,43.829019],[125.243031,43.829043],[125.243454,43.829388],[125.243633,43.829461],[125.243753,43.829472],[125.243882,43.829431],[125.244351,43.829111],[125.244687,43.829088],[125.245112,43.829165],[125.245268,43.829087],[125.245942,43.828649]],[[125.25449,43.836849],[125.25424,43.836698]],[[125.243827,43.838782],[125.24418,43.838273],[125.244311,43.838185],[125.245225,43.836822]],[[125.245376,43.837173],[125.244155,43.83671]],[[125.245163,43.836914],[125.244248,43.836562]],[[125.275387,43.825752],[125.276353,43.824542]],[[125.275984,43.825027],[125.27729,43.825587],[125.278014,43.824694],[125.278159,43.824559]],[[125.27729,43.825587],[125.277441,43.825653],[125.277036,43.826138],[125.276992,43.826158],[125.276884,43.826139],[125.275544,43.825564]],[[125.277085,43.825501],[125.277101,43.825391],[125.277057,43.825298],[125.27692,43.825221],[125.276787,43.825186],[125.27667,43.825191],[125.276522,43.825263]],[[125.292865,43.8299],[125.292861,43.827353]],[[125.292867,43.829639],[125.291572,43.829633],[125.291587,43.828912],[125.291803,43.82868],[125.291817,43.828207]],[[125.292867,43.829498],[125.294293,43.829503],[125.294302,43.828216],[125.293674,43.828214]],[[125.291933,43.827356],[125.293673,43.827351]],[[125.290886,43.828201],[125.292863,43.828215]],[[125.268742,43.815291],[125.268848,43.815272],[125.268463,43.813997],[125.268698,43.81374],[125.270218,43.814466],[125.270018,43.814684],[125.268495,43.813956]],[[125.267918,43.813671],[125.267472,43.813393]],[[125.268073,43.813549],[125.267633,43.813267]],[[125.2679,43.813686],[125.268138,43.813498]],[[125.268138,43.813498],[125.270208,43.814472],[125.270017,43.814683],[125.2679,43.813686]],[[125.267988,43.813495],[125.268644,43.812993],[125.268753,43.812999],[125.269108,43.813191],[125.269133,43.81327],[125.269096,43.813395],[125.269103,43.813518],[125.269164,43.813605],[125.269238,43.813668],[125.269514,43.813761],[125.269648,43.813763],[125.271469,43.813456],[125.27171,43.813526],[125.27159,43.813733],[125.271605,43.813849],[125.271397,43.814187],[125.271984,43.814389],[125.271624,43.814984]],[[125.267776,43.814503],[125.26771,43.814309],[125.269377,43.814065],[125.270584,43.813862]],[[125.269292,43.814041],[125.269935,43.813935],[125.269976,43.814093],[125.269836,43.814297]],[[125.271397,43.814187],[125.271308,43.814158],[125.271197,43.813758],[125.271095,43.813773]],[[125.267845,43.813625],[125.267129,43.814203],[125.267326,43.814817],[125.267692,43.815295],[125.268169,43.815576]],[[125.270713,43.813588],[125.270851,43.814017],[125.271308,43.814158]],[[125.268169,43.815576],[125.269387,43.815386]],[[125.268412,43.815731],[125.269307,43.815587]],[[125.26863,43.815869],[125.269232,43.815774]],[[125.272614,43.81545],[125.270986,43.814684],[125.27056,43.815155],[125.270192,43.814985],[125.270137,43.81504],[125.269636,43.814801],[125.269546,43.815021]],[[125.268595,43.814434],[125.269708,43.814237]],[[125.268832,43.815219],[125.268865,43.815214]],[[125.268838,43.815124],[125.269546,43.815021]],[[125.268169,43.815576],[125.268851,43.816011],[125.269157,43.815961],[125.269453,43.815222]],[[125.269546,43.815021],[125.269453,43.815222],[125.268789,43.815323],[125.268984,43.815989]],[[125.268138,43.813498],[125.268316,43.813345]],[[125.271976,43.814386],[125.272371,43.813749],[125.273217,43.814011],[125.272423,43.81536]],[[125.27159,43.813733],[125.272253,43.813939]],[[125.272004,43.813687],[125.271914,43.813834]],[[125.268801,43.810732],[125.269175,43.810155]],[[125.269845,43.80977],[125.268823,43.809785],[125.268828,43.810053],[125.269175,43.810155]],[[125.269175,43.810155],[125.269415,43.809773]],[[125.268815,43.809946],[125.269307,43.809949]],[[125.264738,43.824269],[125.263639,43.825467]],[[125.272164,43.821425],[125.27322,43.821756]],[[125.277495,43.821333],[125.278113,43.821101],[125.278197,43.821047],[125.278226,43.820991]],[[125.278226,43.820991],[125.278246,43.820309],[125.278268,43.820283],[125.279088,43.820292],[125.279067,43.821004],[125.278226,43.820991]],[[125.279067,43.821004],[125.279278,43.821121],[125.279851,43.821366]],[[125.278231,43.820838],[125.279072,43.820849]],[[125.279088,43.820292],[125.279225,43.820294],[125.279204,43.821086]],[[125.276741,43.819083],[125.277745,43.819392],[125.278188,43.81944],[125.278317,43.819508],[125.278395,43.81958]],[[125.281355,43.820592],[125.281363,43.820296]],[[125.281359,43.82046],[125.282378,43.820473],[125.282373,43.820605]],[[125.27543,43.81876],[125.274801,43.818564],[125.2749,43.818394],[125.275533,43.818591]],[[125.280886,43.8243],[125.279606,43.824279],[125.279505,43.82426],[125.279463,43.824214],[125.279473,43.823846],[125.277792,43.82383],[125.277786,43.824189],[125.277741,43.824238],[125.277659,43.82426],[125.276128,43.824242]],[[125.280886,43.8243],[125.280976,43.82434],[125.282858,43.824364],[125.282878,43.823864],[125.282851,43.823826],[125.282798,43.82381],[125.282188,43.823833],[125.280922,43.823713]],[[125.273237,43.819628],[125.272331,43.819342],[125.272278,43.81934],[125.272177,43.819407],[125.272022,43.819653],[125.271962,43.819672],[125.271271,43.819459],[125.271413,43.819174],[125.271403,43.819069],[125.271364,43.819037],[125.270903,43.818888]],[[125.271614,43.819564],[125.271506,43.819742]],[[125.276137,43.823365],[125.276689,43.823372],[125.276787,43.823409],[125.277697,43.823417],[125.277826,43.823383],[125.277793,43.823543],[125.277792,43.82383]],[[125.280925,43.823455],[125.27948,43.823441],[125.279473,43.823846]],[[125.277826,43.823383],[125.277832,43.823039],[125.277924,43.822957],[125.278575,43.822968]],[[125.278594,43.822997],[125.278692,43.822997],[125.278698,43.822948],[125.278601,43.822937],[125.278575,43.822968],[125.278594,43.822997]],[[125.278706,43.822969],[125.279403,43.822982],[125.279475,43.82307],[125.27948,43.823441]],[[125.27957,43.822288],[125.279498,43.822388],[125.278993,43.822694],[125.278294,43.822685],[125.277777,43.822346],[125.277717,43.822271]],[[125.278651,43.822279],[125.278645,43.822931]],[[125.278993,43.822694],[125.27919,43.822699],[125.279214,43.822736],[125.279204,43.822977]],[[125.278294,43.822685],[125.278154,43.822685],[125.278083,43.822729],[125.278077,43.82296]],[[125.277924,43.822957],[125.277928,43.822726],[125.278083,43.822729]],[[125.279214,43.822736],[125.279413,43.82274],[125.279403,43.822982]],[[125.278119,43.82296],[125.278116,43.823057],[125.279156,43.823071],[125.27916,43.822976]],[[125.278643,43.823005],[125.278642,43.823064]],[[125.276133,43.823837],[125.276683,43.823843]],[[125.28092,43.823876],[125.280574,43.823873]],[[125.273093,43.821975],[125.27364,43.82214],[125.273683,43.822171],[125.273704,43.822207],[125.273688,43.822283],[125.273487,43.822612]],[[125.274373,43.822879],[125.273867,43.82374],[125.273898,43.823851],[125.274033,43.8239],[125.27431,43.823961],[125.276136,43.823487]],[[125.273331,43.823774],[125.272763,43.823935]],[[125.272237,43.822687],[125.272396,43.822412],[125.272778,43.822528]],[[125.26849,43.818336],[125.268755,43.818412]],[[125.27077,43.820997],[125.271192,43.821128]],[[125.272164,43.821425],[125.271702,43.821284]],[[125.269349,43.821464],[125.270508,43.819546]],[[125.271222,43.820227],[125.270276,43.819932]],[[125.270713,43.821095],[125.270471,43.821018],[125.270452,43.820974],[125.270531,43.820838],[125.27058,43.820813],[125.270832,43.820892]],[[125.270452,43.820974],[125.270148,43.820881]],[[125.270225,43.820747],[125.270531,43.820838]],[[125.269766,43.822672],[125.269847,43.822542]],[[125.268512,43.81779],[125.269061,43.816272]],[[125.266204,43.81613],[125.266031,43.816096],[125.265927,43.815995],[125.265914,43.815932],[125.265971,43.815813],[125.266117,43.815744],[125.266205,43.815738],[125.266367,43.815787],[125.266454,43.8159],[125.266455,43.815966],[125.266369,43.81608],[125.266204,43.81613]],[[125.266227,43.81791],[125.266386,43.817852],[125.266486,43.817856],[125.26683,43.817949],[125.266749,43.818096],[125.266373,43.818005],[125.266386,43.817852]],[[125.266386,43.817852],[125.266391,43.817767],[125.266451,43.817661],[125.266914,43.817796],[125.26683,43.817949]],[[125.266749,43.818096],[125.266895,43.818228],[125.266817,43.818406]],[[125.264819,43.817475],[125.264936,43.817294],[125.265129,43.817362],[125.265015,43.817538]],[[125.26558,43.81772],[125.265618,43.81757],[125.265607,43.817431],[125.265817,43.817168],[125.265899,43.817168],[125.265955,43.81721],[125.266227,43.817141]],[[125.265618,43.81757],[125.265756,43.817552],[125.265883,43.817436],[125.265951,43.817314],[125.265955,43.81721]],[[125.263803,43.817152],[125.263692,43.817341]],[[125.262716,43.81904],[125.262429,43.819263]],[[125.266509,43.82127],[125.265991,43.821838]],[[125.266414,43.821372],[125.266923,43.821617]],[[125.265378,43.821742],[125.265066,43.821592]],[[125.25891,43.820797],[125.259256,43.820961]],[[125.259185,43.820571],[125.259958,43.820946],[125.259672,43.821269],[125.259632,43.821297],[125.259532,43.821314],[125.259322,43.82122],[125.259301,43.821158],[125.259631,43.820788]],[[125.259486,43.820326],[125.260431,43.820783]],[[125.262506,43.822825],[125.263389,43.821875]],[[125.262168,43.821288],[125.261296,43.822221],[125.261391,43.82227]],[[125.2615,43.823297],[125.261397,43.82337],[125.260492,43.824322]],[[125.262205,43.823021],[125.261812,43.823445]],[[125.260764,43.822937],[125.261152,43.822516]],[[125.259775,43.822107],[125.26099,43.822691]],[[125.262046,43.823193],[125.263118,43.823708]],[[125.261152,43.822516],[125.262205,43.823021]],[[125.261379,43.822743],[125.261838,43.822968]],[[125.261082,43.823092],[125.261451,43.822665]],[[125.261914,43.822888],[125.261584,43.823241],[125.2615,43.823297]],[[125.260543,43.821274],[125.26139,43.821682],[125.261491,43.821572],[125.261086,43.821374],[125.26098,43.821485]],[[125.260155,43.821696],[125.260988,43.822098],[125.260881,43.822213],[125.260477,43.822018],[125.260584,43.821903]],[[125.261152,43.822516],[125.261391,43.82227],[125.261735,43.822438],[125.261498,43.822687]],[[125.262565,43.822856],[125.262427,43.822786],[125.262205,43.823021]],[[125.2613,43.822363],[125.261644,43.822532]],[[125.261735,43.822438],[125.261772,43.822455]],[[125.262427,43.822786],[125.26211,43.822628],[125.26188,43.822871]],[[125.262081,43.822614],[125.26211,43.822628]],[[125.262348,43.82287],[125.262029,43.822714]],[[125.261867,43.821616],[125.263085,43.822198]],[[125.262869,43.822096],[125.262687,43.822191],[125.262528,43.822218],[125.262447,43.822208],[125.262128,43.82206],[125.262082,43.822014],[125.262042,43.821899],[125.26208,43.821718]],[[125.263585,43.823201],[125.263125,43.822977],[125.263213,43.822881],[125.263312,43.822775],[125.263771,43.822999]],[[125.259144,43.822436],[125.258881,43.822308],[125.25911,43.822058],[125.259375,43.822183]],[[125.265197,43.82318],[125.265429,43.822936],[125.265505,43.822799],[125.265965,43.8223],[125.265944,43.82226],[125.265674,43.822129],[125.2656,43.822146],[125.26513,43.822662],[125.265165,43.822713],[125.265457,43.822855]],[[125.263268,43.825286],[125.263536,43.824999],[125.263541,43.824932],[125.264077,43.824362],[125.263763,43.824209],[125.263689,43.824227],[125.263219,43.824742],[125.263254,43.824794],[125.263541,43.824932]],[[125.265512,43.823334],[125.266622,43.822147]],[[125.265837,43.824787],[125.263266,43.823547]],[[125.266691,43.823913],[125.264094,43.822648]],[[125.264376,43.824094],[125.264171,43.824318],[125.264077,43.824362]],[[125.263619,43.825299],[125.263558,43.825321],[125.263384,43.825244],[125.263268,43.825286]],[[125.265688,43.823221],[125.265744,43.823256],[125.265751,43.823295],[125.265655,43.823404]],[[125.26315,43.823673],[125.26344,43.823814]],[[125.265691,43.823142],[125.265793,43.823217],[125.26582,43.823279],[125.26571,43.823431]],[[125.266061,43.824533],[125.265859,43.824439]],[[125.26389,43.823459],[125.264623,43.82382],[125.264376,43.824094]],[[125.265195,43.823388],[125.265324,43.823242]],[[125.264395,43.823204],[125.26453,43.823066],[125.265195,43.823388],[125.265064,43.823536]],[[125.264395,43.823204],[125.265064,43.823536],[125.264935,43.823675],[125.264274,43.823349],[125.264395,43.823204]],[[125.26421,43.82311],[125.264395,43.823204]],[[125.263757,43.823604],[125.264491,43.823966]],[[125.259882,43.821985],[125.259647,43.821874]],[[125.274911,43.823803],[125.274806,43.823606]],[[125.274503,43.82391],[125.274522,43.823676],[125.275108,43.823531],[125.275336,43.823692]],[[125.277925,43.819091],[125.276923,43.818768]],[[125.27683,43.818929],[125.277834,43.819244]],[[125.27646,43.819566],[125.277473,43.819875]],[[125.277649,43.819559],[125.276645,43.819247]],[[125.276553,43.819406],[125.27756,43.819712]],[[125.280559,43.828223],[125.280973,43.828335],[125.281001,43.828363],[125.280822,43.828769],[125.280798,43.829448],[125.280749,43.829518],[125.280642,43.829578],[125.280632,43.829769]],[[125.278734,43.829751],[125.278724,43.829575],[125.278592,43.829518],[125.278517,43.829427],[125.278521,43.828718],[125.278545,43.828677],[125.278583,43.828651],[125.278712,43.828631],[125.280345,43.828662],[125.280654,43.828027]],[[125.272717,43.827171],[125.272871,43.825246],[125.273119,43.825125]],[[125.272933,43.827177],[125.272492,43.827153],[125.272445,43.827106],[125.271789,43.82707]],[[125.273199,43.826761],[125.273304,43.825229],[125.273425,43.824916]],[[125.274129,43.826245],[125.273245,43.826203]],[[125.277013,43.828937],[125.274585,43.828903]],[[125.276963,43.829729],[125.277027,43.828731]],[[125.274983,43.826915],[125.277486,43.827976]],[[125.277761,43.827618],[125.275281,43.826559]],[[125.276094,43.827882],[125.277203,43.828342],[125.27795,43.827373],[125.277961,43.827255],[125.276974,43.82681]],[[125.275431,43.827603],[125.274757,43.828433],[125.273054,43.82836]],[[125.272904,43.827536],[125.272706,43.827548],[125.271094,43.827472],[125.270778,43.827267],[125.270459,43.827542],[125.270992,43.82789],[125.272868,43.827983]],[[125.272904,43.827536],[125.274704,43.827607],[125.274781,43.827569],[125.2748,43.827337]],[[125.277208,43.826524],[125.276094,43.827882],[125.274576,43.827242],[125.273142,43.827178]],[[125.272967,43.826752],[125.274079,43.826797],[125.274181,43.825665],[125.275383,43.826172],[125.275634,43.825857]],[[125.270099,43.823663],[125.269353,43.823419]],[[125.269153,43.823745],[125.269903,43.823984]],[[125.269169,43.82372],[125.268209,43.823418]],[[125.269389,43.82336],[125.268428,43.823055]],[[125.271544,43.824002],[125.273117,43.824533]],[[125.271832,43.823542],[125.271471,43.824121],[125.270818,43.82392],[125.270973,43.823624]],[[125.269574,43.823058],[125.270248,43.823281],[125.270389,43.823366],[125.270975,43.823562],[125.270973,43.823624],[125.271644,43.82384]],[[125.268641,43.822692],[125.269603,43.823011]],[[125.26967,43.824398],[125.27031,43.823319]],[[125.268948,43.82408],[125.26967,43.824398],[125.270369,43.824613],[125.270583,43.82427],[125.269867,43.824041]],[[125.268094,43.823737],[125.268948,43.82408]],[[125.269766,43.822672],[125.269703,43.822846],[125.268948,43.82408]],[[125.272182,43.82469],[125.271906,43.825191],[125.272489,43.825441]],[[125.273179,43.824951],[125.272681,43.824843],[125.271871,43.824594],[125.27124,43.82444],[125.271103,43.824433],[125.270861,43.824483],[125.270775,43.824526],[125.270582,43.82474]],[[125.275657,43.824539],[125.275518,43.824798],[125.275455,43.824825],[125.27536,43.824825],[125.275295,43.824805],[125.27526,43.824763],[125.275187,43.824536]],[[125.274357,43.825317],[125.274869,43.824672],[125.274891,43.824535]],[[125.273775,43.824359],[125.273425,43.824916]],[[125.256131,43.815592],[125.256051,43.815656],[125.256048,43.815958]],[[125.255307,43.820893],[125.256123,43.820926],[125.256158,43.821005]],[[125.257651,43.820597],[125.258668,43.819772]],[[125.257528,43.820518],[125.257852,43.820726]],[[125.258874,43.819901],[125.258539,43.819691],[125.257227,43.820764],[125.257062,43.820836],[125.256743,43.821081],[125.256331,43.821069],[125.256158,43.821005],[125.255337,43.820976],[125.255286,43.820836],[125.255303,43.820583],[125.255713,43.820549],[125.256799,43.820592],[125.257128,43.820803]],[[125.260388,43.815975],[125.259834,43.815735],[125.259587,43.815717],[125.259475,43.815747],[125.259258,43.815861],[125.259007,43.816126],[125.258925,43.816285],[125.258886,43.816505],[125.258948,43.816705],[125.259279,43.816941],[125.259343,43.817015],[125.259428,43.817197],[125.259877,43.817771],[125.260737,43.817767],[125.260785,43.817803]],[[125.262756,43.816775],[125.262642,43.816663],[125.262656,43.816527],[125.262777,43.816422],[125.26292,43.816364]],[[125.262656,43.816527],[125.260573,43.81572],[125.260388,43.815975],[125.261768,43.816622],[125.261914,43.816783],[125.261934,43.81687],[125.261874,43.817038],[125.261788,43.817112],[125.261436,43.817285],[125.261285,43.817387],[125.261,43.817598],[125.260356,43.81817],[125.260728,43.818404]],[[125.26323,43.816121],[125.263064,43.815978],[125.263082,43.815913],[125.263172,43.815843]],[[125.263389,43.816107],[125.263494,43.816178]],[[125.26292,43.816364],[125.2631,43.816499]],[[125.26292,43.816364],[125.26323,43.816121],[125.263308,43.816173],[125.263471,43.816039],[125.263172,43.815843],[125.264012,43.815153],[125.264071,43.815142],[125.264124,43.815162],[125.264477,43.815388]],[[125.28053,43.824753],[125.280533,43.824611]],[[125.278478,43.824567],[125.278481,43.824723],[125.281964,43.824774],[125.281964,43.824629]],[[125.282684,43.819083],[125.282994,43.818919]],[[125.282589,43.818117],[125.282115,43.818907]],[[125.283045,43.818059],[125.282966,43.818233]],[[125.282782,43.818176],[125.282877,43.818017],[125.282951,43.818015]],[[125.283306,43.818337],[125.282589,43.818117],[125.282712,43.817896],[125.282959,43.817972]],[[125.283362,43.817562],[125.283143,43.817937],[125.2831,43.817967]],[[125.283243,43.817526],[125.283155,43.81767],[125.283056,43.81771],[125.282948,43.817894],[125.28298,43.817954]],[[125.282959,43.817972],[125.283011,43.817943],[125.283076,43.81795],[125.283113,43.81799],[125.283098,43.818035],[125.283045,43.818059],[125.282985,43.81805],[125.282951,43.818015],[125.282959,43.817972]],[[125.282994,43.818919],[125.283423,43.818131],[125.283098,43.818035]],[[125.282684,43.819083],[125.283316,43.819688]],[[125.28203,43.819053],[125.282416,43.819237]],[[125.281961,43.819173],[125.282515,43.819308],[125.282684,43.819083]],[[125.281863,43.819341],[125.282351,43.81936],[125.282438,43.819195],[125.282115,43.818907],[125.281863,43.819341]],[[125.283515,43.819438],[125.283221,43.819597]],[[125.282822,43.819215],[125.283132,43.819057]],[[125.282941,43.819329],[125.283249,43.819173]],[[125.257789,43.811676],[125.257784,43.811861],[125.258464,43.811854],[125.258499,43.811794],[125.258576,43.811744]],[[125.257789,43.811676],[125.257493,43.811675]],[[125.270475,43.806081],[125.270476,43.806168],[125.270397,43.806168],[125.270399,43.806814],[125.270538,43.806813],[125.270535,43.806081]],[[125.270737,43.806229],[125.270736,43.80608]],[[125.270082,43.806081],[125.27163,43.806078]],[[125.271628,43.806226],[125.271628,43.806378],[125.271227,43.806377],[125.271224,43.806227]],[[125.27163,43.806078],[125.271628,43.806226],[125.270737,43.806229]],[[125.27163,43.806078],[125.272045,43.806078],[125.272032,43.806656],[125.271944,43.806719],[125.27083,43.806718],[125.270774,43.806703],[125.270741,43.806659],[125.270737,43.806229]],[[125.245773,43.808489],[125.24347,43.808514],[125.242419,43.809083]],[[125.245773,43.808409],[125.247641,43.808415]],[[125.245853,43.81457],[125.243888,43.812702]],[[125.243662,43.812684],[125.245703,43.814662]],[[125.249894,43.817026],[125.24902,43.816173]],[[125.250758,43.817968],[125.250731,43.818026],[125.250449,43.818174],[125.250267,43.818007],[125.250267,43.817975],[125.250449,43.817868],[125.250474,43.817814]],[[125.25058,43.817759],[125.250255,43.817929],[125.250209,43.817977],[125.25022,43.818021],[125.250476,43.818247],[125.250524,43.818259],[125.250822,43.818098],[125.250848,43.818063],[125.25058,43.817759],[125.250404,43.817503],[125.249985,43.817669],[125.249387,43.817802],[125.249189,43.817887],[125.249052,43.818005],[125.248786,43.818447],[125.248492,43.818634]],[[125.24902,43.816173],[125.247923,43.815138]],[[125.246957,43.817164],[125.249053,43.816025]],[[125.249139,43.816107],[125.247062,43.817266]],[[125.249785,43.817084],[125.248904,43.816242]],[[125.24486,43.815126],[125.246919,43.813994]],[[125.246995,43.814066],[125.244945,43.815207]],[[125.245965,43.813087],[125.244751,43.813736]],[[125.254947,43.818752],[125.254947,43.816442]],[[125.254403,43.819118],[125.254405,43.81875],[125.255503,43.818754],[125.255497,43.819116]],[[125.272783,43.829035],[125.272009,43.829009],[125.271781,43.82895],[125.271253,43.828715]],[[125.272817,43.828618],[125.271566,43.828327],[125.271078,43.828931],[125.271641,43.829167],[125.272092,43.829247],[125.272764,43.82927]],[[125.272868,43.827983],[125.275042,43.828079]],[[125.293826,43.823726],[125.295396,43.823741],[125.295509,43.823711],[125.295635,43.823711]],[[125.294403,43.824439],[125.294408,43.823422]],[[125.295614,43.824419],[125.295406,43.824419],[125.295341,43.824449],[125.293436,43.824429]],[[125.287942,43.828854],[125.28895,43.828863]],[[125.287016,43.829094],[125.287932,43.829109]],[[125.287037,43.828761],[125.287945,43.828771]],[[125.287952,43.828587],[125.288979,43.828608]],[[125.287021,43.828385],[125.287959,43.828401]],[[125.287059,43.828082],[125.28797,43.828097]],[[125.289314,43.826211],[125.290086,43.826213]],[[125.289318,43.825903],[125.288558,43.825895]],[[125.289319,43.825838],[125.290094,43.825841]],[[125.289325,43.825437],[125.290097,43.825446]],[[125.288586,43.825524],[125.289324,43.825525]],[[125.288604,43.825148],[125.289329,43.825155]],[[125.28863,43.826321],[125.289312,43.826328]],[[125.289336,43.824722],[125.289304,43.826876],[125.290074,43.826879],[125.2901,43.825144],[125.290074,43.825128],[125.28933,43.825119]],[[125.286919,43.825791],[125.286941,43.824695]],[[125.288478,43.826147],[125.286933,43.826135]],[[125.288469,43.826534],[125.286924,43.826512]],[[125.28683,43.827468],[125.286007,43.827464]],[[125.287643,43.827542],[125.286829,43.827534]],[[125.286825,43.827828],[125.286841,43.826702]],[[125.285545,43.82412],[125.286855,43.82414],[125.286951,43.824092],[125.286973,43.823774]],[[125.285521,43.822899],[125.286994,43.822909]],[[125.265976,43.808443],[125.266308,43.807911],[125.26661,43.807973]],[[125.273528,43.836528],[125.273551,43.836456],[125.273673,43.836376],[125.274349,43.836353]],[[125.273479,43.836577],[125.273094,43.83658]],[[125.273501,43.8367],[125.273611,43.8367]],[[125.273367,43.837142],[125.273399,43.837026],[125.27352,43.836871],[125.273523,43.836732],[125.273481,43.836672],[125.273479,43.836559],[125.273528,43.836528],[125.27358,43.836559],[125.273619,43.836869],[125.273717,43.837024],[125.273732,43.837148]],[[125.271632,43.836183],[125.271639,43.835633],[125.271593,43.835574],[125.271019,43.835144],[125.270921,43.835101],[125.270697,43.835081],[125.268783,43.835086],[125.268716,43.835062],[125.268686,43.835024],[125.268693,43.833736],[125.268767,43.833693],[125.269724,43.833695]],[[125.253561,43.815118],[125.251144,43.815114],[125.250921,43.814922],[125.250916,43.814384]],[[125.25355,43.816142],[125.253574,43.81397]],[[125.278044,43.829568],[125.277105,43.829551]],[[125.278325,43.828347],[125.27766,43.828334]],[[125.278526,43.827853],[125.278135,43.827693],[125.278347,43.827446],[125.278728,43.827604]],[[125.278065,43.828785],[125.278146,43.828666],[125.278297,43.828597],[125.278317,43.828558],[125.278311,43.828119],[125.278963,43.827311]],[[125.277447,43.828776],[125.277569,43.828586],[125.278297,43.828597]],[[125.278052,43.829274],[125.277377,43.829262],[125.277407,43.828817],[125.277447,43.828776],[125.278065,43.828785]],[[125.27804,43.829742],[125.278065,43.828785]],[[125.275565,43.81223],[125.276102,43.812392],[125.276146,43.812392],[125.276212,43.812286]],[[125.275513,43.811948],[125.27645,43.810379]],[[125.286245,43.833766],[125.295596,43.833873]],[[125.28844,43.827846],[125.28851,43.824711]],[[125.277348,43.815744],[125.27666,43.81699]],[[125.275409,43.815164],[125.274808,43.816176]],[[125.287016,43.821297],[125.286973,43.823774],[125.285558,43.823759]],[[125.295613,43.83783],[125.297639,43.837854]],[[125.28964,43.837786],[125.288657,43.83777]],[[125.288659,43.837496],[125.289135,43.837502],[125.289198,43.837549],[125.289647,43.837558]],[[125.289652,43.837397],[125.28962,43.83842],[125.288652,43.83841],[125.28866,43.837386]],[[125.28599,43.83765],[125.286811,43.837657],[125.28679,43.838315]],[[125.285994,43.837361],[125.28598,43.838303],[125.28679,43.838315]],[[125.28573,43.837591],[125.285667,43.837587],[125.285614,43.837556],[125.2856,43.83728]],[[125.285806,43.837284],[125.285802,43.837552],[125.28573,43.837591]],[[125.284561,43.839698],[125.284587,43.83827],[125.284685,43.838196],[125.285523,43.838198],[125.285616,43.838171],[125.285731,43.837962],[125.285762,43.83774],[125.28573,43.837591]],[[125.295628,43.825044],[125.296594,43.825056]],[[125.282568,43.832168],[125.28134,43.832159]],[[125.281339,43.831996],[125.282555,43.832009]],[[125.28134,43.832301],[125.281339,43.831765]],[[125.282517,43.831758],[125.282573,43.83222],[125.282955,43.83222]],[[125.279529,43.832278],[125.279839,43.832557]],[[125.278481,43.832394],[125.278485,43.832161]],[[125.280483,43.832855],[125.280435,43.832957],[125.280338,43.833063],[125.280224,43.833095],[125.280106,43.833091],[125.279974,43.833052],[125.278009,43.832189],[125.277804,43.832085],[125.277755,43.832022],[125.277821,43.831897],[125.277994,43.83179],[125.278486,43.831783]],[[125.278944,43.832733],[125.27941,43.832259]],[[125.279361,43.832154],[125.27944,43.832085],[125.279524,43.832078],[125.279622,43.832128],[125.279633,43.832209],[125.279559,43.832271],[125.279445,43.832273],[125.279382,43.832237],[125.279361,43.832154]],[[125.27963,43.831306],[125.279624,43.832048],[125.279598,43.832106]],[[125.2799,43.831049],[125.280513,43.831049],[125.280478,43.832487]],[[125.278852,43.831105],[125.279461,43.831111]],[[125.279688,43.83021],[125.279688,43.8307],[125.279805,43.830729],[125.279905,43.830827],[125.279894,43.831308],[125.279464,43.831305],[125.27946,43.830879],[125.279489,43.830798],[125.279613,43.83071],[125.279688,43.8307]],[[125.276251,43.83425],[125.277774,43.834261]],[[125.275769,43.833896],[125.277882,43.833916]],[[125.276263,43.833523],[125.277517,43.83354]],[[125.275786,43.833169],[125.277566,43.833178]],[[125.276284,43.832805],[125.277607,43.832809]],[[125.27631,43.832089],[125.277648,43.832099]],[[125.275801,43.832457],[125.277781,43.832468]],[[125.276245,43.834444],[125.277745,43.83445]],[[125.275985,43.834609],[125.277647,43.834619]],[[125.275746,43.834813],[125.277569,43.834828]],[[125.276839,43.831656],[125.276877,43.831789],[125.276856,43.832093],[125.276877,43.832292],[125.277141,43.832808],[125.277172,43.833018],[125.277151,43.833271],[125.276848,43.833819],[125.276775,43.833999],[125.276764,43.834821]],[[125.282784,43.834998],[125.282994,43.835068]],[[125.275647,43.830963],[125.275822,43.830965]],[[125.274557,43.833688],[125.274554,43.832521],[125.27459,43.832409],[125.274566,43.830915],[125.274609,43.830831],[125.274692,43.830761],[125.274839,43.830716],[125.275637,43.830719],[125.275618,43.831495],[125.275555,43.831553],[125.275514,43.832062],[125.275524,43.833526],[125.275579,43.833585],[125.275691,43.833585],[125.275777,43.833615]],[[125.272748,43.835111],[125.274326,43.835109]],[[125.272757,43.835433],[125.274377,43.835433]],[[125.272705,43.835769],[125.274366,43.835775]],[[125.271637,43.835766],[125.272533,43.835761]],[[125.271427,43.835449],[125.272599,43.835444]],[[125.271907,43.835143],[125.27191,43.834792]],[[125.271019,43.835144],[125.272569,43.835142]],[[125.271187,43.834793],[125.272587,43.834792]],[[125.272644,43.834412],[125.271696,43.834412],[125.271523,43.834386],[125.270851,43.83438]],[[125.272558,43.834045],[125.272079,43.834045],[125.271767,43.834008],[125.271332,43.834007]],[[125.268691,43.834354],[125.269651,43.83436],[125.269685,43.834376],[125.269684,43.834697]],[[125.26969,43.835084],[125.269684,43.834697]],[[125.268688,43.834682],[125.269646,43.834704],[125.269748,43.834685],[125.270252,43.834682]],[[125.268689,43.834587],[125.267863,43.834584]],[[125.268692,43.834267],[125.268093,43.834265]],[[125.269785,43.837103],[125.269783,43.836985],[125.269852,43.836869],[125.269859,43.836672],[125.269918,43.836647],[125.269974,43.836677],[125.270028,43.837105]],[[125.273618,43.836289],[125.273673,43.836376]],[[125.273422,43.836177],[125.273455,43.836115],[125.273579,43.836073],[125.2737,43.83612],[125.273725,43.836206],[125.273656,43.836277],[125.273535,43.83629],[125.27344,43.836236],[125.273422,43.836177]],[[125.273578,43.830438],[125.273574,43.830132]],[[125.273756,43.830499],[125.273802,43.830584],[125.273738,43.83071],[125.273585,43.830757],[125.273482,43.830739],[125.273401,43.830689],[125.273361,43.830597],[125.273372,43.830548],[125.27345,43.830469],[125.273578,43.830438],[125.273707,43.830466],[125.273756,43.830499]],[[125.285314,43.835747],[125.28644,43.835748],[125.286482,43.834131],[125.286096,43.833902],[125.285361,43.833886]],[[125.285361,43.833886],[125.285314,43.835747]],[[125.290857,43.833816],[125.290892,43.833921],[125.290881,43.834022],[125.290798,43.83412],[125.290682,43.834182],[125.290519,43.834191],[125.290358,43.834137],[125.290293,43.834074],[125.290272,43.834011],[125.290324,43.833889],[125.290436,43.83381]],[[125.291919,43.833056],[125.293526,43.833072]],[[125.291947,43.8324],[125.293552,43.83241]],[[125.293888,43.831745],[125.292722,43.831734],[125.292622,43.831876]],[[125.288816,43.834068],[125.289532,43.834074]],[[125.288813,43.834755],[125.289701,43.834763]],[[125.288816,43.834037],[125.28689,43.83402]],[[125.288815,43.834285],[125.28737,43.834273]],[[125.289922,43.832995],[125.28841,43.832977]],[[125.288523,43.832342],[125.289873,43.832362]],[[125.293637,43.833734],[125.286192,43.833638]],[[125.286826,43.832929],[125.288255,43.832948]],[[125.286757,43.833759],[125.286806,43.833642],[125.286828,43.832714],[125.286884,43.83264],[125.286954,43.832605],[125.287021,43.832602],[125.288362,43.832631],[125.288459,43.832607],[125.288496,43.832559],[125.288526,43.832412],[125.288515,43.832089],[125.288177,43.831841],[125.288158,43.831783],[125.288188,43.831729],[125.288263,43.831698],[125.288365,43.83169],[125.29058,43.831723]],[[125.287173,43.831182],[125.287851,43.831192]],[[125.287846,43.831407],[125.287169,43.831402]],[[125.29477,43.834698],[125.295019,43.834696]],[[125.295005,43.834845],[125.294773,43.834849]],[[125.29081,43.83741],[125.290802,43.837623]],[[125.292143,43.836094],[125.293625,43.836116],[125.293772,43.836098],[125.294545,43.836104]],[[125.293596,43.836938],[125.292372,43.836932]],[[125.290821,43.836709],[125.291321,43.836717],[125.291415,43.836792],[125.291508,43.83681],[125.292128,43.836812]],[[125.290815,43.83711],[125.290462,43.837098],[125.290411,43.837019],[125.29043,43.836591],[125.290487,43.836554],[125.290823,43.836549]],[[125.289259,43.836996],[125.290411,43.837019]],[[125.28927,43.836674],[125.290422,43.836694]],[[125.28928,43.836361],[125.290826,43.836376]],[[125.288128,43.83691],[125.287584,43.836908]],[[125.28813,43.83679],[125.289266,43.8368]],[[125.288137,43.836444],[125.289277,43.836456]],[[125.287189,43.830236],[125.287151,43.832405],[125.288419,43.832418],[125.288431,43.832136],[125.287866,43.831743],[125.287841,43.831636],[125.287855,43.830814],[125.287733,43.830738],[125.287181,43.830732]],[[125.275876,43.837812],[125.27583,43.839801],[125.275874,43.839855],[125.278272,43.839891],[125.278331,43.837816]],[[125.27834,43.83749],[125.275882,43.837475],[125.275876,43.837812],[125.278331,43.837816]],[[125.277075,43.837249],[125.277077,43.837812]],[[125.282314,43.837914],[125.2831,43.837918]],[[125.281214,43.837302],[125.281245,43.837559],[125.281355,43.83776],[125.282318,43.837768],[125.282313,43.837959],[125.28228,43.838025],[125.282276,43.838381],[125.281712,43.838381]],[[125.278673,43.837553],[125.280861,43.837575]],[[125.280856,43.837879],[125.279353,43.83787]],[[125.279358,43.837664],[125.28086,43.837675]],[[125.279351,43.837975],[125.280855,43.837984]],[[125.279366,43.837279],[125.279339,43.838526]],[[125.280865,43.837298],[125.280848,43.838417],[125.280788,43.838458],[125.280108,43.838456],[125.280101,43.837288]],[[125.267542,43.83729],[125.271153,43.83733],[125.271258,43.8373],[125.275684,43.83737]],[[125.268919,43.837785],[125.268876,43.837739],[125.268857,43.837609],[125.268814,43.837586],[125.267953,43.837582],[125.26787,43.837613],[125.267838,43.837738],[125.267876,43.837791],[125.267968,43.837815],[125.268132,43.837818]],[[125.270021,43.837767],[125.269061,43.837769],[125.268919,43.837785],[125.268875,43.837824],[125.268849,43.838301],[125.26885,43.838612],[125.268876,43.838656],[125.26895,43.838699],[125.269092,43.838722],[125.269717,43.838728]],[[125.264069,43.841263],[125.264511,43.84087],[125.26598,43.839455],[125.26606,43.839165],[125.266278,43.838763],[125.2663,43.838675],[125.266349,43.837622]],[[125.256311,43.821301],[125.256331,43.821069]]]}},{"type":"Feature","properties":{"highway":"tertiary","name":"震宇街","osm_way_ids":[124151273]},"geometry":{"type":"MultiLineString","coordinates":[[[125.28846,43.816691],[125.288416,43.816806],[125.288364,43.818518],[125.288217,43.824708]]]}},{"type":"Feature","properties":{"highway":"tertiary","name":"开宇街","osm_way_ids":[124151275]},"geometry":{"type":"MultiLineString","coordinates":[[[125.290861,43.829873],[125.290886,43.828201],[125.291065,43.822343],[125.291137,43.818568],[125.291169,43.817824],[125.291302,43.81754]]]}},{"type":"Feature","properties":{"highway":"secondary","name":"南湖中街","osm_way_ids":[236501678,238487012]},"geometry":{"type":"MultiLineString","coordinates":[[[125.299132,43.79364],[125.299129,43.803742],[125.29887,43.812071],[125.298805,43.813445],[125.298636,43.814152],[125.298421,43.814645],[125.29593,43.818903],[125.29581,43.819005]],[[125.29581,43.819005],[125.295789,43.818861],[125.298321,43.814481],[125.298509,43.814003],[125.298634,43.81342],[125.298919,43.803762],[125.298949,43.80108],[125.298952,43.794034]]]}},{"type":"Feature","properties":{"highway":"tertiary","name":"火炬路","osm_way_ids":[238369390,1474610903]},"geometry":{"type":"MultiLineString","coordinates":[[[125.284334,43.817857],[125.273265,43.814513]],[[125.291137,43.818568],[125.287947,43.818524],[125.287646,43.818539],[125.286734,43.81871],[125.286471,43.818716],[125.286187,43.818694],[125.285878,43.818628],[125.284699,43.818286]]]}},{"type":"Feature","properties":{"highway":"tertiary","name":"华明街","osm_way_ids":[238482292]},"geometry":{"type":"MultiLineString","coordinates":[[[125.295922,43.803181],[125.295912,43.806181]]]}},{"type":"Feature","properties":{"highway":"primary_link","osm_way_ids":[238482299,238482302,300885848,300885849,300885851,300885852,385966136,396851103,396851104,617823771,617823780,808296567,808296568,808296569,808296570,1255231138,1255231141,1255815750,1255815759,1255815763,1255815768,1259319947,1268361167,1425961676,1425961677,1425961678,1425961688,1434987965,1434987966,1474472066,1474610898,1474610899,1474610900,1474610901,1474679101,1474771928,1474963049,1474963050,1474976926,1474976927,1474976928,1474976929,1474976930,1474976931,1517086820]},"geometry":{"type":"MultiLineString","coordinates":[[[125.289049,43.804148],[125.288823,43.80383],[125.288677,43.803681],[125.288512,43.803566],[125.286446,43.80246],[125.286204,43.802338],[125.286052,43.802298]],[[125.292745,43.802761],[125.292342,43.802845],[125.290255,43.803615],[125.290026,43.803752],[125.289863,43.803884],[125.28978,43.803983],[125.289624,43.80427]],[[125.28529,43.816643],[125.285479,43.816218],[125.285484,43.81615],[125.285382,43.816007],[125.285298,43.815949],[125.283989,43.815469]],[[125.287601,43.816562],[125.287096,43.81648],[125.286584,43.816337],[125.286341,43.816313],[125.286131,43.81637],[125.285986,43.816478],[125.285731,43.816815]],[[125.284171,43.815395],[125.285234,43.81563],[125.285472,43.815642],[125.285658,43.815591],[125.285738,43.815525],[125.285982,43.815115]],[[125.28679,43.815328],[125.286569,43.815764],[125.286559,43.815909],[125.286641,43.816035],[125.287201,43.816243],[125.287671,43.816449]],[[125.283612,43.829096],[125.283825,43.829645]],[[125.289075,43.807675],[125.289239,43.806997]],[[125.289439,43.80699],[125.289588,43.807559]],[[125.28235,43.829766],[125.282682,43.82971],[125.282945,43.829567],[125.28309,43.829346],[125.283243,43.827638],[125.283438,43.826831]],[[125.283671,43.826291],[125.283873,43.826654],[125.283832,43.829057],[125.283856,43.829212],[125.283961,43.829423],[125.284117,43.829574],[125.284333,43.829702],[125.284487,43.829764]],[[125.283825,43.829645],[125.283936,43.82979],[125.284071,43.829895],[125.284212,43.82996],[125.284498,43.83003]],[[125.284498,43.83003],[125.284766,43.830059],[125.285248,43.830063],[125.285596,43.830112]],[[125.283126,43.829637],[125.283381,43.829085]],[[125.282138,43.829987],[125.282461,43.829966],[125.28279,43.829887],[125.282975,43.829793],[125.283126,43.829637]],[[125.257315,43.82149],[125.257611,43.823009]],[[125.257584,43.823252],[125.25475,43.823352]],[[125.261786,43.82542],[125.261616,43.825206]],[[125.278036,43.82996],[125.279652,43.829957],[125.282138,43.829987]],[[125.284425,43.830329],[125.284151,43.8305],[125.284074,43.830595],[125.284023,43.830736]],[[125.282961,43.830822],[125.282901,43.830545],[125.282792,43.830373]],[[125.27074,43.830455],[125.2708,43.830108],[125.270793,43.829946],[125.270638,43.829652]],[[125.245022,43.82948],[125.244979,43.829612],[125.244338,43.830029],[125.244248,43.830212],[125.244311,43.830484]],[[125.270072,43.810815],[125.270275,43.811111],[125.270485,43.811248]],[[125.269457,43.811457],[125.269505,43.811285],[125.269456,43.811144],[125.269377,43.811054]],[[125.270289,43.811331],[125.270038,43.81138],[125.269691,43.811514]],[[125.269425,43.810935],[125.269711,43.810836],[125.269837,43.810663]],[[125.264186,43.826315],[125.264443,43.826293]],[[125.263885,43.826016],[125.263948,43.82619]],[[125.255032,43.821273],[125.25535,43.821333],[125.256885,43.821389],[125.257067,43.821345]],[[125.287626,43.81199],[125.288026,43.811614]],[[125.288548,43.810704],[125.288718,43.810031]],[[125.288749,43.811802],[125.288639,43.812308]],[[125.289505,43.810277],[125.289379,43.810563],[125.289188,43.81085]],[[125.250739,43.817221],[125.250935,43.817299],[125.251041,43.817316]],[[125.272011,43.830005],[125.271614,43.830119],[125.271083,43.830389],[125.270884,43.830581],[125.270786,43.830638]],[[125.289053,43.805142],[125.28872,43.804846]],[[125.28872,43.804846],[125.288925,43.804923],[125.289052,43.804881]],[[125.250748,43.817458],[125.250495,43.817399]],[[125.25093,43.817812],[125.250927,43.81763]],[[125.253424,43.819757],[125.253632,43.819794]],[[125.253276,43.819451],[125.253284,43.819627]],[[125.252379,43.818776],[125.252653,43.818856]],[[125.259857,43.824354],[125.259404,43.824265]],[[125.25457,43.823276],[125.254625,43.823183],[125.254839,43.821402]]]}},{"type":"Feature","properties":{"highway":"secondary","osm_way_ids":[238482300,238482301,238503226,288679903,288679909,288679910,1255231136,1255231139]},"geometry":{"type":"MultiLineString","coordinates":[[[125.289588,43.807559],[125.289606,43.809013],[125.289541,43.81001],[125.289398,43.810743],[125.28905,43.811585],[125.287282,43.814664],[125.287079,43.814969],[125.286497,43.815686],[125.285946,43.816457],[125.28505,43.817941],[125.28492,43.818104],[125.284699,43.818286]],[[125.284553,43.818176],[125.284581,43.817921],[125.284661,43.817719],[125.285664,43.815992],[125.285867,43.815489],[125.286096,43.814802],[125.286282,43.814371],[125.288453,43.810548],[125.2888,43.809822],[125.28894,43.809382],[125.28904,43.808911],[125.289078,43.808367],[125.289059,43.805685]],[[125.254227,43.820917],[125.253786,43.820481]],[[125.254146,43.820283],[125.254609,43.820705]],[[125.253786,43.820481],[125.251337,43.8182],[125.244012,43.81125],[125.239142,43.806593],[125.239011,43.806423],[125.235828,43.803407],[125.235602,43.803246],[125.235369,43.803138],[125.235021,43.803019],[125.234697,43.802967]],[[125.237092,43.802817],[125.236905,43.802874],[125.236787,43.802941],[125.236677,43.803042],[125.236611,43.803154],[125.2366,43.803361],[125.236651,43.803477],[125.236754,43.803592],[125.237786,43.804583],[125.239557,43.806359],[125.254146,43.820283]],[[125.254609,43.820705],[125.25473,43.820831],[125.254773,43.821018]],[[125.254782,43.821347],[125.254659,43.821302],[125.254227,43.820917]]]}},{"type":"Feature","properties":{"highway":"tertiary","name":"泰春街","osm_way_ids":[238495219,238495220]},"geometry":{"type":"MultiLineString","coordinates":[[[125.279572,43.802219],[125.279541,43.806215],[125.27947,43.806406]],[[125.27947,43.806406],[125.279405,43.806209],[125.279406,43.802198]]]}},{"type":"Feature","properties":{"highway":"tertiary","name":"飞跃中路","osm_way_ids":[238499465]},"geometry":{"type":"MultiLineString","coordinates":[[[125.241661,43.842394],[125.245376,43.837173],[125.245843,43.836476],[125.247965,43.833524],[125.251499,43.82849]]]}},{"type":"Feature","properties":{"highway":"tertiary","name":"飞跃路辅路","osm_way_ids":[238503223,300788151]},"geometry":{"type":"MultiLineString","coordinates":[[[125.256787,43.82167],[125.257067,43.821345],[125.268725,43.811955],[125.268954,43.811869]],[[125.269363,43.811771],[125.269062,43.812106],[125.2688,43.81234],[125.261731,43.818017],[125.257993,43.821052],[125.257714,43.82116]]]}},{"type":"Feature","properties":{"highway":"tertiary","name":"博识路","osm_way_ids":[245946733]},"geometry":{"type":"MultiLineString","coordinates":[[[125.254122,43.819128],[125.256629,43.819118],[125.256845,43.819094],[125.257048,43.819044],[125.257301,43.818942],[125.257982,43.818447],[125.258038,43.818377],[125.258088,43.818216],[125.258067,43.817552],[125.257904,43.817363],[125.257633,43.817167],[125.257507,43.817017],[125.257482,43.816872],[125.257473,43.816146]]]}},{"type":"Feature","properties":{"highway":"footway","osm_way_ids":[245948783,245955318,245955348,245955350,245955355,245955358,245955377,245985961,314748462,314748463,379285151,379285153,636199921,636199923,636199926,636199928,636199931,636199934,636199937,636199939,680842072,696154864,704142905,704142909,704142910,704142911,704142912,704142913,704142915,704142916,704142917,704142918,704142920,704142921,704142924,704142925,704142926,704142927,704142928,704142929,704142930,704142931,704142932,819156029,819156030,819156035,842337666,842337671,1286176186,1286205871,1286482210,1425961681,1425961682,1425961683,1425961684,1425961687,1425961689,1425961690,1425961691,1425961692,1425961693,1425961694,1425961695,1425961696,1425961697,1425961698,1425961699,1425961700,1425961701,1425961703,1425961705,1425961707,1425961709,1425961710,1473632405,1473632406,1473632407,1473632408,1473632409,1473632410,1473632411,1473632412,1473632413,1473632414,1473632415,1473632416,1473632417,1473632418,1473632419,1473632443,1473632444,1473632447,1473632448,1473632450,1473632451,1473632452,1473632453,1473632454,1473632455,1473632456,1473632457,1473632461,1473632462,1473632463,1473632464,1473632465,1473632466,1473632467,1473632468,1473632469,1473632470,1473632471,1473632472,1473632473,1473632474,1473632475,1473632484,1473632485,1473632492,1473632493,1473651057,1473651058,1473651059,1473651060,1473651064,1473651067,1473651068,1473651069,1473651070,1473651071,1473651088,1473651089,1473651090,1473651091,1473651092,1473651093,1473651094,1473651112,1473651113,1473651114,1473651115,1473651116,1473651117,1473651125,1473651128,1473651129,1473651130,1473651131,1473651132,1473651133,1473751403,1473751404,1473751405,1473751410,1473751411,1473751412,1473751413,1473751414,1473751415,1473751416,1473751417,1473751418,1473751419,1473751420,1473751421,1473751422,1473751429,1473751436,1473751437,1473751438,1473751439,1473751440,1473759398,1473759399,1473759400,1473759401,1473759402,1473759403,1473759404,1473759405,1473759406,1473759407,1473759408,1473759409,1473759410,1473759416,1473759417,1473759418,1473759419,1473759420,1473759421,1473759422,1473759423,1473759424,1473759425,1473759427,1473759430,1473759431,1473759436,1473759437,1473759438,1473759439,1473759440,1473759441,1473759442,1473759443,1473759444,1473759445,1473759446,1473759447,1473759448,1473759449,1473759450,1473759451,1473759452,1473759453,1473759454,1473759455,1473759456,1473759457,1473759458,1473759459,1473759460,1473764108,1473764109,1473764110,1473764111,1473764112,1473764113,1473764114,1473764115,1473764118,1473764119,1473764121,1473764122,1473771018,1473771019,1473771020,1473771021,1473771022,1473771023,1473771024,1473771027,1473771028,1473771029,1473771030,1473771032,1473771034,1473771035,1473771037,1473771038,1473779923,1473779924,1473779925,1473779926,1473779927,1473779928,1473779929,1473779930,1473779931,1473779932,1473779933,1473779934,1473779935,1473779943,1473779944,1473779945,1473779946,1473779948,1473779949,1473779950,1473779951,1473779955,1473779960,1473779963,1473779964,1473779967,1473779968,1473779969,1473779970,1473779971,1473779972,1473779974,1473779976,1473779977,1473779978,1473779979,1473779981,1473779982,1473779983,1473779984,1473779987,1473779992,1473779993,1473779994,1473779995,1473779996,1473779997,1473779998,1473788977,1473788978,1473788981,1473788982,1473788983,1473788985,1473788986,1473788987,1473788988,1473788989,1473788990,1473788991,1473788992,1473789007,1473789008,1473789009,1473789010,1473789011,1473789012,1473789013,1473789014,1473789015,1473789016,1473789025,1473789026,1473789027,1473789028,1473789032,1473789033,1473789034,1473789035,1473789036,1473789037,1473789038,1473789039,1473789040,1473789041,1473789042,1473789043,1473789047,1473789048,1473789049,1473789050,1473789051,1473789052,1473789053,1473789054,1473789055,1473789061,1473798912,1473798913,1473798914,1473798915,1473798916,1473798917,1473798918,1473798919,1473798920,1473798921,1473798922,1473798923,1473798924,1473798925,1473798926,1473798927,1473798928,1473798931,1473798932,1473798933,1473798934,1473798935,1473798936,1473798937,1473798938,1473798948,1473798949,1473798950,1473798951,1473798952,1473798955,1473798956,1473798957,1473798958,1473798959,1473798960,1473798961,1473798963,1473798964,1473798965,1473798966,1473798967,1473798968,1473798969,1473798970,1473798971,1473798972,1473798973,1473798974,1473798975,1473798978,1473798979,1473814442,1473814443,1473814444,1473814445,1473814446,1473814447,1473814448,1473814449,1473814450,1473814451,1473814452,1473814453,1473814454,1473814455,1473814456,1473814457,1473814458,1473814459,1473814460,1473814461,1473814462,1473814463,1473814464,1473814466,1473814467,1473814468,1473814469,1473814470,1473814471,1473814472,1473814473,1473814474,1473814475,1473814476,1473814478,1473814483,1473814485,1473814487,1473814488,1473814489,1473814490,1473814491,1473814492,1473814493,1473814494,1473814495,1473814496,1473814497,1473814498,1473814499,1473814500,1473814501,1473814503,1473814504,1473814505,1473814506,1473814513,1473814514,1473814519,1473814520,1473814521,1473814522,1473814523,1473814524,1473814525,1473814526,1473814527,1473814528,1473814529,1473814530,1473814531,1473814532,1473814533,1473814534,1473814535,1473814536,1473831104,1473831105,1473831106,1473831107,1473831108,1473831109,1473831110,1473831111,1473831112,1473831113,1473831118,1473831119,1473831120,1473831121,1473831122,1473831125,1473831126,1473831131,1473831132,1473831133,1473831134,1473831135,1473831136,1473831137,1473831138,1473831140,1473831142,1473831152,1473853091,1473853092,1473853093,1473853094,1473853095,1473853099,1473853101,1473853102,1473853103,1473853104,1473853105,1473853106,1473853107,1473853108,1473853109,1473853110,1473853111,1473853112,1473853114,1473853115,1473853120,1473853121,1473853122,1473853125,1473853126,1473853136,1473853137,1473853138,1473853139,1473853143,1473853144,1473853145,1473853147,1473853151,1473853152,1473853153,1473853154,1473853155,1473853156,1473853158,1473853159,1473853160,1473853161,1473873872,1473873873,1473873876,1473873877,1473873878,1473873879,1473873880,1473873881,1473873882,1473873883,1473873884,1473873885,1473873886,1473873887,1473873888,1473873889,1473873890,1473873891,1473873892,1473873893,1473873894,1473873895,1473873896,1473873897,1473873898,1473873900,1473873901,1473873903,1473873904,1473873905,1473873906,1473873907,1473873908,1473873909,1473873910,1473873911,1473873912,1473873913,1473873914,1473873915,1473873916,1473873917,1473873918,1473873919,1473873920,1473873921,1473873922,1473873923,1473873924,1473873925,1473873926,1473873927,1473873928,1473873929,1473873930,1473873931,1473873932,1473873933,1473873936,1473873960,1473873961,1473873962,1473873963,1473873964,1473873965,1473873966,1473873967,1473873968,1473873969,1473890729,1473890730,1473890731,1473890732,1473890733,1473890734,1473890735,1473890736,1473890737,1473890744,1473890747,1473890748,1473890749,1473890750,1473890751,1473890752,1473890753,1473890754,1473890755,1473890756,1473890757,1473890758,1473890759,1473890760,1473890761,1473890762,1473890763,1473890764,1473890765,1473890766,1473890767,1473890768,1473890769,1473890770,1473890771,1473890773,1473890774,1473890775,1473890776,1473890777,1473890778,1473890788,1473890789,1473890790,1473890791,1473890792,1473890793,1473890794,1473917037,1473917038,1473917039,1473917040,1473917042,1473917043,1473917044,1473917045,1473917046,1473917047,1473917048,1473917049,1473917050,1473917051,1473917052,1473917059,1473917060,1473917061,1473917066,1473917068,1473917071,1473917073,1473917074,1473917075,1473917076,1473917077,1473917078,1473917079,1473917080,1473917081,1473917082,1473917083,1473917084,1473917085,1473917086,1473917087,1473917088,1473917089,1473917090,1473917091,1473917092,1473917093,1473917094,1473917095,1473917096,1473917097,1473917098,1473917099,1473917112,1473917113,1473917114,1473917115,1473917116,1473917117,1473917118,1473917119,1473917120,1473917121,1473917122,1473917123,1473917124,1473924993,1473924994,1473924996,1473924997,1473924998,1473924999,1473925000,1473925001,1473925002,1473925008,1473925009,1473925010,1473925011,1473925012,1473925013,1473925015,1473925016,1473925017,1473925018,1473925019,1473925026,1473925027,1473925028,1473925029,1473925030,1473925031,1474041551,1474041552,1474041554,1474041555,1474041556,1474041557,1474041558,1474041559,1474041560,1474041561,1474041562,1474041564,1474041565,1474041566,1474041567,1474041568,1474041569,1474041570,1474041571,1474041572,1474041573,1474041574,1474041576,1474041578,1474041579,1474041580,1474041581,1474041582,1474041606,1474041612,1474046476,1474046486,1474046487,1474046493,1474046495,1474046503,1474046504,1474046505,1474046506,1474046507,1474046508,1474046509,1474046510,1474046511,1474046514,1474046515,1474046516,1474046517,1474046520,1474046521,1474046522,1474046523,1474046524,1474056760,1474056761,1474056762,1474056766,1474056767,1474056772,1474056773,1474056774,1474056777,1474056778,1474056788,1474056789,1474056790,1474056791,1474056793,1474056794,1474056795,1474056796,1474056797,1474056798,1474056799,1474056800,1474056801,1474056802,1474056803,1474056804,1474056805,1474056806,1474056807,1474056808,1474056809,1474056810,1474056811,1474056812,1474056813,1474056814,1474056824,1474056825,1474115563,1474115564,1474115565,1474115566,1474115567,1474115568,1474115569,1474115577,1474115578,1474115579,1474115580,1474115581,1474115582,1474115583,1474115584,1474115585,1474115586,1474115593,1474115594,1474115596,1474115597,1474115598,1474115599,1474115600,1474115601,1474115602,1474115609,1474115627,1474115628,1474115629,1474115630,1474115631,1474115633,1474115635,1474115636,1474115637,1474115638,1474115639,1474115640,1474115641,1474115642,1474115643,1474115644,1474115645,1474115657,1474115663,1474115664,1474115665,1474195244,1474195318,1474195361,1474195362,1474195363,1474195364,1474195365,1474195366,1474195367,1474195368,1474195369,1474195370,1474195371,1474195372,1474195373,1474195374,1474195375,1474195376,1474195377,1474195378,1474195379,1474195380,1474195381,1474195382,1474195383,1474195384,1474195385,1474195386,1474195387,1474195388,1474195389,1474195390,1474195391,1474195392,1474195393,1474195394,1474195395,1474195396,1474195401,1474472017,1474472030,1474472042,1474472043,1474472044,1474472046,1474472047,1474472048,1474472049,1474472050,1474472051,1474472052,1474472056,1474472057,1474472058,1474472059,1474472060,1474472067,1474472068,1474472069,1474472070,1474472071,1474472072,1474472073,1474472074,1474472075,1474472076,1474472077,1474472078,1474472079,1474472080,1474472083,1474472086,1474472087,1474472088,1474472089,1474472090,1474472091,1474472092,1474472093,1474472094,1474472095,1474472096,1474472097,1474472098,1474472099,1474472100,1474472101,1474472102,1474472103,1474472104,1474472105,1474472106,1474472107,1474472108,1474472109,1474472110,1474472111,1474472112,1474472113,1474472114,1474472115,1474472116,1474472117,1474472118,1474472119,1474472120,1474472121,1474472122,1474472123,1474472124,1474472125,1474472126,1474472127,1474472128,1474472129,1474472130,1474472131,1474472132,1474472133,1474472134,1474472135,1474472136,1474472137,1474472138,1474472139,1474472140,1474472141,1474472142,1474472143,1474472144,1474472145,1474472146,1474472147,1474472148,1474472156,1474472157,1474472161,1474472162,1474472163,1474472164,1474472165,1474472166,1474472167,1474472168,1474472169,1474472170,1474472171,1474472172,1474472173,1474472174,1474472175,1474472176,1474472177,1474472178,1474472179,1474472180,1474472181,1474472182,1474472196,1474472207,1474679068,1474679133,1474759399,1474759400,1474759401,1474759402,1474759412,1474759413,1474759414,1474759415,1474759416,1474759417,1474759418,1474759419,1474759420,1474759421,1474759422,1474759423,1474759424,1474759425,1474759426,1474759428,1474759429,1474759430,1474759431,1474759432,1474759433,1474759434,1474759435,1474759436,1474759437,1474759438,1474759439,1474759440,1474759441,1474759442,1474759443,1474759444,1474759446,1474759447,1474759448,1474759452,1474759460,1474759461,1474759462,1474759463,1474759464,1474759465,1474759466,1474759467,1474759468,1474759469,1474759470,1474759471,1474759472,1474759473,1474759474,1474759475,1474759476,1474759477,1474759478,1474759479,1474759480,1474759481,1474759482,1474759483,1474759486,1474759487,1474759488,1474759489,1474759490,1474759491,1474759492,1474759493,1474759494,1474759495,1474771932,1474771933,1474771942,1474771943,1474771944,1474771945,1474771946,1474771947,1474771948,1474771949,1474910522,1474910524,1474910525,1474910527,1474910528,1474910530,1474910535,1474910536,1474910537,1474910538,1474910539,1474910540,1474910541,1474910542,1474910543,1474910544,1474910545,1474910546,1474910547,1474910548,1474910549,1474910550,1474910551,1474910552,1474910553,1474910554,1474910555,1474910556,1474910557,1474910558,1474910559,1474910560,1474910561,1474910562,1474910563,1474910564,1474910565,1474910566,1474910567,1474910568,1474910569,1474910570,1474910571,1474910572,1474910573,1474910574,1474910575,1474910576,1474910577,1474910578,1474910579,1474910580,1474910581,1474910582,1476060016,1476060017,1517086755,1517086757,1517086758,1517086759,1517086760,1517086761,1517086762]},"geometry":{"type":"MultiLineString","coordinates":[[[125.257475,43.815167],[125.258202,43.815155],[125.25873,43.815055],[125.259085,43.815154]],[[125.274373,43.822879],[125.274927,43.821909]],[[125.276156,43.822154],[125.276164,43.82191]],[[125.276172,43.82137],[125.276162,43.821671]],[[125.281982,43.821813],[125.281987,43.821862],[125.281932,43.821951],[125.281813,43.821996],[125.281691,43.821992],[125.281625,43.82195],[125.28157,43.821858],[125.281606,43.821763],[125.281752,43.8217],[125.281911,43.821731],[125.281982,43.821813]],[[125.282573,43.821866],[125.281987,43.821862]],[[125.275243,43.82043],[125.27611,43.820675]],[[125.273414,43.821246],[125.272548,43.820972]],[[125.249008,43.817577],[125.246899,43.815619],[125.245853,43.81457]],[[125.245703,43.814662],[125.248868,43.817653]],[[125.259085,43.815154],[125.259266,43.815223]],[[125.259266,43.815223],[125.259715,43.815391],[125.259999,43.815388],[125.260646,43.815618],[125.260804,43.815699],[125.262733,43.816451]],[[125.283823,43.826296],[125.283882,43.826364],[125.283941,43.826613],[125.283908,43.829044],[125.283954,43.829294],[125.284136,43.829517],[125.28426,43.8296],[125.28453,43.829689],[125.284662,43.829717],[125.285637,43.829716]],[[125.284002,43.827487],[125.284008,43.827346],[125.283125,43.827341],[125.283109,43.827503]],[[125.283932,43.828061],[125.284093,43.828059],[125.284106,43.827495],[125.284002,43.827487]],[[125.283109,43.827503],[125.283129,43.827527],[125.283133,43.827992],[125.283082,43.829194],[125.28304,43.829359],[125.282955,43.829495],[125.282769,43.829635],[125.282645,43.829678],[125.282376,43.829718],[125.278242,43.829695]],[[125.282838,43.829581],[125.282926,43.829499],[125.282901,43.829483],[125.282796,43.829579],[125.282922,43.829728],[125.282918,43.829946],[125.283084,43.829954],[125.28308,43.829987],[125.282932,43.829989]],[[125.283971,43.829973],[125.283827,43.829973],[125.283826,43.829944],[125.284044,43.829937],[125.284055,43.829738],[125.284155,43.829611],[125.284259,43.82954],[125.28439,43.829613],[125.284422,43.829585],[125.284259,43.8295]],[[125.282932,43.829989],[125.282871,43.829989],[125.282877,43.83005],[125.283966,43.830009],[125.283971,43.829973]],[[125.284259,43.8295],[125.284189,43.829553]],[[125.282847,43.829589],[125.282838,43.829581]],[[125.263409,43.807011],[125.263935,43.807189]],[[125.274808,43.811717],[125.275163,43.811881],[125.275513,43.811948]],[[125.275163,43.811881],[125.275187,43.811959],[125.275144,43.812142]],[[125.273918,43.812144],[125.27396,43.812081],[125.274221,43.812058],[125.274508,43.811981],[125.274627,43.811927],[125.274764,43.81179],[125.274869,43.811563],[125.274898,43.811212],[125.275011,43.811047],[125.275307,43.810717],[125.275363,43.810595],[125.275369,43.810437],[125.27513,43.810148],[125.274995,43.810049],[125.274796,43.809966],[125.274496,43.809927],[125.274283,43.80993],[125.273904,43.809848],[125.27352,43.809804],[125.273148,43.809684],[125.272832,43.809695],[125.272484,43.809821],[125.272228,43.810007],[125.272158,43.810166],[125.272169,43.810332],[125.272234,43.810423],[125.272467,43.810615],[125.27287,43.810872],[125.273087,43.811061],[125.273317,43.811179],[125.2734,43.811261],[125.273516,43.811617],[125.273674,43.81195],[125.273634,43.81206],[125.273918,43.812144]],[[125.273563,43.812188],[125.273634,43.81206]],[[125.273918,43.812144],[125.273847,43.812275]],[[125.274421,43.812014],[125.274461,43.812125],[125.274517,43.81216]],[[125.2734,43.811261],[125.273564,43.81118],[125.273737,43.811194],[125.27402,43.811268],[125.274368,43.811293],[125.274614,43.811284],[125.274898,43.811212]],[[125.274342,43.811131],[125.274368,43.811293],[125.274451,43.811353],[125.274662,43.811624],[125.274808,43.811717]],[[125.272169,43.810332],[125.27209,43.8104],[125.271908,43.810669],[125.27191,43.810818],[125.272038,43.81101],[125.272249,43.811154],[125.272718,43.811266],[125.273554,43.811694]],[[125.272882,43.811349],[125.272972,43.811155],[125.272983,43.811],[125.273185,43.810946],[125.273217,43.810914],[125.273218,43.810792],[125.27315,43.810672]],[[125.272487,43.81107],[125.272659,43.811093],[125.272769,43.811172],[125.272957,43.811184]],[[125.272465,43.811023],[125.272615,43.810946],[125.272761,43.810803]],[[125.272113,43.810864],[125.272011,43.810939],[125.271788,43.810941],[125.27137,43.810852],[125.271158,43.810769],[125.271098,43.810709],[125.271071,43.810632],[125.271053,43.810369],[125.270912,43.810196],[125.270905,43.810143],[125.271045,43.809851],[125.270941,43.80951],[125.270947,43.80942],[125.271037,43.809213],[125.271168,43.80912],[125.271434,43.80902],[125.271834,43.808964]],[[125.272598,43.80911],[125.272751,43.809253],[125.272792,43.809376]],[[125.273789,43.809836],[125.274113,43.809348]],[[125.272832,43.809695],[125.272748,43.809537],[125.272742,43.809434],[125.27285,43.809348],[125.272987,43.809332],[125.273155,43.809364],[125.273521,43.809544],[125.273893,43.809675]],[[125.272267,43.809972],[125.272212,43.809908],[125.272231,43.809799],[125.27246,43.809573],[125.272537,43.809546],[125.272748,43.809537]],[[125.27352,43.809804],[125.273344,43.809874],[125.273076,43.809877],[125.272987,43.809903],[125.272883,43.810075],[125.272724,43.81019],[125.272657,43.810381],[125.272678,43.810749]],[[125.272311,43.809937],[125.272468,43.810022],[125.272732,43.809964],[125.27294,43.809971],[125.272876,43.809895],[125.272907,43.809757],[125.272832,43.809695]],[[125.272468,43.810022],[125.27248,43.810135],[125.272541,43.810236],[125.272795,43.810418]],[[125.275381,43.81048],[125.276261,43.810707]],[[125.275304,43.804213],[125.275341,43.80389],[125.275462,43.803878],[125.275459,43.803845],[125.275545,43.803878],[125.275341,43.80389],[125.27507,43.803828],[125.274815,43.803814],[125.274689,43.803845],[125.274601,43.803834]],[[125.275304,43.804213],[125.275287,43.80433]],[[125.278342,43.803009],[125.279104,43.803003],[125.279182,43.803108],[125.279135,43.803329],[125.279125,43.803733],[125.278976,43.803803],[125.279125,43.80393],[125.279083,43.804178],[125.279198,43.804349]],[[125.261661,43.814363],[125.261693,43.814649],[125.261625,43.81485]],[[125.260646,43.815618],[125.260836,43.815364]],[[125.27692,43.825221],[125.277468,43.824552]],[[125.283735,43.82196],[125.283637,43.82196],[125.283635,43.822082],[125.283366,43.82208]],[[125.262351,43.825034],[125.261713,43.825663]],[[125.269372,43.809842],[125.269578,43.809916],[125.269724,43.809926]],[[125.269578,43.809916],[125.269523,43.81001]],[[125.269735,43.809771],[125.269695,43.810733],[125.269668,43.810803],[125.269591,43.81085],[125.269479,43.810868],[125.268878,43.810677]],[[125.268878,43.810677],[125.268772,43.810645]],[[125.269591,43.81085],[125.269674,43.810923]],[[125.269439,43.811223],[125.269529,43.811209]],[[125.270109,43.811394],[125.270091,43.811349]],[[125.269529,43.811209],[125.269999,43.811351],[125.270091,43.811349]],[[125.269529,43.811209],[125.269674,43.810923]],[[125.269674,43.810923],[125.270237,43.811094]],[[125.270091,43.811349],[125.270237,43.811094]],[[125.270237,43.811094],[125.27031,43.811057]],[[125.269439,43.811223],[125.269405,43.811149],[125.269351,43.811109],[125.268996,43.811008],[125.268102,43.810701]],[[125.257773,43.818694],[125.257288,43.819026],[125.256981,43.819134],[125.256731,43.819184],[125.254171,43.819196],[125.25405,43.819231],[125.253524,43.819514],[125.253497,43.819573],[125.254141,43.820239]],[[125.268499,43.810823],[125.268711,43.810992],[125.268792,43.81118],[125.268796,43.811284],[125.268625,43.811579],[125.268597,43.811682],[125.268639,43.811766],[125.26875,43.811854]],[[125.268805,43.811247],[125.268999,43.811351],[125.269283,43.811438]],[[125.26869,43.811483],[125.268999,43.811351]],[[125.268102,43.810701],[125.268025,43.81083],[125.268136,43.810865]],[[125.270207,43.809387],[125.270209,43.809648],[125.27026,43.809846],[125.270243,43.810865],[125.270265,43.81098],[125.270367,43.811113],[125.270543,43.811201],[125.274,43.812263]],[[125.270253,43.810205],[125.27033,43.810207],[125.270328,43.810311]],[[125.270246,43.810692],[125.270314,43.810692],[125.270314,43.810738]],[[125.270561,43.811486],[125.270207,43.811386],[125.270021,43.811417],[125.269362,43.811919],[125.269323,43.811977],[125.268648,43.812509],[125.268602,43.812609],[125.268444,43.812738],[125.268327,43.812781]],[[125.269428,43.811928],[125.269351,43.811995],[125.269323,43.811977]],[[125.273791,43.821045],[125.274831,43.821373],[125.274817,43.821453],[125.274864,43.821505],[125.275121,43.821589],[125.275214,43.821586],[125.27528,43.821557],[125.276006,43.82178]],[[125.274831,43.821373],[125.274874,43.821323],[125.274981,43.821297],[125.275305,43.8214],[125.27534,43.821444],[125.275327,43.821493],[125.276044,43.821713]],[[125.275203,43.821848],[125.275598,43.821188]],[[125.275501,43.821942],[125.275618,43.821864],[125.276028,43.821851]],[[125.276161,43.822034],[125.275983,43.822004],[125.275847,43.821931],[125.275748,43.821813],[125.27577,43.821707]],[[125.275677,43.821678],[125.27571,43.821612]],[[125.275873,43.821739],[125.275914,43.821672]],[[125.275811,43.821639],[125.27585,43.82159],[125.275958,43.821541],[125.276165,43.821531]],[[125.274647,43.821673],[125.275032,43.821014]],[[125.274256,43.821547],[125.274639,43.820891]],[[125.27469,43.821607],[125.274529,43.821555],[125.274554,43.821508],[125.274506,43.821494],[125.274516,43.821477],[125.274081,43.821346],[125.274048,43.8214],[125.273903,43.821356],[125.273973,43.821233]],[[125.273826,43.821185],[125.274102,43.821271],[125.274146,43.821242],[125.274242,43.821066],[125.27396,43.820967],[125.273925,43.820975],[125.27381,43.821157],[125.273826,43.821185]],[[125.274104,43.82101],[125.274179,43.820881],[125.274327,43.820925],[125.274286,43.820997],[125.274739,43.821133],[125.274748,43.821117],[125.274777,43.821126],[125.274803,43.82108],[125.274965,43.821129]],[[125.277478,43.822268],[125.277484,43.821882]],[[125.276337,43.821769],[125.276323,43.82185],[125.276234,43.821903],[125.276121,43.821906],[125.276012,43.821827],[125.276012,43.821752],[125.276123,43.821674],[125.276281,43.821698],[125.276337,43.821769]],[[125.273997,43.820693],[125.273615,43.821343],[125.276283,43.822187]],[[125.276336,43.82138],[125.276172,43.82137],[125.273997,43.820693]],[[125.272955,43.820274],[125.273846,43.82054],[125.27449,43.819421],[125.273626,43.819161],[125.272955,43.820274]],[[125.272904,43.820361],[125.273779,43.820629],[125.273175,43.821645],[125.273123,43.821658],[125.272298,43.8214],[125.272904,43.820361]],[[125.273396,43.821275],[125.273615,43.821343]],[[125.273779,43.820629],[125.273997,43.820693]],[[125.273779,43.820629],[125.273832,43.820536]],[[125.273856,43.820524],[125.274057,43.820589]],[[125.274057,43.820589],[125.273997,43.820693]],[[125.274057,43.820589],[125.276046,43.821217],[125.276098,43.821218],[125.276126,43.820063],[125.276082,43.819988],[125.276094,43.819921]],[[125.276098,43.821218],[125.276092,43.821345]],[[125.274698,43.819508],[125.27449,43.819445]],[[125.272955,43.820274],[125.272904,43.820361]],[[125.278197,43.821944],[125.278462,43.822031],[125.278721,43.822047],[125.278943,43.822018],[125.279143,43.821937],[125.279198,43.821874],[125.279205,43.821769],[125.279098,43.821678],[125.278898,43.821609],[125.278642,43.821587],[125.278416,43.82161],[125.278238,43.82167],[125.278152,43.821743],[125.278123,43.821865],[125.278197,43.821944]],[[125.276338,43.821798],[125.278117,43.821814]],[[125.281044,43.822245],[125.280954,43.822244],[125.280968,43.821439],[125.281048,43.82144]],[[125.280957,43.821996],[125.280903,43.821991],[125.280816,43.82194],[125.280778,43.821838],[125.280827,43.821713],[125.280873,43.821675],[125.280964,43.821657],[125.281083,43.821692],[125.281152,43.821839],[125.281128,43.821918],[125.28107,43.821978],[125.280957,43.821996]],[[125.280799,43.821914],[125.279178,43.821897]],[[125.279188,43.821751],[125.280788,43.821764]],[[125.281691,43.821992],[125.28112,43.821994],[125.28107,43.821978]],[[125.281083,43.821692],[125.281607,43.821693],[125.281677,43.821719]],[[125.278351,43.822007],[125.278042,43.822071],[125.277681,43.822202]],[[125.277594,43.821333],[125.277648,43.821381],[125.277896,43.821494],[125.278323,43.821633]],[[125.278718,43.822234],[125.278653,43.822232],[125.278656,43.822048]],[[125.278642,43.821587],[125.278646,43.821412]],[[125.279008,43.821638],[125.279487,43.821504],[125.279744,43.821364]],[[125.278984,43.822005],[125.279444,43.822141],[125.279623,43.822224]],[[125.279839,43.822291],[125.279844,43.821904]],[[125.279843,43.821756],[125.279851,43.821366]],[[125.281918,43.821958],[125.282286,43.822236]],[[125.281926,43.821744],[125.282299,43.821482]],[[125.278246,43.820309],[125.278077,43.820179],[125.277845,43.820076],[125.276317,43.820064],[125.276302,43.821228],[125.276337,43.821257],[125.280887,43.821305],[125.28093,43.819822],[125.280206,43.819803],[125.28001,43.819775],[125.278109,43.818935]],[[125.276098,43.821218],[125.276302,43.821228]],[[125.276337,43.821257],[125.276336,43.82138]],[[125.276317,43.820064],[125.276126,43.820063]],[[125.278646,43.821412],[125.278651,43.821284]],[[125.278651,43.821284],[125.278661,43.820998]],[[125.277117,43.821266],[125.277124,43.820988],[125.278226,43.820991]],[[125.276456,43.821258],[125.276964,43.82103],[125.277124,43.820988]],[[125.276291,43.821178],[125.27661,43.821016],[125.276868,43.820928]],[[125.276307,43.820445],[125.276729,43.820843],[125.276962,43.820966],[125.277124,43.820988]],[[125.278632,43.82066],[125.27856,43.82062],[125.278545,43.820524],[125.278609,43.820471],[125.278705,43.820459],[125.278789,43.820494],[125.278817,43.820592],[125.278764,43.820646],[125.278632,43.82066]],[[125.278677,43.820844],[125.278678,43.820665]],[[125.278824,43.820559],[125.27908,43.820562]],[[125.278536,43.820557],[125.278239,43.820553]],[[125.278678,43.820459],[125.278706,43.819724]],[[125.278053,43.820104],[125.278098,43.820036],[125.278122,43.819847],[125.278172,43.819832],[125.278702,43.819833]],[[125.279225,43.820294],[125.279277,43.820226],[125.279288,43.819837],[125.278702,43.819833]],[[125.280908,43.820587],[125.280712,43.820586]],[[125.273973,43.819256],[125.273925,43.81934]],[[125.273568,43.820985],[125.27308,43.820837]],[[125.273327,43.82139],[125.273208,43.821351]],[[125.27799,43.818881],[125.277181,43.818505]],[[125.278109,43.818935],[125.27799,43.818881]],[[125.275476,43.818682],[125.275702,43.818751]],[[125.276433,43.818979],[125.276747,43.819072]],[[125.275081,43.819487],[125.276202,43.819826],[125.277005,43.818442],[125.275982,43.817991]],[[125.277181,43.818505],[125.277005,43.818442]],[[125.276094,43.819921],[125.276158,43.819826]],[[125.276202,43.819826],[125.276354,43.819872]],[[125.276366,43.819958],[125.276362,43.820052]],[[125.277479,43.821733],[125.277495,43.821333]],[[125.276323,43.82185],[125.276486,43.821872],[125.278141,43.821889]],[[125.276329,43.821747],[125.276468,43.821722],[125.278152,43.821743]],[[125.281066,43.820588],[125.281051,43.821307],[125.281996,43.821325],[125.282185,43.821359],[125.282398,43.821464],[125.282562,43.821624],[125.28261,43.821705],[125.283186,43.821712],[125.283253,43.821585],[125.283412,43.821439],[125.283447,43.819942],[125.283024,43.819532]],[[125.28261,43.821705],[125.282674,43.821777],[125.283011,43.821781],[125.283014,43.82171]],[[125.273712,43.824256],[125.274257,43.824444],[125.28335,43.82455],[125.283393,43.822342],[125.283222,43.822142],[125.283169,43.82204],[125.283162,43.821959]],[[125.283162,43.821959],[125.283167,43.82178]],[[125.283167,43.82178],[125.283186,43.821712]],[[125.283366,43.82208],[125.283188,43.822079]],[[125.28106,43.82085],[125.2809,43.820849]],[[125.280887,43.821305],[125.281051,43.821307]],[[125.281051,43.821307],[125.281048,43.82144]],[[125.280968,43.821439],[125.280886,43.821439]],[[125.280886,43.821439],[125.280887,43.821305]],[[125.28261,43.821705],[125.282647,43.821681],[125.282671,43.821123],[125.282585,43.82104],[125.282595,43.820848],[125.282568,43.820681],[125.282529,43.82063],[125.282446,43.820606]],[[125.282529,43.82063],[125.282866,43.820632],[125.282929,43.820575],[125.282946,43.820312],[125.283031,43.82],[125.283088,43.819918],[125.283082,43.819779]],[[125.282231,43.82029],[125.282225,43.820471]],[[125.271265,43.818282],[125.271315,43.8183]],[[125.273725,43.819052],[125.274916,43.819432]],[[125.274916,43.819432],[125.275081,43.819487]],[[125.273507,43.819001],[125.273725,43.819052]],[[125.273725,43.819052],[125.273664,43.819158]],[[125.280886,43.8243],[125.280706,43.824518]],[[125.281777,43.823432],[125.281432,43.82343],[125.281329,43.823405],[125.281231,43.823327],[125.281177,43.823232],[125.28115,43.823087],[125.281149,43.822503],[125.281169,43.82247],[125.281234,43.822437],[125.281407,43.822424],[125.281732,43.822428],[125.281901,43.822448],[125.282085,43.822504],[125.282275,43.822595],[125.282778,43.822635],[125.282886,43.822667],[125.282966,43.822806],[125.282963,43.823011],[125.283016,43.823211],[125.283001,43.823285],[125.282922,43.82337],[125.282808,43.823418],[125.282632,43.823433],[125.281777,43.823432]],[[125.281158,43.823128],[125.280936,43.823126]],[[125.281152,43.822913],[125.280941,43.822909]],[[125.281151,43.822592],[125.280948,43.82259]],[[125.282999,43.821958],[125.282669,43.821955],[125.282633,43.821971],[125.282539,43.822148],[125.282301,43.822303],[125.282153,43.822351],[125.281955,43.822378],[125.281045,43.822371]],[[125.282674,43.821777],[125.282669,43.821955]],[[125.282999,43.821958],[125.282996,43.822025],[125.282609,43.822021]],[[125.281407,43.822424],[125.281406,43.822374]],[[125.281736,43.822374],[125.281732,43.822428]],[[125.282267,43.822314],[125.282305,43.822516],[125.282275,43.822595]],[[125.282305,43.822516],[125.282822,43.82233]],[[125.282599,43.822041],[125.282698,43.822166],[125.282729,43.822263],[125.282822,43.82233],[125.282781,43.822425],[125.282778,43.822635]],[[125.282029,43.823861],[125.28098,43.823761]],[[125.279474,43.82381],[125.279505,43.823826],[125.279493,43.824208],[125.27954,43.824243],[125.280796,43.824261],[125.280851,43.824229],[125.280864,43.823501]],[[125.28098,43.823761],[125.280859,43.823748]],[[125.271094,43.818671],[125.271117,43.818716],[125.271006,43.818894]],[[125.270978,43.81894],[125.270826,43.819193]],[[125.270595,43.81951],[125.272764,43.82019]],[[125.270899,43.819619],[125.270799,43.819365],[125.270848,43.819071]],[[125.271276,43.819418],[125.271039,43.819414],[125.270732,43.81945],[125.270632,43.819436]],[[125.270813,43.819404],[125.270667,43.819378]],[[125.271341,43.819302],[125.271072,43.819206],[125.270849,43.819155]],[[125.272764,43.82019],[125.272966,43.820256]],[[125.271476,43.819798],[125.271506,43.819742]],[[125.271006,43.818894],[125.270978,43.81894]],[[125.272538,43.819905],[125.272461,43.819901],[125.272454,43.819877],[125.272498,43.819819],[125.272542,43.819806],[125.272581,43.819813],[125.272596,43.819858],[125.272538,43.819905]],[[125.272022,43.819653],[125.272122,43.819842],[125.272223,43.819831],[125.272286,43.81989],[125.272459,43.819892]],[[125.272008,43.819964],[125.272048,43.819949],[125.272045,43.819891],[125.272102,43.819831]],[[125.272272,43.819867],[125.272149,43.820008]],[[125.272552,43.819898],[125.272663,43.820063],[125.272722,43.820083],[125.272764,43.82019]],[[125.272308,43.819894],[125.272314,43.819927],[125.27239,43.819943],[125.272472,43.820012],[125.272592,43.820057],[125.272658,43.820057]],[[125.272086,43.819552],[125.272404,43.819634],[125.272495,43.819707],[125.272746,43.819651],[125.272806,43.819661],[125.272922,43.819751],[125.273004,43.819857],[125.273079,43.819893]],[[125.272542,43.819806],[125.27262,43.819681]],[[125.272255,43.81984],[125.272373,43.819628]],[[125.272373,43.819628],[125.272414,43.819511],[125.272526,43.819403]],[[125.272404,43.819544],[125.272282,43.819474],[125.272158,43.819437]],[[125.27262,43.819681],[125.272621,43.819552],[125.272662,43.819446]],[[125.272658,43.820057],[125.272723,43.820006],[125.272769,43.819789],[125.27289,43.81972]],[[125.272728,43.819912],[125.27286,43.819839],[125.272969,43.819824]],[[125.27289,43.81972],[125.272926,43.819682],[125.272965,43.819542]],[[125.272921,43.819297],[125.272785,43.819251],[125.272801,43.819172],[125.272987,43.819117],[125.273161,43.819161],[125.27317,43.819219],[125.273128,43.819258],[125.272921,43.819297]],[[125.272875,43.819137],[125.272695,43.818835]],[[125.272526,43.819403],[125.272834,43.819282]],[[125.273151,43.819601],[125.273107,43.81944],[125.272973,43.819296]],[[125.273179,43.819184],[125.273382,43.819143],[125.273448,43.819106]],[[125.273032,43.819362],[125.273074,43.819277]],[[125.273448,43.819106],[125.273373,43.819047],[125.271267,43.818383]],[[125.273626,43.819161],[125.273448,43.819106]],[[125.273448,43.819106],[125.273507,43.819001]],[[125.272133,43.818728],[125.272167,43.818668]],[[125.278718,43.822234],[125.278717,43.822351]],[[125.280867,43.822369],[125.276318,43.822328],[125.276267,43.822342]],[[125.279623,43.822224],[125.279619,43.822356]],[[125.280954,43.822244],[125.280871,43.822244]],[[125.281044,43.822245],[125.281045,43.822371]],[[125.281045,43.822371],[125.280867,43.822369]],[[125.280867,43.822369],[125.280871,43.822244]],[[125.277681,43.822202],[125.277679,43.822345]],[[125.27624,43.823311],[125.276237,43.824207],[125.27765,43.824223],[125.277711,43.824203],[125.277745,43.824164],[125.277749,43.823836],[125.277792,43.823783]],[[125.277928,43.822726],[125.277818,43.822707],[125.277726,43.822383],[125.277679,43.822345]],[[125.277924,43.822911],[125.277771,43.82291]],[[125.279405,43.822932],[125.279531,43.822935]],[[125.27466,43.822373],[125.275232,43.822549]],[[125.275163,43.821983],[125.273569,43.821497],[125.273522,43.82153],[125.273257,43.821977],[125.27372,43.822128],[125.273762,43.822247],[125.273577,43.822546],[125.273603,43.822577],[125.275877,43.823292],[125.276003,43.823284],[125.276046,43.823254],[125.276064,43.8232],[125.27608,43.822357],[125.276052,43.822293],[125.275976,43.822243],[125.275163,43.821983]],[[125.275203,43.821848],[125.27513,43.821973]],[[125.276267,43.822342],[125.276052,43.822293]],[[125.276052,43.822293],[125.276056,43.822122]],[[125.276283,43.822187],[125.276283,43.822338]],[[125.273651,43.821354],[125.273569,43.821497]],[[125.273498,43.822061],[125.273512,43.82204]],[[125.273671,43.822397],[125.273698,43.822405]],[[125.275541,43.822104],[125.275468,43.822225]],[[125.273446,43.82253],[125.2735,43.822523],[125.273652,43.822266],[125.273596,43.822157],[125.273216,43.822047],[125.273176,43.822071],[125.27301,43.822358],[125.273025,43.8224],[125.273446,43.82253]],[[125.273017,43.822378],[125.273145,43.822347]],[[125.2735,43.822523],[125.273577,43.822546]],[[125.273278,43.821996],[125.273251,43.822049]],[[125.273569,43.821497],[125.273311,43.821418]],[[125.276003,43.823284],[125.276056,43.823311],[125.27624,43.823311]],[[125.276128,43.824242],[125.27604,43.82424],[125.276053,43.823468],[125.272937,43.822509],[125.272871,43.822617],[125.272879,43.822683],[125.273712,43.824256]],[[125.273918,43.823654],[125.273605,43.823591],[125.273382,43.823624]],[[125.273605,43.823591],[125.274013,43.823492]],[[125.273508,43.823065],[125.273141,43.823161]],[[125.273891,43.822961],[125.273993,43.822921],[125.274037,43.82284]],[[125.274151,43.823258],[125.274329,43.823309],[125.274522,43.822991]],[[125.273025,43.8224],[125.272967,43.822505]],[[125.276053,43.823468],[125.276056,43.823311]],[[125.276042,43.824134],[125.275683,43.824145],[125.27548,43.824229],[125.275368,43.824237],[125.274888,43.82421],[125.274665,43.824253],[125.274464,43.824226],[125.274366,43.824248],[125.274253,43.824238],[125.273841,43.824085],[125.273812,43.824044],[125.273809,43.82394],[125.273883,43.823825]],[[125.274888,43.82421],[125.274854,43.823936],[125.274809,43.82383]],[[125.275263,43.824226],[125.275249,43.824093],[125.275043,43.823769]],[[125.275677,43.824149],[125.275678,43.824002],[125.27561,43.82381],[125.275718,43.823711],[125.275948,43.823618],[125.275928,43.823536]],[[125.275655,43.823761],[125.275494,43.82365]],[[125.272804,43.823904],[125.273196,43.823794],[125.27273,43.822947],[125.271391,43.822529],[125.271557,43.822221],[125.27036,43.821851],[125.269929,43.822535],[125.269811,43.822498]],[[125.272865,43.823929],[125.273273,43.824094],[125.273335,43.824095],[125.27335,43.824067],[125.273215,43.823828]],[[125.273215,43.823828],[125.273196,43.823794]],[[125.272804,43.823904],[125.272865,43.823929]],[[125.273546,43.823949],[125.273322,43.824017]],[[125.269662,43.822592],[125.272804,43.823904]],[[125.272965,43.82284],[125.27269,43.822923]],[[125.273022,43.821907],[125.273076,43.821815],[125.27305,43.821776],[125.272234,43.821514],[125.271707,43.822386],[125.271747,43.822474],[125.272147,43.822603],[125.27223,43.822603],[125.272254,43.822561],[125.272302,43.822575]],[[125.273257,43.821977],[125.273022,43.821907]],[[125.271557,43.822221],[125.271767,43.822287]],[[125.272951,43.822223],[125.272775,43.822167]],[[125.272362,43.822472],[125.272336,43.822464]],[[125.270958,43.81862],[125.268714,43.817905],[125.268368,43.818816],[125.270475,43.81949],[125.270983,43.818655],[125.270958,43.81862]],[[125.2705,43.819481],[125.270595,43.81951]],[[125.270632,43.819436],[125.270542,43.819408]],[[125.270667,43.819378],[125.270576,43.819351]],[[125.270848,43.819071],[125.270758,43.819041]],[[125.271094,43.818671],[125.270987,43.818636]],[[125.268466,43.818558],[125.268637,43.818609]],[[125.269726,43.818717],[125.269874,43.818762]],[[125.269025,43.819035],[125.269102,43.818905],[125.269479,43.819023]],[[125.269239,43.819102],[125.269349,43.819051],[125.269611,43.818994],[125.269772,43.818731]],[[125.269349,43.819051],[125.269422,43.818945]],[[125.269845,43.818476],[125.27004,43.818488]],[[125.269845,43.818476],[125.269884,43.818402]],[[125.27004,43.818488],[125.269997,43.818449],[125.269431,43.8182],[125.269015,43.81807],[125.269047,43.818011]],[[125.269551,43.818171],[125.269474,43.818305]],[[125.268419,43.818682],[125.268501,43.818738],[125.268671,43.818795],[125.268697,43.818823],[125.268692,43.818931]],[[125.270017,43.819347],[125.270099,43.819212]],[[125.269717,43.819021],[125.269771,43.819039]],[[125.269874,43.818762],[125.269928,43.81878]],[[125.27004,43.818488],[125.270094,43.818507]],[[125.270472,43.819274],[125.270597,43.819315]],[[125.270636,43.819001],[125.270758,43.819041]],[[125.270818,43.818704],[125.270932,43.818742]],[[125.271192,43.821128],[125.271057,43.82114],[125.270847,43.821073],[125.27081,43.821079],[125.270425,43.821743],[125.271612,43.822126],[125.272007,43.821443],[125.271823,43.821386],[125.271702,43.821284]],[[125.271702,43.821284],[125.271886,43.821277],[125.272069,43.821332],[125.272684,43.820294],[125.271495,43.819921],[125.270884,43.820954],[125.270898,43.820986],[125.271112,43.821055],[125.271192,43.821128]],[[125.271506,43.821188],[125.271483,43.821236],[125.271439,43.82125],[125.271392,43.821242],[125.271358,43.821197],[125.271374,43.821163],[125.271439,43.821143],[125.271506,43.821188]],[[125.271192,43.821128],[125.271362,43.821179]],[[125.271702,43.821284],[125.271497,43.821222]],[[125.271403,43.821245],[125.270996,43.82193]],[[125.271463,43.821148],[125.271847,43.820509]],[[125.271263,43.820326],[125.272451,43.8207]],[[125.272094,43.820111],[125.27203,43.82022]],[[125.27166,43.820451],[125.271742,43.820315],[125.272123,43.820436],[125.272038,43.82057]],[[125.271045,43.820687],[125.272236,43.821056]],[[125.27065,43.821343],[125.271851,43.821718]],[[125.271079,43.821477],[125.270989,43.82163],[125.271329,43.821739],[125.271459,43.821595]],[[125.272741,43.820192],[125.272684,43.820294]],[[125.272684,43.820294],[125.272904,43.820361]],[[125.271553,43.819822],[125.271495,43.819921]],[[125.272069,43.821332],[125.272298,43.8214]],[[125.272298,43.8214],[125.272234,43.821514]],[[125.272234,43.821514],[125.272007,43.821443]],[[125.272007,43.821443],[125.272069,43.821332]],[[125.270898,43.820986],[125.270847,43.821073]],[[125.27043,43.821863],[125.270486,43.821767]],[[125.271557,43.822221],[125.271612,43.822126]],[[125.269895,43.821581],[125.270256,43.821692],[125.271338,43.819872],[125.270544,43.819621],[125.270493,43.81962],[125.269407,43.821433],[125.269895,43.821581]],[[125.271495,43.819921],[125.271338,43.819872]],[[125.271338,43.819872],[125.271396,43.819773]],[[125.270601,43.819526],[125.270544,43.819621]],[[125.270693,43.820062],[125.270887,43.81973]],[[125.271221,43.82007],[125.271125,43.820039]],[[125.270266,43.819995],[125.27111,43.820256]],[[125.270511,43.820005],[125.270465,43.820129]],[[125.270964,43.820147],[125.270906,43.820248]],[[125.270828,43.820484],[125.270679,43.820439],[125.270633,43.820356],[125.270697,43.820251],[125.270824,43.820223],[125.270949,43.820261],[125.271001,43.820348],[125.27094,43.820452],[125.270828,43.820484]],[[125.270697,43.820251],[125.270729,43.820138]],[[125.270664,43.820305],[125.270608,43.820289]],[[125.270756,43.820462],[125.270727,43.820516]],[[125.270662,43.820409],[125.270138,43.820546],[125.269965,43.820494]],[[125.270971,43.8204],[125.271016,43.820415]],[[125.270854,43.820477],[125.270911,43.82059]],[[125.269895,43.821581],[125.270068,43.821289],[125.270428,43.821402]],[[125.270217,43.821454],[125.270205,43.821483],[125.27015,43.821501],[125.270094,43.821452],[125.270164,43.821413],[125.270217,43.821454]],[[125.2701,43.821438],[125.269948,43.821391]],[[125.270211,43.821474],[125.270357,43.821522]],[[125.270055,43.82163],[125.27013,43.821497]],[[125.270177,43.821416],[125.270223,43.821338]],[[125.269934,43.821515],[125.270233,43.821611],[125.270366,43.821382]],[[125.270233,43.821611],[125.270256,43.821692]],[[125.270068,43.821289],[125.269903,43.820986],[125.269707,43.820923]],[[125.270256,43.821692],[125.270425,43.821743]],[[125.271169,43.822384],[125.271109,43.822392],[125.271054,43.822363],[125.271035,43.822319],[125.271075,43.822279],[125.27115,43.822265],[125.271226,43.822293],[125.271221,43.82235],[125.271169,43.822384]],[[125.270727,43.822576],[125.270688,43.822476],[125.270777,43.822458],[125.270817,43.822558],[125.270727,43.822576]],[[125.271211,43.822278],[125.271339,43.822152]],[[125.271391,43.822529],[125.271221,43.82235]],[[125.271353,43.822489],[125.27117,43.822517],[125.271097,43.822502],[125.270967,43.822534],[125.270801,43.822518]],[[125.271097,43.822502],[125.271109,43.822392]],[[125.27117,43.822517],[125.271066,43.822808],[125.270852,43.822806],[125.270859,43.822683],[125.270767,43.822636],[125.270727,43.822576]],[[125.270918,43.822809],[125.270918,43.822904],[125.270956,43.822974],[125.271041,43.823011],[125.271232,43.823001],[125.27145,43.822904],[125.271743,43.822636]],[[125.271139,43.822591],[125.271289,43.822691],[125.271437,43.822719],[125.271568,43.822804]],[[125.271066,43.822808],[125.271249,43.822788],[125.271437,43.822719]],[[125.270852,43.822806],[125.270657,43.822789],[125.270453,43.822733],[125.27037,43.822681],[125.270311,43.822606],[125.270238,43.822429],[125.270247,43.82233],[125.270399,43.82219],[125.270613,43.821922]],[[125.269929,43.822535],[125.270064,43.822556],[125.270268,43.822536]],[[125.270238,43.822429],[125.270423,43.822459],[125.270565,43.822525],[125.270694,43.822493]],[[125.270479,43.822077],[125.270351,43.821992],[125.270268,43.821981]],[[125.270399,43.82219],[125.270538,43.82223],[125.270569,43.822366],[125.270688,43.822476]],[[125.270479,43.822077],[125.270733,43.822131],[125.270972,43.822153],[125.271075,43.822279]],[[125.270777,43.822458],[125.27079,43.822367],[125.271035,43.82234]],[[125.272213,43.822778],[125.272048,43.823105],[125.27182,43.823056],[125.271784,43.823065],[125.271704,43.823198],[125.272173,43.8234],[125.272326,43.823353]],[[125.272048,43.823105],[125.272152,43.823136],[125.272213,43.82321],[125.272406,43.823206],[125.272326,43.823326],[125.272332,43.823399],[125.272419,43.823541],[125.272483,43.823589],[125.272758,43.8237],[125.272869,43.823708],[125.272885,43.823637],[125.272611,43.82343],[125.272586,43.823283],[125.27251,43.823197]],[[125.272406,43.823206],[125.27251,43.823197],[125.272773,43.823024]],[[125.272513,43.823605],[125.272714,43.823514]],[[125.272752,43.823541],[125.273019,43.823474]],[[125.271784,43.823065],[125.271743,43.823012],[125.271748,43.822964],[125.271904,43.822684]],[[125.271784,43.823065],[125.271865,43.822934],[125.271892,43.822934],[125.27199,43.822967],[125.272048,43.823105]],[[125.272018,43.823343],[125.272088,43.823122]],[[125.267205,43.821533],[125.269662,43.822592],[125.269687,43.822567],[125.26974,43.822591],[125.270189,43.821854],[125.270197,43.821801],[125.267962,43.82109]],[[125.269459,43.821561],[125.269283,43.821604],[125.269168,43.821666],[125.269093,43.821804],[125.269026,43.822031],[125.268968,43.82211],[125.268862,43.822159],[125.268654,43.82216]],[[125.268911,43.822151],[125.268884,43.822259]],[[125.27036,43.821851],[125.270197,43.821801]],[[125.270197,43.821801],[125.270256,43.821692]],[[125.270151,43.820078],[125.270432,43.819604],[125.270423,43.81958],[125.268344,43.818933],[125.268183,43.81933]],[[125.270266,43.819995],[125.270226,43.819949]],[[125.270378,43.819566],[125.26978,43.819868]],[[125.270226,43.819949],[125.270142,43.819685],[125.270093,43.819646],[125.269254,43.819368],[125.2691,43.81935],[125.268959,43.819239]],[[125.270199,43.819863],[125.269956,43.819779]],[[125.269982,43.819609],[125.270002,43.819449]],[[125.269524,43.819457],[125.269561,43.819311]],[[125.268779,43.819551],[125.269016,43.81914]],[[125.269252,43.821384],[125.269091,43.821177],[125.269085,43.821123]],[[125.269221,43.821344],[125.269214,43.821122],[125.269237,43.821042],[125.269793,43.82014],[125.269988,43.819899],[125.270014,43.819807]],[[125.268045,43.820795],[125.267985,43.820984]],[[125.268035,43.820828],[125.267627,43.820706]],[[125.267627,43.820706],[125.26757,43.820851],[125.269339,43.821412]],[[125.269339,43.821412],[125.269407,43.821433]],[[125.269251,43.821495],[125.269302,43.821399]],[[125.268746,43.821337],[125.268802,43.82124]],[[125.270475,43.81949],[125.270423,43.81958]],[[125.270493,43.81962],[125.270432,43.819604]],[[125.268384,43.818834],[125.268344,43.818933]],[[125.267962,43.82109],[125.268018,43.820994]],[[125.268183,43.81933],[125.268794,43.819524]],[[125.270151,43.820078],[125.269902,43.820009]],[[125.271543,43.817832],[125.269012,43.817065],[125.268743,43.817831],[125.270883,43.818512]],[[125.271312,43.817761],[125.271382,43.818012],[125.271422,43.818027]],[[125.271364,43.817948],[125.271293,43.818022],[125.27126,43.818162],[125.271153,43.818244],[125.271091,43.818401],[125.27102,43.818459],[125.270883,43.818512]],[[125.271029,43.818564],[125.270966,43.818482]],[[125.270987,43.818636],[125.271029,43.818564]],[[125.269771,43.818158],[125.270157,43.817513],[125.270137,43.81748],[125.270154,43.817403]],[[125.270157,43.817513],[125.270207,43.817504],[125.270276,43.81744]],[[125.269982,43.818226],[125.270419,43.817485]],[[125.270492,43.817507],[125.270062,43.818251]],[[125.270191,43.818028],[125.270113,43.818004]],[[125.270264,43.817902],[125.270188,43.817878]],[[125.270329,43.81779],[125.270253,43.817767]],[[125.270393,43.817679],[125.270319,43.817654]],[[125.26938,43.817267],[125.269392,43.817242],[125.270032,43.817448],[125.270012,43.817481],[125.269983,43.817473]],[[125.269608,43.817544],[125.269572,43.817598],[125.269519,43.81761],[125.269437,43.817561],[125.26946,43.817504],[125.26951,43.817486],[125.269565,43.817493],[125.269608,43.817544]],[[125.269565,43.817493],[125.269699,43.817262]],[[125.269491,43.817605],[125.269452,43.817674],[125.269386,43.817714],[125.26918,43.817768]],[[125.269452,43.817674],[125.269546,43.817833],[125.269543,43.817881]],[[125.269444,43.817521],[125.269389,43.817455],[125.269398,43.817391]],[[125.26942,43.817379],[125.269634,43.817374]],[[125.269605,43.817565],[125.269728,43.817554],[125.269774,43.817508]],[[125.269634,43.817374],[125.269704,43.81745],[125.26977,43.817481]],[[125.269273,43.818],[125.269306,43.817941]],[[125.270563,43.817941],[125.270965,43.818063]],[[125.270634,43.818221],[125.270908,43.817738]],[[125.270696,43.817772],[125.270744,43.817785],[125.27079,43.817702],[125.271343,43.817874]],[[125.27081,43.817708],[125.270859,43.817621]],[[125.271125,43.817806],[125.271179,43.81772]],[[125.271068,43.817788],[125.270993,43.817911],[125.271046,43.817928]],[[125.268999,43.817107],[125.269116,43.817208],[125.269113,43.817287],[125.26906,43.817318],[125.269082,43.817357],[125.269,43.817445],[125.268978,43.817549],[125.268889,43.817619],[125.2689,43.817661],[125.268789,43.817846]],[[125.268885,43.817641],[125.268808,43.817626]],[[125.268944,43.817592],[125.268955,43.817637],[125.2689,43.817661]],[[125.269113,43.817287],[125.269133,43.817323],[125.269082,43.817357]],[[125.270122,43.818353],[125.270162,43.818283]],[[125.268743,43.817831],[125.268714,43.817905]],[[125.270525,43.818399],[125.270566,43.818334]],[[125.27186,43.817026],[125.26938,43.816242],[125.269306,43.816269],[125.269068,43.816919],[125.269083,43.816971],[125.271453,43.817724],[125.271518,43.817746],[125.271563,43.817799]],[[125.270188,43.817322],[125.270593,43.816625]],[[125.270674,43.816651],[125.270272,43.817349]],[[125.27026,43.817198],[125.270342,43.817226]],[[125.27041,43.817108],[125.270328,43.817081]],[[125.270467,43.817009],[125.270386,43.816981]],[[125.270536,43.81689],[125.270454,43.816864]],[[125.270515,43.816759],[125.270596,43.816785]],[[125.26963,43.817145],[125.269659,43.817092]],[[125.271032,43.817591],[125.271065,43.817535]],[[125.269774,43.81653],[125.270124,43.816632]],[[125.269951,43.816582],[125.270032,43.816448]],[[125.27118,43.816974],[125.27153,43.817076]],[[125.27136,43.817026],[125.271439,43.816893]],[[125.270536,43.81689],[125.270601,43.817454]],[[125.270558,43.817081],[125.271054,43.816771]],[[125.269566,43.816301],[125.269172,43.816617]],[[125.269172,43.816617],[125.269215,43.816766],[125.269219,43.817014]],[[125.269295,43.816525],[125.269326,43.816769],[125.269219,43.817014]],[[125.26953,43.816331],[125.269408,43.81661],[125.269215,43.816766]],[[125.269083,43.816971],[125.269041,43.81706]],[[125.270454,43.817496],[125.270498,43.817421]],[[125.269356,43.816139],[125.271998,43.816961],[125.27202,43.817023]],[[125.272468,43.816285],[125.272408,43.816296],[125.269822,43.81505]],[[125.269987,43.81513],[125.269759,43.815434],[125.269472,43.816039],[125.269437,43.816164]],[[125.269727,43.815886],[125.269411,43.815785]],[[125.270458,43.815359],[125.270428,43.815453],[125.270109,43.816004],[125.269844,43.816073]],[[125.270109,43.816004],[125.270201,43.816183]],[[125.269897,43.815945],[125.270296,43.816066]],[[125.270312,43.816437],[125.270515,43.816098],[125.270746,43.816008],[125.270712,43.815944],[125.271139,43.815825],[125.271223,43.815729]],[[125.271139,43.815825],[125.271312,43.816131],[125.27118,43.816175],[125.27124,43.816316],[125.271229,43.816377],[125.271051,43.816667]],[[125.27118,43.816175],[125.270937,43.81626],[125.270897,43.816325]],[[125.271903,43.816054],[125.271663,43.816467],[125.271394,43.816557]],[[125.271663,43.816467],[125.271733,43.816662]],[[125.269919,43.816314],[125.269956,43.816251]],[[125.270689,43.816555],[125.270752,43.816453]],[[125.271483,43.816801],[125.271528,43.81674]],[[125.270689,43.816555],[125.270635,43.816638]],[[125.269306,43.816269],[125.269356,43.816139]],[[125.27186,43.817026],[125.271914,43.816935]],[[125.267655,43.816818],[125.266283,43.81656]],[[125.266813,43.816659],[125.266266,43.816846]],[[125.267457,43.81745],[125.266813,43.816659]],[[125.267414,43.816771],[125.26635,43.817215],[125.266295,43.817257],[125.266288,43.817305]],[[125.267541,43.817215],[125.267171,43.816727]],[[125.266308,43.816831],[125.266534,43.817138]],[[125.268726,43.817019],[125.267782,43.816843],[125.267529,43.817539],[125.267558,43.817561],[125.268473,43.81773],[125.268726,43.817019]],[[125.267782,43.816843],[125.267655,43.816818]],[[125.267541,43.817215],[125.26764,43.817232]],[[125.267457,43.81745],[125.267529,43.817539]],[[125.267811,43.816758],[125.268758,43.816939],[125.268784,43.816898],[125.269,43.816315],[125.268991,43.816284],[125.268186,43.815765]],[[125.267782,43.816843],[125.267811,43.816758]],[[125.268758,43.816939],[125.268726,43.817019]],[[125.268727,43.817561],[125.268816,43.817604]],[[125.268674,43.817163],[125.268764,43.817204]],[[125.268339,43.816859],[125.268346,43.816838]],[[125.268299,43.816939],[125.268274,43.817014]],[[125.266745,43.816562],[125.267682,43.816737]],[[125.267646,43.81673],[125.26803,43.815682],[125.267392,43.815238],[125.267273,43.815182],[125.267271,43.815154]],[[125.267655,43.816818],[125.267682,43.816737]],[[125.267682,43.816737],[125.267811,43.816758]],[[125.267151,43.816639],[125.267173,43.816584]],[[125.266425,43.816028],[125.266472,43.816064],[125.266745,43.816562]],[[125.266745,43.816562],[125.266813,43.816659]],[[125.266454,43.8159],[125.266546,43.815894],[125.266852,43.815951]],[[125.267516,43.815342],[125.267213,43.81539],[125.26699,43.815256]],[[125.279218,43.820564],[125.279553,43.820569]],[[125.266846,43.81792],[125.266946,43.817955]],[[125.268186,43.815765],[125.26803,43.815682]],[[125.268473,43.81773],[125.268735,43.81782]],[[125.269012,43.817065],[125.268726,43.817019]],[[125.268758,43.816939],[125.269083,43.816971]],[[125.269261,43.816386],[125.268993,43.816334]],[[125.26784,43.818663],[125.268251,43.818785],[125.268473,43.818224]],[[125.266896,43.818259],[125.267894,43.818571],[125.26784,43.818663]],[[125.267894,43.818571],[125.268081,43.818626],[125.268203,43.818437],[125.268256,43.8184],[125.268367,43.8182],[125.268473,43.818224]],[[125.268399,43.818413],[125.26819,43.818352]],[[125.268367,43.8182],[125.268291,43.818179]],[[125.268367,43.8182],[125.268483,43.817947],[125.268453,43.8179],[125.268357,43.817864]],[[125.268439,43.818078],[125.268338,43.817969],[125.267902,43.817825],[125.267949,43.817736]],[[125.268357,43.817864],[125.267949,43.817736],[125.266295,43.817424]],[[125.268453,43.8179],[125.268476,43.817838],[125.268442,43.817821]],[[125.268442,43.817821],[125.268473,43.81773]],[[125.268174,43.817906],[125.268225,43.817818]],[[125.268305,43.817957],[125.268357,43.817864]],[[125.268476,43.817838],[125.268714,43.817905]],[[125.267057,43.817566],[125.266914,43.817796]],[[125.266391,43.817198],[125.2663,43.817185]],[[125.267328,43.817705],[125.267385,43.817722],[125.267446,43.817639]],[[125.267756,43.817823],[125.267824,43.817712]],[[125.267902,43.817825],[125.267778,43.817787]],[[125.268251,43.818785],[125.268368,43.818816]],[[125.266295,43.817424],[125.266288,43.817305]],[[125.263527,43.817068],[125.263658,43.817051],[125.264738,43.81739],[125.264821,43.817254],[125.265119,43.817326],[125.265377,43.817454],[125.265719,43.817716]],[[125.265258,43.817388],[125.265167,43.817533],[125.265189,43.817549],[125.265719,43.817716]],[[125.265719,43.817716],[125.266112,43.817842],[125.26616,43.817822],[125.26614,43.816255],[125.266116,43.816191],[125.266023,43.816142]],[[125.265936,43.817785],[125.266163,43.817672]],[[125.26504,43.817331],[125.265072,43.817287]],[[125.26614,43.816255],[125.265235,43.81626],[125.265229,43.816028],[125.264796,43.816032]],[[125.265235,43.81626],[125.265235,43.816316]],[[125.266023,43.816142],[125.266031,43.816096]],[[125.266288,43.817305],[125.266167,43.817304]],[[125.2663,43.817185],[125.266165,43.817186]],[[125.266295,43.817424],[125.266167,43.817424]],[[125.266166,43.817458],[125.265883,43.817436]],[[125.266266,43.816846],[125.266158,43.816848]],[[125.266283,43.81656],[125.266149,43.816561]],[[125.26562,43.815589],[125.265738,43.815506],[125.265935,43.815435],[125.265962,43.815396],[125.265972,43.815144],[125.266002,43.815105],[125.266589,43.814651],[125.267009,43.814653],[125.267031,43.814682],[125.267029,43.815137]],[[125.26669,43.814901],[125.266268,43.814899]],[[125.266433,43.815113],[125.266436,43.8149]],[[125.265966,43.815689],[125.266418,43.815677],[125.267205,43.814994],[125.26703,43.814874]],[[125.27587,43.817943],[125.275249,43.81766],[125.274649,43.817465],[125.274562,43.817371]],[[125.275982,43.817991],[125.27587,43.817943]],[[125.266274,43.818335],[125.266218,43.818377],[125.266084,43.818581],[125.266033,43.818714],[125.265901,43.818892],[125.265767,43.818954],[125.265618,43.819063],[125.265245,43.819061],[125.265049,43.81911],[125.264499,43.819686],[125.26446,43.819788]],[[125.264403,43.819786],[125.264624,43.819811],[125.264769,43.819876],[125.26489,43.819977],[125.265224,43.820052],[125.265465,43.820164],[125.26563,43.820323],[125.265887,43.820456],[125.266277,43.820571],[125.266851,43.820823]],[[125.266287,43.820818],[125.266392,43.820779],[125.266674,43.820815],[125.267238,43.820827],[125.26728,43.82075],[125.267439,43.820786],[125.267682,43.820228],[125.268185,43.818904],[125.266333,43.818328],[125.266274,43.818335]],[[125.265303,43.819057],[125.267682,43.820228]],[[125.266291,43.819652],[125.266358,43.819578]],[[125.266439,43.819618],[125.266498,43.819556]],[[125.265235,43.819134],[125.265303,43.819057]],[[125.265778,43.819293],[125.265833,43.819234]],[[125.267169,43.819882],[125.267111,43.819947]],[[125.26746,43.820224],[125.267528,43.820153]],[[125.264544,43.819893],[125.26471,43.819718]],[[125.265169,43.820256],[125.265314,43.820094]],[[125.265699,43.820524],[125.265906,43.820304]],[[125.267238,43.820827],[125.267418,43.820832],[125.267439,43.820786]],[[125.26728,43.82075],[125.26747,43.820529],[125.267548,43.820544]],[[125.266571,43.81849],[125.266611,43.818415]],[[125.267201,43.818796],[125.267345,43.818642]],[[125.26691,43.818655],[125.266956,43.818522]],[[125.267825,43.819099],[125.268155,43.818984]],[[125.266448,43.819728],[125.266514,43.819654]],[[125.267417,43.819627],[125.267834,43.819827]],[[125.267742,43.819267],[125.26803,43.819314]],[[125.266059,43.81897],[125.265776,43.818825]],[[125.264729,43.817508],[125.264689,43.817474],[125.262716,43.81904]],[[125.264185,43.818738],[125.264077,43.818751],[125.26402,43.818717],[125.264011,43.81864],[125.264062,43.8186],[125.264135,43.818592],[125.2642,43.818617],[125.26423,43.818666],[125.264185,43.818738]],[[125.264097,43.818592],[125.263952,43.818567],[125.263863,43.818505],[125.263851,43.818393],[125.263876,43.818337],[125.264212,43.81802],[125.264537,43.817831],[125.264748,43.81782],[125.26501,43.817932],[125.265136,43.817953],[125.265318,43.817882],[125.26542,43.817883],[125.265649,43.817986],[125.265748,43.818081],[125.265737,43.818163],[125.265639,43.818292],[125.265637,43.81849],[125.265559,43.818589],[125.265451,43.818628],[125.265589,43.81868],[125.265256,43.818845],[125.265194,43.818801],[125.265132,43.81888],[125.264985,43.818945],[125.264775,43.818978],[125.264539,43.818968],[125.264409,43.819125]],[[125.264539,43.818968],[125.264507,43.818928],[125.264337,43.818847],[125.264258,43.818841]],[[125.264156,43.818929],[125.264294,43.818879],[125.264235,43.818809],[125.264211,43.818719]],[[125.264135,43.818986],[125.263307,43.818572]],[[125.264336,43.819087],[125.264702,43.819273]],[[125.264697,43.818975],[125.264784,43.819164]],[[125.264702,43.819273],[125.264784,43.819164],[125.265005,43.819011],[125.26542,43.818956],[125.265508,43.818935],[125.265586,43.818886],[125.266124,43.818285],[125.266148,43.818218],[125.266143,43.817994],[125.266105,43.81796],[125.264729,43.817508]],[[125.264729,43.817508],[125.262811,43.819034]],[[125.264135,43.818986],[125.264158,43.818942],[125.264139,43.818903],[125.264079,43.818889],[125.264012,43.818924]],[[125.264111,43.818892],[125.264115,43.818755]],[[125.263404,43.818566],[125.263769,43.818658],[125.264002,43.818666]],[[125.264112,43.818843],[125.263769,43.818658]],[[125.263778,43.818807],[125.263879,43.818718]],[[125.264003,43.818205],[125.263871,43.818121]],[[125.264172,43.818054],[125.264053,43.817975]],[[125.264566,43.817824],[125.264387,43.817585]],[[125.264748,43.81782],[125.264772,43.817766],[125.264536,43.8175]],[[125.264772,43.817766],[125.265089,43.817626]],[[125.264773,43.817794],[125.265282,43.817837]],[[125.265291,43.817895],[125.26526,43.817682]],[[125.265012,43.81766],[125.26527,43.817751]],[[125.265276,43.817791],[125.265922,43.818003]],[[125.265783,43.818507],[125.265844,43.818054],[125.26606,43.817945]],[[125.265844,43.818054],[125.265736,43.817944]],[[125.265565,43.817783],[125.265532,43.817876]],[[125.265779,43.817853],[125.265715,43.817937]],[[125.26595,43.818479],[125.265611,43.818536]],[[125.265737,43.818163],[125.266147,43.818169]],[[125.26567,43.818802],[125.265641,43.818655],[125.265699,43.818522]],[[125.265589,43.81868],[125.265641,43.818655]],[[125.265256,43.818845],[125.265294,43.81897]],[[125.264579,43.817628],[125.264748,43.81782]],[[125.264575,43.819209],[125.264478,43.819335],[125.264392,43.819584],[125.264266,43.819715]],[[125.264294,43.819729],[125.26396,43.819522],[125.263691,43.81942],[125.263286,43.819198],[125.263218,43.819091],[125.26316,43.819056],[125.262866,43.819065],[125.262811,43.819034]],[[125.264294,43.819729],[125.264403,43.819786]],[[125.265294,43.81897],[125.265303,43.819057]],[[125.266274,43.818335],[125.266124,43.818285]],[[125.266305,43.818321],[125.266359,43.818227]],[[125.26616,43.817822],[125.266303,43.817824]],[[125.266303,43.817824],[125.266386,43.817852]],[[125.266112,43.817842],[125.26606,43.817945]],[[125.264689,43.817474],[125.264738,43.81739]],[[125.263527,43.817068],[125.26354,43.817131],[125.261871,43.818519],[125.261879,43.818568],[125.262811,43.819034]],[[125.262666,43.818962],[125.264387,43.817585],[125.264459,43.817558],[125.264605,43.817448],[125.264689,43.817474]],[[125.26372,43.818314],[125.263511,43.81819]],[[125.264605,43.817448],[125.263632,43.817135],[125.26354,43.817131]],[[125.264387,43.817585],[125.264327,43.817426],[125.264359,43.81737]],[[125.264255,43.817691],[125.264107,43.817605]],[[125.263046,43.818849],[125.262906,43.818766]],[[125.262525,43.818891],[125.262608,43.81882]],[[125.263945,43.818061],[125.26386,43.818006]],[[125.262268,43.819132],[125.262266,43.819042],[125.262011,43.818909],[125.26197,43.818712]],[[125.262724,43.819101],[125.262531,43.819249]],[[125.262811,43.819034],[125.262724,43.819101]],[[125.262531,43.819249],[125.263111,43.819342],[125.263261,43.819307]],[[125.262631,43.819173],[125.262745,43.819284]],[[125.263277,43.819625],[125.263474,43.819642],[125.263627,43.81971],[125.263804,43.819823],[125.263837,43.819897]],[[125.263627,43.81971],[125.263845,43.819767],[125.263906,43.819765],[125.263991,43.819733],[125.264034,43.819685]],[[125.263803,43.819756],[125.263768,43.819792]],[[125.262807,43.819296],[125.262924,43.819319]],[[125.262843,43.819315],[125.262728,43.819353]],[[125.264484,43.81996],[125.264512,43.82006],[125.264458,43.820099],[125.264505,43.820129],[125.264552,43.820106],[125.264512,43.82006]],[[125.264458,43.820099],[125.264217,43.820089]],[[125.264543,43.820118],[125.264721,43.820116],[125.264798,43.820068]],[[125.265635,43.820774],[125.265627,43.820667],[125.265733,43.820542]],[[125.265627,43.820667],[125.265091,43.820398],[125.264914,43.820419]],[[125.265091,43.820398],[125.265055,43.820264],[125.265096,43.820219]],[[125.265173,43.821391],[125.265604,43.820941],[125.265603,43.82089],[125.262711,43.819471],[125.262636,43.819436],[125.262378,43.819656],[125.26211,43.819895],[125.26217,43.819942]],[[125.26217,43.819942],[125.262711,43.819471]],[[125.262193,43.819821],[125.262256,43.819868]],[[125.262316,43.819815],[125.262252,43.819769]],[[125.262382,43.819758],[125.262319,43.819709]],[[125.262756,43.81994],[125.262656,43.819802],[125.262409,43.81963]],[[125.262579,43.819586],[125.262512,43.819544]],[[125.262976,43.820085],[125.262853,43.820129],[125.262762,43.820104],[125.262709,43.820042],[125.262756,43.81994],[125.26285,43.819913],[125.262944,43.819933],[125.263005,43.820021],[125.262976,43.820085]],[[125.262963,43.819947],[125.26312,43.81984],[125.263198,43.819708]],[[125.262963,43.820326],[125.262824,43.820125]],[[125.26355,43.820619],[125.263785,43.820436]],[[125.263785,43.820436],[125.263685,43.820387],[125.26355,43.820384],[125.263423,43.820348],[125.263398,43.820334],[125.263407,43.820268],[125.2635,43.820198],[125.263553,43.820196],[125.263653,43.820228],[125.26381,43.82033],[125.26399,43.820348],[125.264099,43.820392],[125.264196,43.820481],[125.264212,43.820549],[125.264481,43.820732],[125.26446,43.820843],[125.264379,43.820869],[125.264272,43.820866],[125.264161,43.820819],[125.263996,43.820633],[125.26397,43.820505],[125.263845,43.820493],[125.263785,43.820436]],[[125.262987,43.82007],[125.263297,43.820146],[125.263443,43.820239]],[[125.263838,43.82034],[125.263917,43.820166],[125.263987,43.820094]],[[125.263785,43.820436],[125.263838,43.82034]],[[125.264227,43.820857],[125.264297,43.820975]],[[125.262728,43.819353],[125.262636,43.819436]],[[125.263198,43.819708],[125.263277,43.819625]],[[125.263837,43.819897],[125.263752,43.819979]],[[125.264217,43.820089],[125.26414,43.820169]],[[125.264914,43.820419],[125.264828,43.820508]],[[125.265635,43.820774],[125.265547,43.820862]],[[125.264544,43.819893],[125.264484,43.81996]],[[125.267428,43.820922],[125.267205,43.821533]],[[125.267962,43.82109],[125.267396,43.82091]],[[125.267359,43.821112],[125.267224,43.821089]],[[125.267299,43.821275],[125.267169,43.821253]],[[125.267396,43.82091],[125.267418,43.820832]],[[125.267611,43.820864],[125.26757,43.820967]],[[125.266016,43.821087],[125.265734,43.820952]],[[125.265734,43.820952],[125.265603,43.82089]],[[125.269766,43.822672],[125.269705,43.822705],[125.269605,43.822665],[125.267088,43.821604],[125.266098,43.821126]],[[125.269662,43.822592],[125.269605,43.822665]],[[125.267205,43.821533],[125.267157,43.821628]],[[125.266098,43.821126],[125.266016,43.821087]],[[125.268884,43.822259],[125.268821,43.822328]],[[125.268821,43.822328],[125.268624,43.822578],[125.26853,43.822589],[125.267185,43.822048],[125.266891,43.822134]],[[125.266838,43.82222],[125.267157,43.821628]],[[125.266539,43.822042],[125.266985,43.821553]],[[125.265666,43.82163],[125.266024,43.821802]],[[125.265431,43.823246],[125.265483,43.823258],[125.265532,43.823233],[125.266507,43.822177],[125.266458,43.82212],[125.265612,43.821724],[125.265545,43.821751],[125.264573,43.822812],[125.265431,43.823246]],[[125.267846,43.822699],[125.267762,43.82279]],[[125.267185,43.822048],[125.267132,43.822011],[125.26698,43.821965]],[[125.268571,43.822221],[125.268508,43.8223]],[[125.264346,43.822292],[125.265108,43.821463],[125.262061,43.819984],[125.261991,43.819991],[125.261159,43.820714]],[[125.261256,43.820734],[125.261636,43.820412]],[[125.261294,43.820701],[125.261217,43.820663]],[[125.261427,43.820589],[125.261349,43.820546]],[[125.261494,43.820533],[125.261417,43.820487]],[[125.261589,43.820452],[125.261513,43.820404]],[[125.262168,43.821288],[125.262267,43.821248],[125.262514,43.821202],[125.262674,43.821082],[125.263083,43.820944],[125.263243,43.820797],[125.263309,43.820584]],[[125.262975,43.820423],[125.263072,43.820776],[125.263176,43.820955],[125.263582,43.821211],[125.26381,43.821422],[125.263954,43.821607],[125.264138,43.821968],[125.264161,43.822113],[125.264121,43.822196]],[[125.263039,43.820684],[125.262934,43.820675],[125.262827,43.820611],[125.262755,43.820598]],[[125.263276,43.820726],[125.263445,43.82065]],[[125.263476,43.821141],[125.263729,43.821114],[125.263909,43.821137],[125.264076,43.821128],[125.264196,43.82109],[125.264253,43.821047]],[[125.263389,43.821875],[125.263557,43.821664],[125.2637,43.821583],[125.264344,43.821453],[125.264735,43.821458],[125.264941,43.821384]],[[125.264141,43.821501],[125.263954,43.821607]],[[125.264079,43.821528],[125.264133,43.82157],[125.264104,43.821623],[125.263969,43.821632]],[[125.263582,43.821647],[125.263117,43.821744]],[[125.262963,43.820326],[125.262975,43.820423]],[[125.26355,43.820619],[125.263445,43.82065]],[[125.264297,43.820975],[125.264253,43.821047]],[[125.26211,43.819895],[125.262025,43.819978]],[[125.265173,43.821391],[125.265108,43.821463]],[[125.265666,43.82163],[125.265595,43.821728]],[[125.265588,43.82171],[125.265469,43.821651]],[[125.265469,43.821651],[125.265545,43.821572]],[[125.265108,43.821463],[125.265196,43.821506]],[[125.265196,43.821506],[125.265262,43.821434]],[[125.265262,43.821434],[125.265173,43.821391]],[[125.265668,43.821631],[125.265545,43.821572]],[[125.264678,43.822532],[125.265472,43.82167],[125.265464,43.821627],[125.265409,43.821599]],[[125.264387,43.822394],[125.264678,43.822532]],[[125.264219,43.822669],[125.264563,43.822671]],[[125.264435,43.82267],[125.26465,43.822477]],[[125.264848,43.82201],[125.265002,43.821842],[125.26504,43.821859],[125.265118,43.821773],[125.265382,43.821767]],[[125.264882,43.82231],[125.264586,43.822165]],[[125.265063,43.822114],[125.264767,43.82197]],[[125.264678,43.822532],[125.264566,43.822316]],[[125.26495,43.821898],[125.265266,43.821893]],[[125.264616,43.822413],[125.264764,43.822253]],[[125.264946,43.822057],[125.265092,43.821896]],[[125.264586,43.822165],[125.2645,43.822124]],[[125.264767,43.82197],[125.26468,43.821928]],[[125.26097,43.820664],[125.261037,43.820649],[125.262192,43.819656],[125.262103,43.819615],[125.262389,43.819311],[125.261486,43.818855]],[[125.262301,43.819573],[125.262171,43.819514]],[[125.262409,43.81963],[125.262301,43.819573]],[[125.262389,43.819311],[125.262636,43.819436]],[[125.262358,43.819283],[125.262451,43.819208]],[[125.262451,43.819208],[125.262531,43.819249]],[[125.262531,43.819249],[125.262433,43.819334]],[[125.261159,43.820714],[125.261037,43.820649]],[[125.260978,43.820489],[125.261134,43.820564]],[[125.260186,43.821582],[125.260117,43.821546],[125.260382,43.821266],[125.260443,43.821294],[125.260511,43.821224],[125.260578,43.821153],[125.260511,43.821121],[125.2609,43.820731],[125.260462,43.820505]],[[125.260126,43.821804],[125.260013,43.821752]],[[125.258918,43.820862],[125.258491,43.82122],[125.258496,43.821273],[125.259839,43.82192],[125.260013,43.821752]],[[125.259315,43.820539],[125.259195,43.820636]],[[125.259561,43.820863],[125.259529,43.820846],[125.259537,43.820789],[125.259228,43.820638],[125.259195,43.820636],[125.259013,43.820783]],[[125.259013,43.820783],[125.258918,43.820862]],[[125.259499,43.82038],[125.259315,43.820539],[125.259333,43.820599],[125.260122,43.820988]],[[125.259596,43.820299],[125.259499,43.82038]],[[125.258851,43.821178],[125.258657,43.821081]],[[125.259448,43.820984],[125.259411,43.820968],[125.259284,43.821104],[125.259268,43.821214],[125.259305,43.821252],[125.259511,43.821349],[125.259636,43.821337],[125.259705,43.821287],[125.259672,43.821269]],[[125.259639,43.821463],[125.259694,43.821402],[125.259586,43.82135]],[[125.259426,43.820443],[125.259547,43.820505]],[[125.259926,43.820239],[125.259752,43.820455]],[[125.259811,43.820382],[125.259612,43.820286]],[[125.25973,43.820343],[125.259783,43.820279],[125.259862,43.820318]],[[125.260615,43.821275],[125.260511,43.821224]],[[125.26097,43.820664],[125.2609,43.820731]],[[125.262869,43.822096],[125.263173,43.821771]],[[125.26208,43.821718],[125.262386,43.821393]],[[125.262484,43.82191],[125.262782,43.821583]],[[125.262081,43.821293],[125.261058,43.820802],[125.260615,43.821275]],[[125.260202,43.821719],[125.259866,43.822099]],[[125.259792,43.822175],[125.25968,43.82229],[125.259692,43.822341],[125.26081,43.822888]],[[125.261867,43.823386],[125.262871,43.823881],[125.263036,43.823721]],[[125.263095,43.823653],[125.263749,43.822947]],[[125.263749,43.822947],[125.264287,43.822358],[125.263403,43.821933]],[[125.264121,43.822196],[125.264075,43.822256]],[[125.264346,43.822292],[125.264287,43.822358]],[[125.264075,43.822256],[125.263986,43.822363],[125.263989,43.822537],[125.263941,43.822646],[125.263841,43.822746],[125.263585,43.822908]],[[125.26342,43.823121],[125.263186,43.82328],[125.263147,43.823504],[125.262983,43.823643]],[[125.26216,43.82307],[125.262966,43.823464],[125.263028,43.823399],[125.263235,43.823501]],[[125.263155,43.823354],[125.26305,43.82341]],[[125.264145,43.822514],[125.263735,43.822311],[125.263697,43.822353],[125.263597,43.822306],[125.263616,43.822284],[125.263178,43.822099]],[[125.259907,43.822171],[125.259997,43.822052],[125.26026,43.821924],[125.260384,43.821806]],[[125.260006,43.821941],[125.260394,43.822129]],[[125.260797,43.821397],[125.260961,43.821067],[125.261006,43.821025],[125.261279,43.820903]],[[125.260799,43.821075],[125.261204,43.821281]],[[125.260887,43.820978],[125.261468,43.821234],[125.261441,43.821264],[125.26196,43.821514]],[[125.260487,43.821413],[125.260742,43.821535],[125.260561,43.821729],[125.260305,43.821607]],[[125.260799,43.821563],[125.260618,43.821755]],[[125.260704,43.821664],[125.260717,43.82167]],[[125.262937,43.822355],[125.26302,43.822392]],[[125.261692,43.821805],[125.261633,43.821778]],[[125.261159,43.820714],[125.261058,43.820802]],[[125.263213,43.822881],[125.262984,43.822772]],[[125.261235,43.821146],[125.261137,43.821247],[125.261086,43.821374]],[[125.2609,43.820731],[125.261058,43.820802]],[[125.260362,43.822114],[125.26031,43.822167],[125.261112,43.822558]],[[125.259866,43.822099],[125.259792,43.822175]],[[125.263036,43.823721],[125.263095,43.823653]],[[125.264461,43.822429],[125.264669,43.822206]],[[125.2648,43.821986],[125.264621,43.822183]],[[125.26413,43.823147],[125.264018,43.822787]],[[125.263913,43.822902],[125.264054,43.822904]],[[125.264069,43.822952],[125.264238,43.822756]],[[125.264018,43.823262],[125.263718,43.823113]],[[125.264102,43.823058],[125.263821,43.823356]],[[125.263469,43.823382],[125.263939,43.823348]],[[125.263999,43.823168],[125.264026,43.823225],[125.264,43.823253]],[[125.26336,43.823492],[125.263661,43.823643]],[[125.263432,43.823529],[125.263574,43.823374]],[[125.264387,43.822394],[125.264287,43.822358]],[[125.264018,43.822787],[125.263932,43.822747]],[[125.263913,43.822902],[125.263829,43.82286]],[[125.264015,43.822657],[125.263756,43.822532]],[[125.264219,43.822669],[125.264238,43.822756]],[[125.264219,43.822669],[125.264066,43.822601]],[[125.263718,43.823113],[125.263632,43.823071]],[[125.263469,43.823382],[125.263385,43.823339]],[[125.26336,43.823492],[125.26328,43.823452]],[[125.265723,43.821946],[125.265837,43.82182]],[[125.266156,43.82215],[125.266269,43.822029]],[[125.264802,43.822934],[125.264911,43.822817]],[[125.266011,43.822718],[125.265964,43.822695]],[[125.265086,43.822271],[125.265063,43.822259]],[[125.263612,43.823841],[125.262655,43.824897],[125.262695,43.824954],[125.263501,43.825347],[125.263599,43.825365],[125.263687,43.825334],[125.264628,43.824296],[125.264584,43.824241],[125.263709,43.823821],[125.263612,43.823841]],[[125.263002,43.824897],[125.262871,43.82504]],[[125.26391,43.823917],[125.263811,43.824025]],[[125.263178,43.824349],[125.263153,43.824337]],[[125.26405,43.824781],[125.264146,43.824828]],[[125.265063,43.822259],[125.264971,43.822214]],[[125.264563,43.822671],[125.264647,43.822713]],[[125.264573,43.822812],[125.264469,43.822761],[125.264436,43.822766],[125.264376,43.82283],[125.264468,43.822897],[125.264508,43.822892],[125.264577,43.82282]],[[125.266503,43.822157],[125.266589,43.822071]],[[125.262903,43.824047],[125.261506,43.823372],[125.261452,43.823389],[125.26086,43.824035],[125.260907,43.824084],[125.262453,43.824841],[125.262502,43.824847],[125.262568,43.824824],[125.263547,43.823756],[125.263501,43.823699]],[[125.260977,43.823113],[125.259347,43.822335],[125.259289,43.82235],[125.25872,43.822984],[125.25877,43.823031],[125.260349,43.823802],[125.260419,43.82378],[125.260967,43.823186],[125.260977,43.823113]],[[125.262606,43.824782],[125.262482,43.824564],[125.262654,43.824381]],[[125.262876,43.824488],[125.262614,43.824362],[125.262844,43.82411],[125.262975,43.823968],[125.263237,43.824094]],[[125.263013,43.823987],[125.263175,43.823821],[125.263372,43.823815],[125.263455,43.823856]],[[125.263079,43.823919],[125.263398,43.823918]],[[125.263009,43.824344],[125.262746,43.824218]],[[125.263107,43.824237],[125.262844,43.82411]],[[125.263222,43.823919],[125.26298,43.824176]],[[125.262597,43.824441],[125.262719,43.824659]],[[125.262652,43.82454],[125.262888,43.824285]],[[125.262975,43.823918],[125.262894,43.823875]],[[125.262871,43.823881],[125.262777,43.823985]],[[125.263119,43.823627],[125.263215,43.823673],[125.263221,43.823708]],[[125.263661,43.823643],[125.263547,43.823731]],[[125.263547,43.823756],[125.263662,43.823817]],[[125.263153,43.824337],[125.263058,43.82429]],[[125.262664,43.824927],[125.262502,43.824847],[125.262439,43.824916]],[[125.260571,43.823736],[125.260877,43.823886]],[[125.260571,43.823736],[125.260495,43.823698]],[[125.260877,43.823886],[125.260957,43.823925]],[[125.259668,43.822318],[125.259561,43.82243]],[[125.261593,43.82341],[125.26095,43.824105]],[[125.260264,43.82377],[125.260903,43.823077]],[[125.264828,43.824418],[125.26471,43.824363]],[[125.265062,43.824383],[125.265011,43.824441]],[[125.26471,43.824363],[125.26462,43.824321]],[[125.260303,43.823887],[125.260089,43.824126]],[[125.260794,43.82412],[125.260562,43.824357]],[[125.260379,43.823801],[125.260303,43.823887]],[[125.260861,43.824049],[125.260794,43.82412]],[[125.263641,43.825358],[125.263554,43.825469]],[[125.265219,43.82474],[125.265178,43.824783]],[[125.265563,43.824705],[125.264869,43.824373]],[[125.264869,43.824373],[125.263855,43.825472],[125.263868,43.825528]],[[125.26424,43.824879],[125.264353,43.824932]],[[125.264146,43.824828],[125.26424,43.824879]],[[125.264354,43.825062],[125.26427,43.825022]],[[125.263868,43.825528],[125.264293,43.825734]],[[125.264293,43.825734],[125.26438,43.825644]],[[125.265132,43.824499],[125.265007,43.824636],[125.265439,43.824846],[125.265563,43.824705]],[[125.26635,43.823515],[125.266237,43.82363]],[[125.266539,43.822042],[125.266838,43.82222],[125.267846,43.822699]],[[125.267143,43.822652],[125.267254,43.822524]],[[125.26678,43.822295],[125.266838,43.82222]],[[125.266507,43.822177],[125.266611,43.822226]],[[125.265794,43.823415],[125.266668,43.823843],[125.266753,43.823836],[125.267747,43.822817],[125.267748,43.822764],[125.266711,43.822261]],[[125.26606,43.822813],[125.265964,43.822768]],[[125.266316,43.822932],[125.26606,43.822813]],[[125.26678,43.822295],[125.265868,43.823281],[125.265856,43.82335],[125.265794,43.823415]],[[125.26561,43.823323],[125.265794,43.823415]],[[125.264209,43.823189],[125.26413,43.823147]],[[125.263956,43.823462],[125.263915,43.823503]],[[125.263738,43.823721],[125.263661,43.823807]],[[125.26365,43.823655],[125.263735,43.8237]],[[125.263824,43.823602],[125.263778,43.823657]],[[125.265423,43.823795],[125.265311,43.823743]],[[125.266327,43.82385],[125.266403,43.823772]],[[125.265903,43.823646],[125.265979,43.823563]],[[125.264145,43.823259],[125.264292,43.823328]],[[125.264107,43.8233],[125.264232,43.823353],[125.264274,43.823349]],[[125.264274,43.823349],[125.264141,43.823395],[125.264037,43.823375]],[[125.264559,43.82349],[125.26432,43.82367]],[[125.264891,43.823653],[125.264785,43.823712],[125.264559,43.823788]],[[125.265156,43.823433],[125.265321,43.82359],[125.265406,43.823638]],[[125.265231,43.823638],[125.265123,43.823471]],[[125.264993,43.823614],[125.265231,43.823638],[125.265343,43.823707]],[[125.264578,43.823978],[125.264511,43.823944]],[[125.265603,43.823419],[125.265281,43.823783],[125.265291,43.823846],[125.265472,43.823936],[125.265062,43.824383]],[[125.263778,43.823657],[125.263738,43.823721],[125.264379,43.824033]],[[125.263915,43.823503],[125.263824,43.823602]],[[125.264209,43.823189],[125.263956,43.823462]],[[125.268659,43.817503],[125.268727,43.817561]],[[125.277027,43.828731],[125.277253,43.828414],[125.277203,43.828342]],[[125.265665,43.823351],[125.265603,43.823419]],[[125.265776,43.818825],[125.265691,43.818781]],[[125.267442,43.816692],[125.267414,43.816771]],[[125.267192,43.816646],[125.267171,43.816727]],[[125.268567,43.817464],[125.268659,43.817503]],[[125.268764,43.817204],[125.268834,43.817269]],[[125.268834,43.817269],[125.268923,43.817314]],[[125.269296,43.816119],[125.269356,43.816139]],[[125.269822,43.81505],[125.269796,43.814989]],[[125.274404,43.82018],[125.275243,43.82043]],[[125.274427,43.81995],[125.27423,43.819886]],[[125.274023,43.820239],[125.274219,43.8203]],[[125.274219,43.8203],[125.274318,43.82033],[125.274519,43.819979],[125.274427,43.81995]],[[125.262975,43.823968],[125.262975,43.823918]],[[125.263403,43.821933],[125.263389,43.821875]],[[125.262168,43.821288],[125.262081,43.821293]],[[125.260615,43.821275],[125.260202,43.821719]],[[125.260013,43.821752],[125.260186,43.821582]],[[125.260013,43.821752],[125.259813,43.821659]],[[125.260511,43.821224],[125.260305,43.821125]],[[125.260462,43.820505],[125.260351,43.82045]],[[125.260351,43.82045],[125.259834,43.820194],[125.259711,43.820206],[125.259596,43.820299]],[[125.261988,43.819826],[125.26211,43.819895]],[[125.261991,43.819991],[125.261874,43.81992]],[[125.26197,43.818712],[125.262028,43.818642]],[[125.262198,43.819204],[125.262268,43.819132]],[[125.266023,43.816142],[125.266018,43.816256]],[[125.265879,43.815754],[125.265966,43.815689]],[[125.271315,43.8183],[125.273507,43.819001]],[[125.271267,43.818383],[125.271214,43.818366]],[[125.27449,43.819421],[125.274548,43.819315]],[[125.264379,43.824033],[125.264415,43.824051]],[[125.265483,43.823258],[125.26561,43.823323]],[[125.263939,43.823348],[125.264037,43.823375]],[[125.264107,43.8233],[125.264018,43.823262]],[[125.266711,43.822261],[125.266677,43.822223],[125.266611,43.822226]],[[125.273117,43.824533],[125.273354,43.824607]],[[125.263502,43.81599],[125.263563,43.816034]],[[125.263502,43.81599],[125.263453,43.816027]],[[125.261692,43.814644],[125.261777,43.81458],[125.261944,43.814569]],[[125.262333,43.81561],[125.26215,43.815268]],[[125.26198,43.815133],[125.262071,43.815081],[125.262149,43.815085],[125.26223,43.815146],[125.262231,43.815205],[125.26215,43.815268],[125.262059,43.815269],[125.261987,43.815229],[125.26198,43.815133]],[[125.255259,43.81974],[125.25547,43.8197],[125.255545,43.819658],[125.255614,43.819547],[125.255576,43.819428],[125.25551,43.819373],[125.255409,43.819339],[125.255221,43.819353],[125.255099,43.819424],[125.255057,43.819519]],[[125.254966,43.819193],[125.25497,43.81971],[125.255089,43.819907]],[[125.254332,43.819585],[125.254696,43.819656]],[[125.254249,43.819633],[125.254427,43.819702],[125.254686,43.819742]],[[125.254126,43.819475],[125.253895,43.819315]],[[125.25497,43.819509],[125.255088,43.819527],[125.255135,43.819636],[125.255259,43.819696],[125.255246,43.819783],[125.255185,43.819857],[125.255089,43.819907],[125.254973,43.819925],[125.254857,43.819908],[125.25476,43.819858],[125.254699,43.819785],[125.254685,43.819698],[125.25472,43.819615],[125.2548,43.81955],[125.25497,43.819509]],[[125.2542,43.819448],[125.254273,43.819456],[125.254344,43.819516],[125.25432,43.8196],[125.254249,43.819633],[125.254164,43.819628],[125.25409,43.819559],[125.254101,43.819499],[125.2542,43.819448]],[[125.255985,43.82025],[125.25806,43.819616]],[[125.258871,43.819832],[125.259426,43.81938]],[[125.258773,43.819913],[125.258871,43.819832]],[[125.257848,43.820666],[125.258773,43.819913]],[[125.257753,43.820744],[125.257848,43.820666]],[[125.255303,43.820583],[125.255313,43.820435],[125.255347,43.820353],[125.255426,43.82027],[125.257969,43.819481],[125.25806,43.819616],[125.258383,43.819819]],[[125.256412,43.821305],[125.25692,43.821324],[125.25707,43.821289],[125.257753,43.820744]],[[125.2562,43.821296],[125.256412,43.821305]],[[125.255924,43.819965],[125.255996,43.82009],[125.255964,43.820559]],[[125.255796,43.819747],[125.255924,43.819965]],[[125.255556,43.819192],[125.255584,43.819316],[125.255642,43.819387],[125.255697,43.819575],[125.255796,43.819747]],[[125.25559,43.819459],[125.25596,43.819388],[125.256404,43.819352],[125.256715,43.819234],[125.257223,43.819127]],[[125.257077,43.819312],[125.256981,43.819134]],[[125.258021,43.818514],[125.25848,43.818635],[125.258637,43.818781],[125.258537,43.818846],[125.255781,43.819716],[125.254987,43.819948],[125.254057,43.820154]],[[125.259358,43.818348],[125.259405,43.818235],[125.259437,43.818006],[125.259418,43.817788],[125.259319,43.817507],[125.259154,43.817289],[125.258708,43.816853],[125.258612,43.816729],[125.258521,43.816462],[125.25857,43.816221],[125.258653,43.816066],[125.25882,43.815844],[125.258887,43.815813],[125.259128,43.815802],[125.259355,43.815479],[125.259407,43.815276]],[[125.257996,43.815739],[125.258131,43.815697]],[[125.258161,43.81567],[125.258132,43.815684],[125.258154,43.815712],[125.258189,43.815688],[125.258161,43.81567]],[[125.258521,43.815458],[125.258244,43.815509],[125.257937,43.815512],[125.257883,43.815537],[125.25786,43.81558],[125.257878,43.815673],[125.257996,43.815739],[125.258122,43.816056]],[[125.258167,43.817621],[125.258276,43.81759],[125.258493,43.817416]],[[125.257561,43.813972],[125.257863,43.813972]],[[125.258107,43.814435],[125.258279,43.81439],[125.25835,43.814295]],[[125.257898,43.813587],[125.257735,43.813767],[125.257749,43.813858],[125.258115,43.814192],[125.258198,43.814303],[125.258201,43.814344],[125.258165,43.814402],[125.258052,43.814475],[125.25802,43.814536],[125.258068,43.814757],[125.257939,43.814937],[125.257937,43.81503],[125.25798,43.815075],[125.258202,43.815155]],[[125.25803,43.813092],[125.25816,43.813025]],[[125.257934,43.813601],[125.257987,43.81356]],[[125.257855,43.813327],[125.257887,43.813175],[125.257965,43.813083],[125.258048,43.813099],[125.258069,43.813133],[125.25799,43.813208]],[[125.258033,43.813447],[125.257946,43.813528],[125.258038,43.813575],[125.258075,43.813563],[125.258152,43.813463],[125.258178,43.81332],[125.258281,43.813257]],[[125.258033,43.813447],[125.257845,43.813336],[125.25799,43.813208],[125.258178,43.81332],[125.258033,43.813447]],[[125.258083,43.812751],[125.257966,43.812778],[125.257894,43.812827],[125.257872,43.812996],[125.257726,43.813157],[125.257719,43.813361],[125.257758,43.813445],[125.257898,43.813587],[125.258081,43.813631],[125.258346,43.813612]],[[125.258638,43.813199],[125.258789,43.813148]],[[125.258784,43.812907],[125.258903,43.812906]],[[125.258667,43.8128],[125.258574,43.812834],[125.258549,43.812882],[125.25859,43.812951],[125.258664,43.812972],[125.258739,43.812955],[125.258787,43.812881],[125.258762,43.812833],[125.258667,43.8128]],[[125.258069,43.813133],[125.258089,43.813142],[125.258425,43.813035],[125.25859,43.812951]],[[125.258017,43.812874],[125.258213,43.812805],[125.258352,43.81281],[125.258401,43.812878],[125.258446,43.813077],[125.258564,43.813109],[125.258643,43.813173],[125.258638,43.813199],[125.258388,43.813351],[125.258374,43.81339]],[[125.258411,43.813927],[125.258525,43.814114],[125.258503,43.814262],[125.258543,43.814347],[125.258799,43.814727],[125.258739,43.814807],[125.258588,43.81484],[125.258504,43.814817]],[[125.258463,43.8133],[125.258586,43.8134],[125.258602,43.813454],[125.258578,43.81377],[125.258564,43.813813],[125.25833,43.813988]],[[125.258343,43.814247],[125.25865,43.81408]],[[125.258276,43.81759],[125.258586,43.818028],[125.258575,43.818104],[125.258512,43.818183],[125.258511,43.818286],[125.25865,43.81845],[125.258709,43.818465],[125.258819,43.818362],[125.258913,43.818107],[125.258936,43.817977],[125.258894,43.817771],[125.258753,43.81758],[125.258493,43.817416],[125.25833,43.817247],[125.258241,43.817037],[125.258032,43.816793],[125.257937,43.816601],[125.257967,43.81645],[125.258088,43.81624],[125.258122,43.816056],[125.258473,43.815762],[125.258531,43.815672],[125.258541,43.815598],[125.258521,43.815458],[125.258419,43.815255],[125.25851,43.815096],[125.258501,43.81485],[125.25854,43.814729],[125.258545,43.814552],[125.25835,43.814295],[125.258348,43.814026],[125.258257,43.813831],[125.258378,43.813519],[125.258374,43.81339],[125.258029,43.812968],[125.258012,43.812908],[125.258057,43.812782],[125.258139,43.812684],[125.258139,43.812545]],[[125.25757,43.812619],[125.257565,43.812337]],[[125.257773,43.818694],[125.25789,43.818611]],[[125.257565,43.812337],[125.257562,43.811881]],[[125.25789,43.818611],[125.258021,43.818514],[125.258144,43.818344],[125.258172,43.818248],[125.258175,43.817646],[125.25814,43.817525],[125.258069,43.817418],[125.257632,43.817059],[125.25758,43.81695],[125.25757,43.812619]],[[125.254668,43.82074],[125.255217,43.821225],[125.255297,43.821254],[125.255435,43.821265],[125.2562,43.821296]],[[125.254141,43.820239],[125.254668,43.82074]],[[125.259802,43.812297],[125.259628,43.811981]],[[125.258736,43.812022],[125.258649,43.811958],[125.258618,43.8119],[125.258634,43.81183]],[[125.261374,43.811135],[125.261621,43.81072]],[[125.26037,43.811188],[125.26129,43.811182]],[[125.260301,43.811848],[125.259978,43.811613]],[[125.259713,43.81191],[125.260274,43.811886]],[[125.258632,43.812344],[125.258736,43.812022],[125.259511,43.812021],[125.259653,43.811967],[125.260312,43.811231],[125.260612,43.811029],[125.260981,43.810871],[125.26196,43.810643],[125.262105,43.810587],[125.262248,43.810494],[125.262441,43.810291],[125.26264,43.809788],[125.262635,43.809637],[125.262451,43.809639],[125.262443,43.809485]],[[125.262609,43.810176],[125.263174,43.810176]],[[125.262495,43.810176],[125.262609,43.810176]],[[125.261378,43.814039],[125.261355,43.813874],[125.261177,43.813671],[125.261165,43.813407],[125.261257,43.81303],[125.261492,43.81279],[125.261584,43.81266],[125.261611,43.812562],[125.261554,43.812402],[125.26157,43.812352],[125.261818,43.812012],[125.262038,43.81181],[125.262097,43.811509],[125.262169,43.811435],[125.262535,43.81123],[125.262781,43.811057],[125.263038,43.810815],[125.263068,43.810418],[125.263175,43.810232],[125.263174,43.810176]],[[125.258888,43.81509],[125.258957,43.814789],[125.258944,43.814707],[125.258721,43.814416],[125.258645,43.814276],[125.258635,43.814162],[125.258802,43.813341],[125.258781,43.813081],[125.258803,43.81301],[125.258912,43.812895],[125.258955,43.812798]],[[125.25882,43.812706],[125.258909,43.812635]],[[125.258893,43.812756],[125.258982,43.812686],[125.259213,43.812635],[125.259557,43.812472],[125.260129,43.812043],[125.260332,43.811803],[125.260786,43.81149],[125.261344,43.811149],[125.261592,43.811031],[125.261834,43.810949],[125.261995,43.810805],[125.262046,43.81061]],[[125.259064,43.812743],[125.258976,43.812812]],[[125.261324,43.814097],[125.261378,43.814039],[125.261486,43.814022],[125.261558,43.814051],[125.261594,43.814134],[125.261524,43.814206],[125.261437,43.814217],[125.261358,43.814187],[125.261324,43.814097]],[[125.259352,43.812983],[125.259876,43.813166],[125.259995,43.813569],[125.260495,43.813564],[125.260603,43.813967],[125.261324,43.814097]],[[125.259087,43.812759],[125.25878,43.812545]],[[125.259012,43.812837],[125.258684,43.812613]],[[125.259207,43.812843],[125.259087,43.812759]],[[125.25912,43.812911],[125.259012,43.812837]],[[125.259332,43.812863],[125.259251,43.812839],[125.259168,43.812858],[125.25912,43.812911],[125.259152,43.812995],[125.259251,43.813024],[125.259348,43.812988],[125.259371,43.81291],[125.259332,43.812863]],[[125.258427,43.812413],[125.257486,43.81241]],[[125.257484,43.81254],[125.258419,43.812548]],[[125.258607,43.812341],[125.25846,43.812382],[125.2584,43.812487],[125.258464,43.81259],[125.258611,43.812628],[125.258751,43.812577],[125.258798,43.812479],[125.258739,43.812383],[125.258607,43.812341]],[[125.260687,43.815764],[125.260752,43.815673]],[[125.260784,43.815259],[125.260567,43.815179],[125.260394,43.815079],[125.260249,43.814897],[125.260211,43.814793]],[[125.259933,43.815284],[125.260039,43.815146],[125.2603,43.815162],[125.260426,43.8151]],[[125.259999,43.815388],[125.259959,43.815299],[125.259901,43.815276],[125.259838,43.81529],[125.259761,43.81539]],[[125.263279,43.81505],[125.263965,43.815191]],[[125.262339,43.815694],[125.262297,43.815623]],[[125.262594,43.815514],[125.262567,43.815469]],[[125.2627,43.815667],[125.262594,43.815514]],[[125.263215,43.815807],[125.262958,43.815622],[125.262783,43.815639],[125.26238,43.815762],[125.262339,43.815694]],[[125.26196,43.816145],[125.26207,43.815963],[125.262341,43.81581],[125.262469,43.81565],[125.262569,43.815577],[125.263152,43.81532],[125.263285,43.815198],[125.263279,43.81505],[125.263199,43.814981],[125.262656,43.814834],[125.262536,43.814829]],[[125.261547,43.815641],[125.261607,43.815654]],[[125.262578,43.81487],[125.262421,43.814759],[125.261999,43.814597],[125.261836,43.814501],[125.261661,43.814363],[125.261524,43.814206]],[[125.261607,43.815654],[125.261904,43.815692],[125.26214,43.815669],[125.262372,43.815595],[125.262529,43.815502],[125.262692,43.815315],[125.262723,43.815174],[125.262698,43.815028],[125.262578,43.81487]],[[125.261495,43.815662],[125.261497,43.815727],[125.261557,43.815799],[125.261464,43.815954]],[[125.261453,43.815603],[125.261525,43.81559],[125.261547,43.815641],[125.261467,43.815656],[125.261453,43.815603]],[[125.260949,43.815355],[125.261149,43.815482],[125.261453,43.815603]],[[125.261488,43.815036],[125.261266,43.81517],[125.260992,43.815278]],[[125.261625,43.81485],[125.261488,43.815036]],[[125.26515,43.815359],[125.264734,43.81509]],[[125.263956,43.816308],[125.264032,43.816357],[125.264291,43.816155],[125.263739,43.815801],[125.263502,43.81599]],[[125.25952,43.819303],[125.260631,43.818413]],[[125.259426,43.81938],[125.25952,43.819303]],[[125.260631,43.818413],[125.260751,43.818313]],[[125.260751,43.818313],[125.262663,43.816766]],[[125.263331,43.816223],[125.263563,43.816034]],[[125.263084,43.816423],[125.263331,43.816223]],[[125.263563,43.816034],[125.264386,43.815369]],[[125.262999,43.816493],[125.263084,43.816423]],[[125.262755,43.816691],[125.262999,43.816493]],[[125.262663,43.816766],[125.262755,43.816691]],[[125.266022,43.814055],[125.266122,43.813974]],[[125.264455,43.815314],[125.266022,43.814055]],[[125.266122,43.813974],[125.269391,43.811355],[125.269441,43.811304],[125.269439,43.811223]],[[125.264455,43.815314],[125.264386,43.815369]],[[125.263239,43.816899],[125.263123,43.816988]],[[125.265294,43.815247],[125.26515,43.815359]],[[125.268327,43.812781],[125.267213,43.813649],[125.266616,43.814186]],[[125.263123,43.816988],[125.257675,43.821379],[125.257505,43.821522],[125.257447,43.821608],[125.257433,43.821669],[125.257486,43.821965],[125.257705,43.822906],[125.260115,43.824097]],[[125.26515,43.815359],[125.263239,43.816899]],[[125.266616,43.814186],[125.265294,43.815247]],[[125.260776,43.815271],[125.260826,43.815223],[125.260908,43.815214],[125.260976,43.815249],[125.260991,43.815308],[125.260949,43.815355],[125.260873,43.815371],[125.260804,43.815348],[125.260776,43.815271]],[[125.28043,43.824751],[125.28043,43.824515]],[[125.276348,43.80301],[125.276343,43.804326]],[[125.267558,43.817561],[125.267526,43.817655]],[[125.262405,43.806202],[125.262295,43.8062]],[[125.263207,43.809462],[125.261487,43.809508]],[[125.260427,43.809269],[125.262109,43.809229],[125.262172,43.809192]],[[125.262122,43.809492],[125.262109,43.809229]],[[125.26491,43.804254],[125.264968,43.804235],[125.26492,43.804075],[125.264953,43.803885],[125.265122,43.803669],[125.265285,43.80363],[125.265448,43.803624],[125.265592,43.803628],[125.265837,43.803681],[125.265953,43.80366],[125.26617,43.803575],[125.266388,43.803555]],[[125.265192,43.80483],[125.265524,43.804746]],[[125.264639,43.804326],[125.26491,43.804254],[125.265018,43.804494]],[[125.265244,43.804931],[125.265018,43.804494],[125.264912,43.804521],[125.264787,43.804289]],[[125.265024,43.804986],[125.265529,43.80486]],[[125.266293,43.804331],[125.265801,43.80418]],[[125.266039,43.805604],[125.266235,43.805463]],[[125.266756,43.805065],[125.26656,43.805062],[125.266469,43.805039],[125.266345,43.804943],[125.266316,43.804842],[125.266329,43.804762],[125.266378,43.804692],[125.266457,43.804646],[125.266544,43.804621],[125.266762,43.804622]],[[125.265528,43.804835],[125.266316,43.804842]],[[125.266743,43.80586],[125.266569,43.805793],[125.266356,43.80561],[125.266235,43.805463],[125.266054,43.805094],[125.266026,43.804836],[125.266037,43.804696],[125.266094,43.804566],[125.266172,43.804444],[125.266293,43.804331],[125.266628,43.804158],[125.266763,43.804157]],[[125.266101,43.806401],[125.266225,43.806491]],[[125.266096,43.806122],[125.266292,43.806046]],[[125.265411,43.80661],[125.265533,43.806627],[125.265826,43.806603],[125.266101,43.806401],[125.266096,43.806122],[125.265901,43.806042],[125.265714,43.805583],[125.265867,43.805463]],[[125.265533,43.806627],[125.265553,43.806828]],[[125.265327,43.805814],[125.265923,43.805898],[125.265964,43.805984],[125.266015,43.806012],[125.266014,43.806081]],[[125.264469,43.807416],[125.264686,43.806953],[125.264784,43.806853],[125.264941,43.806791],[125.265288,43.806734],[125.265366,43.806681],[125.265411,43.80661],[125.265413,43.806528],[125.265384,43.806447],[125.265274,43.80634]],[[125.264579,43.807853],[125.264704,43.807844]],[[125.264704,43.807844],[125.264735,43.807766],[125.264719,43.807731]],[[125.264626,43.807594],[125.264385,43.807344],[125.263935,43.807189]],[[125.264409,43.807635],[125.264859,43.807467],[125.264878,43.807201],[125.264642,43.807046]],[[125.264912,43.808372],[125.264901,43.808159],[125.264456,43.808051],[125.264485,43.807876],[125.264409,43.807635],[125.264217,43.807567]],[[125.264329,43.807938],[125.264591,43.807956]],[[125.264264,43.807781],[125.264588,43.807775]],[[125.264504,43.808351],[125.264359,43.808078],[125.264324,43.807903],[125.264264,43.807781],[125.264094,43.807746]],[[125.264469,43.807416],[125.264625,43.807367],[125.264782,43.807361],[125.264967,43.807386],[125.265057,43.807427],[125.265098,43.807466],[125.265103,43.807514],[125.265085,43.807561],[125.264996,43.807634],[125.26491,43.807658],[125.264772,43.807672],[125.264714,43.807618],[125.264626,43.807594],[125.264575,43.807894],[125.264591,43.808082],[125.264555,43.808135],[125.264495,43.808164],[125.264275,43.808174],[125.264182,43.808128],[125.264118,43.808043],[125.264072,43.807922],[125.264071,43.807799],[125.264185,43.807591],[125.264469,43.807416]],[[125.26548,43.807762],[125.265201,43.807732],[125.264996,43.807634]],[[125.264011,43.807424],[125.263907,43.80737],[125.263879,43.807321],[125.263879,43.807279],[125.263997,43.807086],[125.26404,43.807046],[125.264104,43.807041],[125.264242,43.807071]],[[125.265641,43.8077],[125.265597,43.807216]],[[125.266041,43.806789],[125.265918,43.806726],[125.265841,43.806714],[125.26568,43.806737],[125.265561,43.806813],[125.265435,43.807016],[125.265368,43.807061],[125.265177,43.807121],[125.265087,43.807187],[125.265091,43.807278],[125.265275,43.807443],[125.265293,43.807508],[125.265256,43.807633],[125.265078,43.807733],[125.264988,43.807742],[125.264787,43.807716],[125.264719,43.807731],[125.264631,43.807794],[125.264617,43.807839],[125.264654,43.807929],[125.264846,43.808036],[125.264901,43.808159]],[[125.266113,43.806692],[125.265813,43.807545]],[[125.2655,43.807862],[125.265813,43.807545],[125.266149,43.807298],[125.266277,43.80716],[125.266356,43.807012],[125.266381,43.806871],[125.266365,43.80673],[125.266323,43.806615],[125.266225,43.806491]],[[125.266066,43.808299],[125.265909,43.808209],[125.265836,43.808032]],[[125.265539,43.808059],[125.265731,43.80806],[125.265836,43.808032],[125.266031,43.807812],[125.266117,43.807747],[125.266225,43.807713],[125.266357,43.807702],[125.266676,43.80775]],[[125.264229,43.808403],[125.264364,43.808682],[125.264277,43.809193]],[[125.264865,43.803269],[125.265119,43.803305],[125.265404,43.803294],[125.26557,43.803328],[125.265761,43.803416],[125.265861,43.803502],[125.265943,43.80362],[125.265975,43.803741],[125.265944,43.80399],[125.265636,43.804385],[125.265523,43.804724],[125.26553,43.804895],[125.265593,43.805096],[125.265706,43.805295],[125.266062,43.805623],[125.266209,43.805792],[125.266282,43.805979],[125.266308,43.806157],[125.266199,43.806565],[125.265912,43.806931],[125.265597,43.807216],[125.265518,43.807353],[125.265449,43.807523],[125.265539,43.808059],[125.265514,43.80819],[125.265428,43.808278],[125.265282,43.808334],[125.264971,43.808379],[125.264618,43.808342],[125.264186,43.808412],[125.263857,43.808423]],[[125.26409,43.809187],[125.263805,43.808235],[125.263847,43.807713],[125.263903,43.807588],[125.264253,43.807054],[125.264387,43.806891],[125.265185,43.806401],[125.265274,43.80634],[125.265341,43.806244],[125.265327,43.805814],[125.265404,43.805538],[125.265374,43.805321],[125.264786,43.804773],[125.264714,43.804667],[125.264547,43.803854],[125.264554,43.803737],[125.264618,43.803591],[125.264905,43.803196],[125.264928,43.803086],[125.264892,43.802838],[125.264979,43.802586],[125.265042,43.802527],[125.26504,43.802489]],[[125.26253,43.807704],[125.262738,43.807704]],[[125.263604,43.806034],[125.263486,43.806028],[125.263233,43.806149]],[[125.263436,43.806161],[125.263604,43.806034],[125.263726,43.806017]],[[125.262922,43.804492],[125.26285,43.804505],[125.262791,43.804482],[125.262739,43.804357],[125.262786,43.804231],[125.262862,43.804215],[125.262943,43.804229]],[[125.262373,43.804128],[125.262754,43.804274],[125.262813,43.804318],[125.262934,43.804342]],[[125.262557,43.804925],[125.262541,43.804791],[125.262578,43.804623],[125.262659,43.804495],[125.262539,43.804331],[125.262613,43.804224],[125.26262,43.803969],[125.262754,43.803903],[125.262816,43.803897],[125.263018,43.80394]],[[125.262385,43.804957],[125.262557,43.804925],[125.262582,43.804976],[125.262671,43.805018],[125.262971,43.805021]],[[125.263816,43.806102],[125.263726,43.806017],[125.263545,43.805743],[125.263528,43.805674],[125.263541,43.805615],[125.263686,43.805514],[125.263703,43.805479],[125.263678,43.805358],[125.263639,43.805322],[125.263376,43.805242],[125.263301,43.805125],[125.263073,43.805082],[125.262971,43.805021],[125.262897,43.804944],[125.262869,43.804864],[125.262864,43.804807],[125.262924,43.804796]],[[125.263286,43.806286],[125.263233,43.806196],[125.263235,43.806045]],[[125.262502,43.806363],[125.262589,43.806323]],[[125.262481,43.806236],[125.262522,43.806092]],[[125.26348,43.806265],[125.263436,43.806161],[125.263239,43.805965]],[[125.262987,43.80614],[125.26294,43.806077]],[[125.262951,43.806154],[125.263142,43.80642]],[[125.262407,43.806306],[125.262589,43.80628],[125.263521,43.805935],[125.263481,43.805874]],[[125.263986,43.805891],[125.263877,43.805835],[125.263835,43.805679],[125.263882,43.80555],[125.263927,43.805525],[125.264006,43.805538]],[[125.262406,43.806254],[125.262589,43.806209],[125.264012,43.805692]],[[125.262589,43.806492],[125.262553,43.806475],[125.262551,43.806419],[125.262482,43.806341],[125.262407,43.806341]],[[125.262753,43.806564],[125.262589,43.806492],[125.262589,43.806089],[125.262404,43.806098]],[[125.263029,43.807364],[125.262869,43.807289],[125.262994,43.807069],[125.262753,43.806939],[125.262753,43.806564],[125.262976,43.806652]],[[125.263285,43.806969],[125.263029,43.807364],[125.262935,43.807538],[125.26292,43.807632],[125.262925,43.807753],[125.263148,43.808639],[125.263135,43.808918],[125.263017,43.809209]],[[125.26316,43.806871],[125.263133,43.806917],[125.263409,43.807011]],[[125.262412,43.806618],[125.26316,43.806871],[125.263203,43.8068],[125.263435,43.806713]],[[125.263627,43.802744],[125.263853,43.802763],[125.263922,43.802798],[125.263925,43.803013],[125.263884,43.803131],[125.263815,43.803216],[125.263272,43.803748],[125.263226,43.803872],[125.263164,43.804293],[125.263172,43.804411],[125.263212,43.80454],[125.26339,43.804755],[125.263525,43.80484],[125.264273,43.805147],[125.264356,43.805294],[125.264367,43.805708],[125.264031,43.806345],[125.263508,43.806623],[125.263426,43.806737],[125.263432,43.806787],[125.263512,43.806854],[125.26331,43.807164],[125.263174,43.807142]],[[125.262661,43.807555],[125.262759,43.807144],[125.262976,43.806652],[125.263089,43.806479],[125.263286,43.806286],[125.263441,43.806276],[125.263572,43.80624],[125.263715,43.806178],[125.263816,43.806102],[125.263907,43.806016],[125.263986,43.805891],[125.264013,43.805729],[125.264005,43.805498],[125.263968,43.805369],[125.26387,43.80526],[125.263768,43.805175],[125.263532,43.805064],[125.263229,43.805051],[125.263113,43.805024],[125.263021,43.80497],[125.262956,43.804892],[125.262924,43.804796],[125.26295,43.804142],[125.262997,43.80399],[125.263068,43.803825],[125.263361,43.803388],[125.263503,43.802903],[125.263639,43.802804],[125.263627,43.802744],[125.263435,43.802602]],[[125.262446,43.809101],[125.262631,43.809099]],[[125.262428,43.807702],[125.26253,43.807704],[125.262554,43.807844],[125.262608,43.807872],[125.262688,43.807871],[125.262739,43.807746],[125.262715,43.807584],[125.262661,43.807555],[125.262571,43.807576],[125.26253,43.807704]],[[125.262605,43.809211],[125.262652,43.809009],[125.262735,43.808819],[125.262889,43.808642],[125.262837,43.808487],[125.262832,43.808229],[125.262688,43.807871]],[[125.262172,43.809192],[125.262484,43.80919],[125.262496,43.809483]],[[125.263955,43.809438],[125.263207,43.809462]],[[125.264512,43.809483],[125.264216,43.809439],[125.263955,43.809438]],[[125.26317,43.809208],[125.263945,43.809186]],[[125.263945,43.809186],[125.264277,43.809193]],[[125.263937,43.802492],[125.263234,43.80253],[125.262563,43.802533],[125.26244,43.80258],[125.262365,43.802658],[125.262353,43.802719],[125.262447,43.809146],[125.262484,43.80919],[125.262605,43.809211],[125.26317,43.809208]],[[125.277847,43.829689],[125.275553,43.829656],[125.274878,43.829701],[125.274253,43.829807],[125.273717,43.829824],[125.272911,43.829799]],[[125.278242,43.829695],[125.277847,43.829689]],[[125.280526,43.829437],[125.280515,43.829713]],[[125.278866,43.829701],[125.278869,43.829429]],[[125.278871,43.829299],[125.278518,43.829297]],[[125.280372,43.828896],[125.280774,43.828897]],[[125.280588,43.828308],[125.280943,43.8284],[125.280776,43.828768],[125.28077,43.829304],[125.28048,43.829308]],[[125.280373,43.829012],[125.280372,43.828725],[125.280715,43.828052]],[[125.279941,43.82919],[125.279946,43.829011]],[[125.279521,43.829188],[125.279545,43.829009]],[[125.272352,43.809671],[125.272312,43.809647]],[[125.274278,43.810626],[125.274103,43.810578]],[[125.274368,43.810646],[125.274278,43.810626]],[[125.275497,43.8105],[125.275532,43.810373],[125.275372,43.810218],[125.27525,43.810179],[125.275172,43.810188]],[[125.275033,43.810074],[125.274898,43.810105],[125.274819,43.810066],[125.274755,43.809992],[125.274716,43.809988],[125.274591,43.810037],[125.274548,43.809986],[125.274552,43.809931]],[[125.27542,43.811924],[125.27529,43.812148],[125.275565,43.81223]],[[125.275885,43.81132],[125.274897,43.811247]],[[125.273383,43.810119],[125.273445,43.810046],[125.273456,43.809943],[125.27342,43.809857]],[[125.273636,43.811178],[125.273647,43.811104]],[[125.274808,43.809838],[125.274792,43.809704],[125.274963,43.809723]],[[125.274331,43.80993],[125.274415,43.809844],[125.274521,43.809797],[125.274687,43.809878]],[[125.274601,43.809935],[125.274728,43.809861],[125.274912,43.809834]],[[125.275063,43.810093],[125.275063,43.809944],[125.274912,43.809834],[125.274996,43.8096]],[[125.274665,43.810812],[125.27467,43.810768]],[[125.274565,43.81062],[125.274619,43.810741],[125.274696,43.810767],[125.274761,43.810682],[125.274733,43.810601]],[[125.27441,43.810953],[125.274542,43.81093],[125.274604,43.810818],[125.274665,43.810812],[125.2747,43.81082],[125.274748,43.81089],[125.274835,43.810931],[125.274936,43.81106],[125.274983,43.811083]],[[125.274995,43.810495],[125.275141,43.810491],[125.275248,43.810437],[125.275369,43.810437]],[[125.274913,43.810248],[125.27513,43.810148]],[[125.272685,43.81056],[125.272793,43.81051]],[[125.274368,43.810646],[125.274836,43.810578],[125.274976,43.810513],[125.275045,43.810425],[125.275028,43.810339],[125.274913,43.810248],[125.274608,43.810164],[125.274496,43.810152],[125.274377,43.810172]],[[125.274338,43.810128],[125.274352,43.81006],[125.274247,43.810005]],[[125.273821,43.810458],[125.27404,43.810241],[125.27407,43.810102],[125.274259,43.809926],[125.274253,43.810063],[125.274377,43.810172],[125.274142,43.810322],[125.274001,43.810554],[125.273855,43.810652],[125.273776,43.810817],[125.273517,43.810983],[125.273528,43.811064],[125.273595,43.811098],[125.273749,43.811088],[125.274104,43.811149],[125.274342,43.811131],[125.274399,43.811063],[125.27441,43.810953],[125.274368,43.810646]],[[125.273573,43.81041],[125.273821,43.810458],[125.273885,43.810551]],[[125.274103,43.810578],[125.274001,43.810554],[125.273711,43.810543],[125.273649,43.810513],[125.273579,43.810446],[125.273529,43.810297],[125.27345,43.810242],[125.273358,43.810087],[125.273072,43.809987],[125.27294,43.809971]],[[125.27297,43.810487],[125.273088,43.81064],[125.27315,43.810672],[125.273336,43.810613],[125.273432,43.810559],[125.273573,43.81041]],[[125.272806,43.810832],[125.272988,43.810691],[125.273051,43.810576]],[[125.272807,43.810408],[125.272774,43.810448],[125.272793,43.81051],[125.272893,43.810536],[125.272953,43.810509],[125.272975,43.810461],[125.272946,43.810412],[125.272878,43.81039],[125.272807,43.810408]],[[125.271494,43.809006],[125.271524,43.809069],[125.271663,43.809141]],[[125.271443,43.809242],[125.271476,43.80914],[125.271608,43.809179]],[[125.272056,43.809273],[125.272005,43.809173]],[[125.272117,43.809308],[125.272056,43.809273],[125.271941,43.809267],[125.271909,43.809234],[125.272025,43.809161],[125.272071,43.80909]],[[125.272116,43.809441],[125.272134,43.809395],[125.272101,43.809318],[125.272173,43.809274],[125.272193,43.809224],[125.272272,43.809188]],[[125.271036,43.810959],[125.271232,43.810948],[125.27135,43.810976],[125.27159,43.811048],[125.271578,43.811098]],[[125.272106,43.811064],[125.272003,43.811087],[125.271759,43.81106],[125.271684,43.811071],[125.271578,43.811098],[125.271466,43.811185],[125.271411,43.811187],[125.271026,43.811099],[125.270974,43.811031],[125.27085,43.810994],[125.270837,43.810944],[125.27088,43.810892],[125.270928,43.810882],[125.271036,43.810959],[125.271158,43.810769]],[[125.271565,43.809966],[125.271546,43.809863]],[[125.27149,43.809962],[125.271546,43.809863]],[[125.271415,43.809909],[125.271546,43.809863]],[[125.271643,43.809934],[125.271529,43.809969],[125.271442,43.809939],[125.271415,43.809909],[125.27143,43.809831]],[[125.271401,43.809822],[125.271666,43.809897]],[[125.27131,43.810121],[125.271553,43.810194],[125.271763,43.810221],[125.271894,43.810172],[125.27217,43.810122]],[[125.270988,43.810003],[125.271165,43.810061]],[[125.271171,43.810052],[125.271222,43.810026],[125.271285,43.810033],[125.271324,43.810073],[125.27131,43.810121],[125.271252,43.810146],[125.271189,43.810134],[125.271158,43.810095],[125.271171,43.810052]],[[125.271926,43.809212],[125.271683,43.809138],[125.271616,43.809159],[125.271613,43.809214],[125.271728,43.809262],[125.271737,43.809301],[125.271285,43.810033]],[[125.270955,43.809605],[125.272186,43.809964],[125.272267,43.809972]],[[125.271168,43.80912],[125.27127,43.809185],[125.271716,43.80934],[125.272238,43.809472],[125.27246,43.809573]],[[125.271908,43.810669],[125.271683,43.810659],[125.271619,43.81062],[125.271545,43.810475],[125.271614,43.810111],[125.271583,43.810014],[125.271666,43.809897],[125.271841,43.80952],[125.271921,43.80947],[125.271963,43.809402]],[[125.272382,43.810955],[125.2724,43.810856],[125.272454,43.810809]],[[125.272184,43.810662],[125.272148,43.810622],[125.272169,43.810547],[125.272031,43.810483]],[[125.272363,43.810663],[125.272467,43.810615]],[[125.272113,43.810864],[125.272183,43.810875],[125.272263,43.810842],[125.272265,43.810778],[125.272191,43.810727],[125.272176,43.810683],[125.272218,43.810641],[125.272311,43.810618],[125.27236,43.810638],[125.272359,43.810727],[125.272405,43.810783],[125.272491,43.810822],[125.272581,43.810827],[125.272674,43.810873]],[[125.272207,43.810869],[125.272287,43.81095],[125.272382,43.810955],[125.272437,43.81098],[125.272487,43.81107],[125.272444,43.811213]],[[125.272598,43.80911],[125.272733,43.808938]],[[125.271834,43.808964],[125.272301,43.808812]],[[125.271834,43.808964],[125.271913,43.809033],[125.272289,43.809193],[125.272419,43.809177],[125.272539,43.809115],[125.272598,43.80911]],[[125.268185,43.818904],[125.268327,43.818944]],[[125.268214,43.818784],[125.268168,43.818899]],[[125.256253,43.821398],[125.256261,43.821299]],[[125.257481,43.822616],[125.257622,43.822605]],[[125.257333,43.821861],[125.257465,43.821848]],[[125.255699,43.822406],[125.256021,43.82266]],[[125.255692,43.822288],[125.25612,43.821965]],[[125.256621,43.822207],[125.256278,43.821968]],[[125.256199,43.822649],[125.256629,43.822319]]]}},{"type":"Feature","properties":{"highway":"service","name":"求实路","osm_way_ids":[245955245]},"geometry":{"type":"MultiLineString","coordinates":[[[125.282573,43.821866],[125.282545,43.821723],[125.282401,43.821558],[125.282251,43.821456],[125.281988,43.821392],[125.27619,43.821303],[125.266237,43.818232]]]}},{"type":"Feature","properties":{"highway":"service","name":"明志路","osm_way_ids":[245955247,1474158134]},"geometry":{"type":"MultiLineString","coordinates":[[[125.26635,43.820847],[125.267381,43.820865],[125.267512,43.820884],[125.2717,43.822209],[125.271597,43.822398],[125.271644,43.822486],[125.271722,43.822529],[125.272459,43.822755],[125.272577,43.822779],[125.272772,43.822753],[125.273535,43.824148],[125.273536,43.824266]],[[125.261731,43.818542],[125.26635,43.820847]]]}},{"type":"Feature","properties":{"highway":"service","name":"文苑路","osm_way_ids":[245955252]},"geometry":{"type":"MultiLineString","coordinates":[[[125.269847,43.822542],[125.271447,43.819844]]]}},{"type":"Feature","properties":{"highway":"tertiary","name":"致远街","osm_way_ids":[245955256]},"geometry":{"type":"MultiLineString","coordinates":[[[125.272709,43.829868],[125.273125,43.825081],[125.273228,43.824831],[125.273484,43.824413],[125.273536,43.824266]]]}},{"type":"Feature","properties":{"highway":"service","name":"创新路","osm_way_ids":[245955263]},"geometry":{"type":"MultiLineString","coordinates":[[[125.282573,43.821866],[125.282533,43.822018],[125.282462,43.822116],[125.282363,43.822193],[125.282108,43.822299],[125.281975,43.822312],[125.276348,43.822258],[125.276153,43.822217],[125.273445,43.821368]]]}},{"type":"Feature","properties":{"highway":"service","name":"鼎新南二路","osm_way_ids":[245955267]},"geometry":{"type":"MultiLineString","coordinates":[[[125.269766,43.822672],[125.267137,43.821565],[125.261395,43.818761]]]}},{"type":"Feature","properties":{"highway":"service","name":"西环路","osm_way_ids":[245955268]},"geometry":{"type":"MultiLineString","coordinates":[[[125.259647,43.821874],[125.258357,43.82125],[125.261395,43.818761],[125.261731,43.818542],[125.265468,43.815492]]]}},{"type":"Feature","properties":{"highway":"service","name":"清湖路","osm_way_ids":[245955270]},"geometry":{"type":"MultiLineString","coordinates":[[[125.264056,43.820062],[125.264963,43.819093],[125.265164,43.819027],[125.265506,43.818984],[125.265594,43.818941],[125.266237,43.818232],[125.266204,43.81613]]]}},{"type":"Feature","properties":{"highway":"service","name":"鼎新南一路","osm_way_ids":[245955279]},"geometry":{"type":"MultiLineString","coordinates":[[[125.262011,43.819901],[125.267859,43.822769]]]}},{"type":"Feature","properties":{"highway":"service","name":"北苑西路","osm_way_ids":[245955281]},"geometry":{"type":"MultiLineString","coordinates":[[[125.26635,43.820847],[125.266263,43.820885],[125.266091,43.821064],[125.262532,43.824926]]]}},{"type":"Feature","properties":{"highway":"service","name":"鼎新东路","osm_way_ids":[245955282]},"geometry":{"type":"MultiLineString","coordinates":[[[125.265717,43.820887],[125.262881,43.823965]]]}},{"type":"Feature","properties":{"highway":"service","name":"南环路","osm_way_ids":[245955290]},"geometry":{"type":"MultiLineString","coordinates":[[[125.26921,43.816356],[125.269674,43.815055],[125.269742,43.814994],[125.269856,43.815],[125.272468,43.816285],[125.27371,43.816863],[125.274562,43.817371],[125.275205,43.81757],[125.279944,43.819714],[125.280219,43.819766],[125.281009,43.819791],[125.28097,43.821375]]]}},{"type":"Feature","properties":{"highway":"service","name":"北苑东路","osm_way_ids":[245976525]},"geometry":{"type":"MultiLineString","coordinates":[[[125.264679,43.825973],[125.264771,43.82598],[125.264831,43.82595],[125.265744,43.824961],[125.265837,43.824787],[125.2665,43.82405],[125.26665,43.823937],[125.26682,43.823851],[125.267859,43.822769]]]}},{"type":"Feature","properties":{"highway":"footway","name":"π道","osm_way_ids":[246001810]},"geometry":{"type":"MultiLineString","coordinates":[[[125.281837,43.821322],[125.281884,43.820934],[125.281863,43.820801],[125.28193,43.820692],[125.281948,43.8206]]]}},{"type":"Feature","properties":{"highway":"tertiary","name":"林语路","osm_way_ids":[298036309]},"geometry":{"type":"MultiLineString","coordinates":[[[125.270076,43.804348],[125.276343,43.804326],[125.279556,43.804351],[125.287568,43.804348],[125.287912,43.804387],[125.288199,43.804453],[125.288408,43.804569],[125.28872,43.804846]]]}},{"type":"Feature","properties":{"highway":"tertiary","name":"翠语路","osm_way_ids":[298036311]},"geometry":{"type":"MultiLineString","coordinates":[[[125.289624,43.805125],[125.289784,43.805008],[125.290009,43.804904],[125.290299,43.80481],[125.290533,43.804782],[125.292469,43.804809],[125.292873,43.804864],[125.293543,43.805017],[125.294008,43.805183],[125.295912,43.806181],[125.296675,43.806549],[125.297497,43.806911],[125.301247,43.80845],[125.301783,43.80865],[125.302441,43.808823],[125.302986,43.808893],[125.30585,43.808914],[125.306432,43.809023],[125.306805,43.809178],[125.307073,43.809371],[125.307714,43.810238]]]}},{"type":"Feature","properties":{"highway":"tertiary","name":"泰景街","osm_way_ids":[298038112]},"geometry":{"type":"MultiLineString","coordinates":[[[125.282631,43.802212],[125.282646,43.807136]]]}},{"type":"Feature","properties":{"highway":"residential","name":"前东胡同","osm_way_ids":[299054404]},"geometry":{"type":"MultiLineString","coordinates":[[[125.285961,43.83023],[125.285876,43.83365],[125.286245,43.833766]]]}},{"type":"Feature","properties":{"highway":"tertiary","name":"前卫路","osm_way_ids":[299680465]},"geometry":{"type":"MultiLineString","coordinates":[[[125.273228,43.824831],[125.278329,43.827008],[125.278655,43.827175],[125.280251,43.827864],[125.281478,43.828361],[125.281728,43.828153],[125.281843,43.828087],[125.281956,43.828065],[125.283199,43.828074]]]}},{"type":"Feature","properties":{"highway":"secondary","name":"卫星路辅路","osm_way_ids":[299954023]},"geometry":{"type":"MultiLineString","coordinates":[[[125.273967,43.829913],[125.274638,43.829783],[125.275419,43.829703],[125.280632,43.829769],[125.285639,43.82977],[125.287906,43.829796],[125.289338,43.829845],[125.292865,43.8299],[125.301989,43.83],[125.307074,43.830009],[125.31328,43.83008]]]}},{"type":"Feature","properties":{"highway":"trunk","name":"西部快速路","osm_way_ids":[300596467,300596468,300596469,300596470,385966076,385966079,385966167,385966168,624538227,624538228]},"geometry":{"type":"MultiLineString","coordinates":[[[125.262778,43.863652],[125.263061,43.863305],[125.264352,43.862081],[125.265124,43.861419],[125.26668,43.860249],[125.267995,43.85932],[125.279609,43.850779],[125.281815,43.849104],[125.282168,43.848765],[125.282344,43.848549],[125.282505,43.848325],[125.282681,43.848002],[125.282926,43.847301],[125.282992,43.846833],[125.283301,43.835586]],[[125.283593,43.829671],[125.283573,43.830504]],[[125.283364,43.829665],[125.283381,43.829085]],[[125.283408,43.835928],[125.283249,43.839276],[125.283274,43.842829],[125.283138,43.846826],[125.283087,43.847315],[125.28298,43.847662],[125.282862,43.847959],[125.282481,43.84861],[125.282122,43.849014],[125.281943,43.849171],[125.279719,43.85085],[125.268086,43.859401],[125.266795,43.86029],[125.265216,43.861464],[125.264505,43.862046],[125.263177,43.863358],[125.262727,43.863969],[125.262513,43.864432],[125.262467,43.864723],[125.262484,43.865002],[125.262569,43.865289],[125.26266,43.865464],[125.262855,43.865739],[125.262981,43.865862],[125.263321,43.866124],[125.263615,43.866302]],[[125.283345,43.830492],[125.283364,43.829665]],[[125.283612,43.829096],[125.283593,43.829671]],[[125.283329,43.833441],[125.283345,43.830492]],[[125.283573,43.830504],[125.283468,43.83343]],[[125.283468,43.83343],[125.283408,43.835928]],[[125.283301,43.835586],[125.283329,43.833441]]]}},{"type":"Feature","properties":{"highway":"secondary_link","osm_way_ids":[300885850,905808329,1425961675,1474610895,1474610896,1474610897]},"geometry":{"type":"MultiLineString","coordinates":[[[125.285483,43.816333],[125.285589,43.816238],[125.285659,43.816205],[125.285757,43.816196],[125.28589,43.816241],[125.285946,43.816288],[125.285969,43.816348],[125.285946,43.816457]],[[125.289602,43.808054],[125.289743,43.808185],[125.289897,43.808235],[125.289757,43.808296],[125.289603,43.808455]],[[125.270084,43.809645],[125.26984,43.809644]],[[125.286497,43.815686],[125.286422,43.815742],[125.286274,43.815792],[125.286164,43.815791],[125.286009,43.81575],[125.285892,43.815641],[125.285867,43.815489]],[[125.284334,43.817857],[125.284447,43.817853],[125.284631,43.817793]],[[125.284564,43.818076],[125.284523,43.818],[125.284334,43.817857]]]}},{"type":"Feature","properties":{"highway":"residential","name":"富强街","osm_way_ids":[301459736]},"geometry":{"type":"MultiLineString","coordinates":[[[125.287347,43.843357],[125.287486,43.8361]]]}},{"type":"Feature","properties":{"highway":"residential","name":"南湖新村中胡同","osm_way_ids":[303316734]},"geometry":{"type":"MultiLineString","coordinates":[[[125.296674,43.841548],[125.296734,43.837852],[125.296766,43.837419]]]}},{"type":"Feature","properties":{"highway":"unclassified","name":"星火北二路","osm_way_ids":[303471477]},"geometry":{"type":"MultiLineString","coordinates":[[[125.291033,43.823403],[125.28825,43.823353]]]}},{"type":"Feature","properties":{"highway":"residential","name":"卫民街","osm_way_ids":[303471479]},"geometry":{"type":"MultiLineString","coordinates":[[[125.285986,43.824684],[125.285901,43.82743],[125.285886,43.827598],[125.285739,43.827731],[125.285687,43.827818],[125.285665,43.827954],[125.285639,43.82977]]]}},{"type":"Feature","properties":{"highway":"residential","name":"靖宇路","osm_way_ids":[303474961]},"geometry":{"type":"MultiLineString","coordinates":[[[125.283011,43.834522],[125.278151,43.832383]]]}},{"type":"Feature","properties":{"highway":"trunk","osm_way_ids":[385966055,385966056,385966060,624538230,1255815758,1255815760,1255815761]},"geometry":{"type":"MultiLineString","coordinates":[[[125.286376,43.830173],[125.285978,43.830277],[125.284983,43.83036],[125.28464,43.830442],[125.284392,43.830553],[125.284155,43.8307],[125.283999,43.830867],[125.283876,43.831076],[125.283787,43.831403],[125.283745,43.833418],[125.283629,43.834237],[125.283554,43.835432],[125.283408,43.835928]],[[125.285373,43.829886],[125.28973,43.830004],[125.292218,43.830131]],[[125.279105,43.830023],[125.282185,43.830064],[125.282741,43.830057],[125.283704,43.83],[125.283983,43.830009],[125.284258,43.830128],[125.28438,43.830226],[125.284475,43.830363],[125.284541,43.830584],[125.284504,43.830718],[125.284426,43.83084]],[[125.283301,43.835586],[125.283152,43.835226],[125.283165,43.834342],[125.283098,43.833666],[125.283105,43.832449]],[[125.284426,43.83084],[125.284045,43.831299],[125.283778,43.831822]],[[125.283105,43.832449],[125.282825,43.83138],[125.282838,43.831135],[125.282891,43.830947]],[[125.282891,43.830947],[125.283071,43.830609],[125.283231,43.830433],[125.283459,43.830251],[125.283792,43.830074],[125.284214,43.82994],[125.284506,43.829896],[125.285373,43.829886]]]}},{"type":"Feature","properties":{"highway":"tertiary","name":"翠柳路","osm_way_ids":[395702807]},"geometry":{"type":"MultiLineString","coordinates":[[[125.289623,43.806127],[125.292075,43.806121],[125.292637,43.806183],[125.293458,43.806361],[125.298772,43.808523]]]}},{"type":"Feature","properties":{"highway":"service","name":"鼎新北路","osm_way_ids":[655283518]},"geometry":{"type":"MultiLineString","coordinates":[[[125.262881,43.823965],[125.259325,43.82224]]]}},{"type":"Feature","properties":{"highway":"service","name":"鼎新西路","osm_way_ids":[655417587]},"geometry":{"type":"MultiLineString","coordinates":[[[125.262634,43.819367],[125.26104,43.820737],[125.259545,43.822345]]]}},{"type":"Feature","properties":{"name":"永春河","waterway":"river","osm_way_ids":[686057326]},"geometry":{"type":"MultiLineString","coordinates":[[[125.268482,43.785637],[125.267928,43.786612],[125.266644,43.787888],[125.265663,43.788765],[125.265169,43.789251],[125.264761,43.78971],[125.264609,43.790068],[125.264601,43.790428],[125.264673,43.790773],[125.264912,43.791003],[125.26529,43.791185],[125.2657,43.791427],[125.265976,43.791677],[125.2663,43.792468],[125.266457,43.792674],[125.266851,43.792964],[125.266945,43.793114],[125.266962,43.793273],[125.266886,43.79346],[125.26662,43.793865],[125.266604,43.794517],[125.266749,43.79481],[125.266961,43.795135],[125.267106,43.795458],[125.267149,43.79596],[125.267071,43.796289],[125.266789,43.796599],[125.266392,43.796715],[125.265351,43.796825],[125.265014,43.796924],[125.264799,43.797059],[125.264777,43.798004],[125.264649,43.798202],[125.264442,43.798397],[125.264112,43.798645],[125.263884,43.799086],[125.264169,43.799905],[125.264206,43.800345],[125.264155,43.801173],[125.264418,43.802608],[125.264295,43.803231],[125.264109,43.803688],[125.264083,43.804081],[125.264126,43.804451],[125.26433,43.804787],[125.264708,43.805188],[125.264871,43.805542],[125.26485,43.805844],[125.264711,43.806106],[125.264152,43.806661],[125.26369,43.807195],[125.26352,43.807484],[125.263422,43.807807],[125.26354,43.809026],[125.263466,43.809532],[125.263432,43.809599],[125.263176,43.809768],[125.262972,43.810031],[125.262523,43.810725],[125.261944,43.811171],[125.260663,43.812375],[125.259861,43.812673],[125.25954,43.813106],[125.259362,43.813487],[125.259282,43.815025],[125.258525,43.816071],[125.258445,43.816232],[125.258414,43.816409],[125.258443,43.81661],[125.258535,43.816806],[125.259075,43.817335],[125.259231,43.817561],[125.259327,43.817917],[125.259318,43.818117],[125.259266,43.818307],[125.25915,43.81854],[125.258969,43.818749],[125.258716,43.818938],[125.258414,43.819092],[125.256806,43.819563],[125.255187,43.820077],[125.252914,43.82118],[125.252621,43.821365],[125.252309,43.821614],[125.252117,43.821847],[125.251876,43.822255],[125.251645,43.822744],[125.251294,43.823294],[125.250778,43.823899],[125.250137,43.82449],[125.249687,43.824842],[125.249244,43.825136],[125.248832,43.825367],[125.248355,43.82562],[125.247711,43.825893],[125.247085,43.826115],[125.246536,43.826276],[125.246058,43.826388],[125.244365,43.826659],[125.24398,43.826752],[125.243575,43.826937],[125.241147,43.828294],[125.240153,43.828782],[125.239853,43.828888],[125.239538,43.828963],[125.23915,43.829032],[125.238743,43.82906],[125.238339,43.829035],[125.237891,43.828975],[125.237585,43.828914],[125.237179,43.828785],[125.229343,43.825478],[125.228776,43.825262],[125.228279,43.825142],[125.227783,43.825056],[125.227058,43.824991],[125.226242,43.825006],[125.225625,43.825093],[125.225144,43.825192],[125.224613,43.825347],[125.224029,43.825594],[125.223514,43.825882],[125.223084,43.826176],[125.222755,43.826445],[125.221618,43.827208],[125.220835,43.827578],[125.220652,43.827711],[125.220134,43.828017],[125.219594,43.828206],[125.216437,43.828316],[125.214882,43.828268],[125.214419,43.828176],[125.213783,43.827694],[125.212949,43.826845],[125.212752,43.826721],[125.212607,43.826698],[125.211457,43.826689],[125.211256,43.826664],[125.211119,43.826704],[125.210881,43.826724],[125.209971,43.827057],[125.209524,43.827106],[125.209022,43.826954],[125.208695,43.826801],[125.207996,43.826601],[125.206944,43.826459],[125.20605,43.826501],[125.205007,43.826721],[125.204301,43.826713],[125.203648,43.826736],[125.201487,43.826308],[125.200474,43.826236],[125.199602,43.826236],[125.197273,43.826131],[125.195927,43.826022],[125.193885,43.825948],[125.193496,43.82597],[125.193192,43.826053]]]}},{"type":"Feature","properties":{"highway":"tertiary","name":"汇集一街","osm_way_ids":[696027406]},"geometry":{"type":"MultiLineString","coordinates":[[[125.240228,43.832493],[125.244588,43.835889],[125.24499,43.836161],[125.245843,43.836476]]]}},{"type":"Feature","properties":{"highway":"tertiary","name":"泰瑞街","osm_way_ids":[696154832]},"geometry":{"type":"MultiLineString","coordinates":[[[125.276343,43.804326],[125.276335,43.805035],[125.276378,43.805353],[125.27649,43.805633],[125.276641,43.805842],[125.276874,43.806071],[125.277191,43.806242],[125.277674,43.806396],[125.278121,43.806475],[125.278763,43.806472],[125.27947,43.806406]]]}},{"type":"Feature","properties":{"highway":"tertiary","name":"泰居街","osm_way_ids":[704143434]},"geometry":{"type":"MultiLineString","coordinates":[[[125.273259,43.802286],[125.273259,43.804328]]]}},{"type":"Feature","properties":{"highway":"residential","name":"澜溪路","osm_way_ids":[905808330]},"geometry":{"type":"MultiLineString","coordinates":[[[125.289897,43.808235],[125.292906,43.808241]]]}},{"type":"Feature","properties":{"highway":"residential","name":"彩溪街","osm_way_ids":[905808331]},"geometry":{"type":"MultiLineString","coordinates":[[[125.292887,43.810008],[125.292916,43.806244]]]}},{"type":"Feature","properties":{"building":"yes","name":"前进西","railway":"station","osm_way_ids":[1255815753]},"geometry":{"type":"MultiLineString","coordinates":[[[125.279957,43.829778],[125.279957,43.829805],[125.280065,43.829805],[125.280065,43.829778],[125.279957,43.829778]]]}},{"type":"Feature","properties":{"highway":"residential","name":"卫北胡同","osm_way_ids":[1255815762]},"geometry":{"type":"MultiLineString","coordinates":[[[125.283974,43.831851],[125.285905,43.831881]]]}},{"type":"Feature","properties":{"highway":"unclassified","name":"天河街","osm_way_ids":[1286056132]},"geometry":{"type":"MultiLineString","coordinates":[[[125.278292,43.818064],[125.279798,43.818748],[125.280431,43.81895],[125.280764,43.819012],[125.281429,43.819033],[125.281599,43.818975],[125.282535,43.817311]]]}},{"type":"Feature","properties":{"highway":"steps","osm_way_ids":[1286482211,1286482212,1419124391,1419124392,1419124404,1421291633,1421291637,1473651072,1473751434,1473759461,1473764120,1474041553,1474041575,1474041577,1474041583]},"geometry":{"type":"MultiLineString","coordinates":[[[125.261963,43.825064],[125.262351,43.825034]],[[125.261713,43.825663],[125.261589,43.825324]],[[125.267946,43.813649],[125.268529,43.813925]],[[125.268073,43.813549],[125.268636,43.813808]],[[125.270584,43.813862],[125.271095,43.813773]],[[125.268865,43.815214],[125.268838,43.815124]],[[125.268316,43.813345],[125.268493,43.813445],[125.268599,43.813547],[125.26861,43.813691],[125.268698,43.81374]],[[125.277124,43.820988],[125.277129,43.820766]],[[125.274846,43.818487],[125.274555,43.8184]],[[125.271614,43.819564],[125.271717,43.819397]],[[125.278642,43.823064],[125.27864,43.823328]],[[125.262484,43.82191],[125.262283,43.822132]],[[125.26068,43.821601],[125.26071,43.821615],[125.260769,43.821549],[125.260799,43.821563]],[[125.260618,43.821755],[125.260589,43.821741],[125.260648,43.821677],[125.260621,43.821665]],[[125.261691,43.82278],[125.261868,43.822593]]]}},{"type":"Feature","properties":{"highway":"secondary","name":"硅谷大街","osm_way_ids":[1434987967,1434987968]},"geometry":{"type":"MultiLineString","coordinates":[[[125.25775,43.823082],[125.258088,43.82315],[125.260492,43.824322],[125.264443,43.826293]],[[125.261786,43.82542],[125.257966,43.823563],[125.2577,43.823309]]]}},{"type":"Feature","properties":{"highway":"path","osm_way_ids":[1473632438,1473632446,1473771036,1473771042,1473779980,1473798929,1473814465,1473814477,1473814486,1473814508,1474472081,1474472082,1474472084,1474472085]},"geometry":{"type":"MultiLineString","coordinates":[[[125.274288,43.821498],[125.274146,43.821242]],[[125.273887,43.820883],[125.273945,43.82097]],[[125.273993,43.822699],[125.274237,43.822665],[125.274547,43.822571]],[[125.273988,43.820976],[125.273989,43.821107]],[[125.269772,43.818731],[125.269774,43.8186],[125.269845,43.818476]],[[125.270599,43.821952],[125.270904,43.822137]],[[125.270157,43.817513],[125.270242,43.817686],[125.270253,43.817767]],[[125.270162,43.818283],[125.27014,43.818116]],[[125.271453,43.817724],[125.27186,43.817026]],[[125.270487,43.816807],[125.270316,43.816538]],[[125.258578,43.813665],[125.258504,43.813663],[125.258346,43.813612]],[[125.258307,43.813948],[125.257863,43.813972]],[[125.257872,43.812996],[125.258029,43.812968]],[[125.258167,43.814251],[125.25835,43.814295]]]}},{"type":"Feature","properties":{"highway":"construction","name":"励志路","osm_way_ids":[1473751435]},"geometry":{"type":"MultiLineString","coordinates":[[[125.274562,43.817371],[125.273576,43.819063]]]}},{"type":"Feature","properties":{"highway":"pedestrian","osm_way_ids":[1473779975,1474771950,1474771951,1474771952]},"geometry":{"type":"MultiLineString","coordinates":[[[125.270122,43.818353],[125.269599,43.819215]],[[125.278985,43.829186],[125.278988,43.82905],[125.279111,43.828927],[125.279544,43.828926],[125.279545,43.829009],[125.280373,43.829012],[125.280371,43.829191]],[[125.278869,43.829429],[125.280526,43.829437]],[[125.278869,43.829429],[125.278871,43.829299],[125.278985,43.829186],[125.280371,43.829191],[125.280529,43.82936],[125.280526,43.829437]]]}},{"type":"Feature","properties":{"highway":"service","name":"图强路","osm_way_ids":[1473798977]},"geometry":{"type":"MultiLineString","coordinates":[[[125.267512,43.820884],[125.26849,43.818336],[125.26921,43.816356]]]}},{"type":"Feature","properties":{"highway":"construction","osm_way_ids":[1473814484]},"geometry":{"type":"MultiLineString","coordinates":[[[125.271563,43.817799],[125.272468,43.816285]]]}},{"type":"Feature","properties":{"highway":"service","name":"鼎新南路","osm_way_ids":[1474041528]},"geometry":{"type":"MultiLineString","coordinates":[[[125.259767,43.8201],[125.264369,43.822349]]]}},{"type":"Feature","properties":{"highway":"service","name":"晏湖路","osm_way_ids":[1474158135]},"geometry":{"type":"MultiLineString","coordinates":[[[125.280955,43.822298],[125.280914,43.824244],[125.280886,43.8243]]]}},{"type":"Feature","properties":{"highway":"service","name":"励志路","osm_way_ids":[1474158136]},"geometry":{"type":"MultiLineString","coordinates":[[[125.273576,43.819063],[125.2717,43.822209]]]}},{"type":"Feature","properties":{"highway":"service","name":"北环路","osm_way_ids":[1474158137]},"geometry":{"type":"MultiLineString","coordinates":[[[125.259647,43.821874],[125.258667,43.822955],[125.258657,43.823009],[125.258682,43.823035],[125.264679,43.825973]]]}},{"type":"Feature","properties":{"highway":"tertiary","name":"学海街","osm_way_ids":[1474472158]},"geometry":{"type":"MultiLineString","coordinates":[[[125.257473,43.816146],[125.257487,43.80943]]]}},{"type":"Feature","properties":{"highway":"tertiary","name":"星火路","osm_way_ids":[1474610762]},"geometry":{"type":"MultiLineString","coordinates":[[[125.283638,43.819724],[125.284062,43.819826],[125.291117,43.819905]]]}},{"type":"Feature","properties":{"highway":"tertiary","name":"创建街","osm_way_ids":[1474679077]},"geometry":{"type":"MultiLineString","coordinates":[[[125.249911,43.809772],[125.24981,43.803058],[125.249786,43.802968],[125.249616,43.802692],[125.249377,43.802397],[125.249199,43.802019]]]}},{"type":"Feature","properties":{"highway":"tertiary_link","name":"尚美路","osm_way_ids":[1474679098,1474679099]},"geometry":{"type":"MultiLineString","coordinates":[[[125.251352,43.817224],[125.251247,43.81732],[125.251188,43.817457]],[[125.251041,43.817316],[125.251352,43.817224]]]}},{"type":"Feature","properties":{"highway":"tertiary","name":"尚美路","osm_way_ids":[1474679100]},"geometry":{"type":"MultiLineString","coordinates":[[[125.251352,43.817224],[125.251853,43.816953]]]}},{"type":"Feature","properties":{"highway":"unclassified","name":"星火北一路","osm_way_ids":[1474679130]},"geometry":{"type":"MultiLineString","coordinates":[[[125.288278,43.822308],[125.291065,43.822343]]]}},{"type":"Feature","properties":{"highway":"tertiary","name":"桦甸街","osm_way_ids":[1474771920,1474771921]},"geometry":{"type":"MultiLineString","coordinates":[[[125.267398,43.837082],[125.267312,43.837236],[125.267275,43.837665],[125.267299,43.837957],[125.267264,43.839797],[125.267226,43.840828],[125.267194,43.841292],[125.26714,43.8416]],[[125.26714,43.8416],[125.267092,43.84129],[125.267127,43.838439],[125.267185,43.83734],[125.267239,43.837142],[125.267289,43.837066]]]}}],"license":"https://opendatacommons.org/licenses/odbl/1-0/","attribution":"© OpenStreetMap contributors"}